episode,mean_reward_return,sample_std,CI95_lower,CI95_upper,mean_trailing_5,seed42_reward_return,seed42_trailing_5,seed2027_reward_return,seed2027_trailing_5,seed314159_reward_return,seed314159_trailing_5
1,-522.4295388277133,111.16144731043843,-798.5698821947057,-246.28919546072086,-522.4295388277133,-510.0493482017226,-510.0493482017226,-417.9764439833406,-417.9764439833406,-639.2628242980765,-639.2628242980765
2,-261.090327520728,25.334060178301886,-324.0236218037668,-198.15703323768923,-391.75993317422063,-261.80176203451686,-385.92555511811975,-235.408043168839,-326.69224357608977,-286.0611773588282,-462.66200082845234
3,-356.20492905277587,34.34479847737817,-441.52213815610486,-270.8877199494469,-379.908265133739,-359.62513475434884,-377.15874833019615,-320.2779907672079,-324.55415930646245,-388.7116616367707,-438.0118877645585
4,-228.47528682758934,28.683386694071963,-299.7287694177308,-157.22180423744788,-342.0500205572016,-214.7326419917514,-336.5522217455849,-261.4443382066397,-308.77670403150677,-209.2488802843769,-380.8211358945131
5,-445.36444256138685,82.30179252651077,-649.8134291288326,-240.91545599394115,-362.7129049580386,-422.5770667054215,-353.7571907375522,-376.8573377569063,-322.39283077658666,-536.6589232218328,-411.988693359977
6,-268.9085236019276,92.55646335367948,-498.831524693687,-38.985522510168124,-312.0087019128815,-357.9857509706306,-323.34447129133383,-173.22663487804326,-273.4428689555273,-275.5131849571089,-339.2387654917835
7,-186.60190436188188,126.65308732812007,-501.2256149151051,128.0218061913413,-297.1110172811123,-242.90907132039462,-319.5659331485093,-41.55892127096679,-234.6730445759528,-275.3377204942842,-337.09407411887474
8,-239.7192889804694,91.53849122150163,-467.11350710907993,-12.325070851858897,-273.813889266651,-331.6899629496242,-313.97889878756445,-238.84871368598073,-218.38718915970736,-148.61919030580322,-289.0755798526812
9,-237.53538254063764,140.32303482638645,-586.1171251932285,111.04636011195325,-275.62590840926066,-99.48738063628464,-290.9298465164711,-233.09091419782288,-212.716504357944,-380.02785278780544,-323.2313743533669
10,-233.92860079825815,66.41804054616432,-398.9201600657524,-68.9370415307639,-233.33874005663492,-166.29609663091858,-239.6736525015705,-299.0616118942048,-197.1573591854037,-236.42809386965104,-263.18520848293053
11,-183.79806121727404,107.25940398123636,-450.2451915969472,82.64906916239914,-216.3166475797042,-285.00241309497375,-225.07698492643917,-195.02499746007464,-201.51703170181,-71.36677309677373,-222.3559261108635
12,-371.7966776111479,55.39720725803209,-509.41096929164985,-234.18238593064595,-253.3556022295574,-322.8576982468314,-241.0667103117265,-431.9394457531508,-279.59313659824676,-360.59288883346153,-239.406959778699
13,-261.88654147820995,15.79931783452445,-301.1342227323577,-222.6388602240622,-257.7890527291055,-260.0097556934489,-226.73066886049145,-278.54042673878917,-287.5314792088085,-247.10944200239177,-259.10501011801665
14,-280.89064727753095,141.1394250495802,-631.500415671138,69.71912111607611,-266.4601056764842,-119.35258736542852,-230.70371020632018,-380.35268938255314,-316.9838342457545,-342.9666650846111,-251.69277257737787
15,-278.02174617891325,98.07212240699478,-521.6464039306857,-34.3970884271408,-275.27873475261515,-278.62625715086375,-253.16974231030923,-375.7902157757892,-332.32955502207136,-179.64876561008697,-240.33690692546503
16,-223.64555317416702,20.827636151174996,-275.3842695858611,-171.90683676247295,-283.2482331439938,-199.70292895863636,-236.10984548304177,-237.5798953125599,-340.8405345925684,-233.65383525130477,-272.79431935637126
17,-308.146013081707,82.19385426145128,-512.3268661343675,-103.96516002904653,-270.5181002381056,-353.35180198604235,-242.20866623088395,-213.27170543244458,-297.1069865284272,-357.814531826634,-272.2386479550058
18,-73.60102609443935,259.6175353092876,-718.5267362121677,571.324684023289,-232.8609971613515,194.1612540442007,-151.37446428335406,-324.22455624245583,-306.2438124291605,-90.73977608506291,-240.96471477153995
19,-186.03835170044417,37.738109870803314,-279.78501360420967,-92.29168979667868,-213.89053804593414,-146.11787995537438,-156.72752280134324,-190.86809226188174,-268.34689300502623,-221.12908288407633,-216.597198331433
20,-319.3746826728398,134.6711195568052,-653.9162894601184,15.166924114438757,-222.1611253447195,-218.21171666321538,-144.64461470381355,-472.23446823388826,-287.63574349664606,-267.6778631214159,-234.20301783369877
21,-232.23121495247383,133.00937207840326,-562.6448121610929,98.18238225614519,-223.87825770038086,-78.64606359730385,-120.43324163154705,-308.58331009896966,-301.836426453928,-309.46427116114796,-249.3651050156674
22,-114.15911458771741,97.12859448801515,-355.4399190537751,127.12168987834029,-185.0808780015829,-158.0737228817447,-81.37762581068753,-2.8284684924253853,-259.7477790659242,-181.57515238898222,-214.11722912813707
23,-129.68549554186498,65.12699287022069,-291.4699145897594,32.09892350602945,-196.29777189106804,-143.74293602685995,-148.95846382489967,-58.67774376890515,-206.63841657121407,-186.63580682982982,-233.29643527709044
24,-170.161380119451,27.775954399752553,-239.16067592632874,-101.16208431257327,-193.1223775748694,-201.6570297045728,-160.06629377473934,-159.65966681308123,-200.39673148145394,-149.167443840699,-218.904107468415
25,-457.5370600901672,165.54028223751442,-868.7619180256353,-46.312202154699094,-220.7548530583349,-476.10501568712556,-211.64495357952137,-613.0105049226213,-228.55193881920053,-283.4956596607547,-222.06766677628275
26,-301.574897541278,127.17312038664072,-617.4904418265778,14.34064674402174,-234.62358957609572,-435.74056075085343,-283.0638530102313,-182.7940615211737,-203.39408910364136,-286.1900703518068,-217.4128266144145
27,-104.86937014832402,167.66452722316063,-521.3711451618309,311.6324048651828,-232.765640688217,-282.9059141979233,-308.030291273467,50.01722071127123,-192.82495126290206,-81.71941695831997,-197.44167952828207
28,-97.9935773720082,111.19816138376464,-374.2251235531056,178.23796880908924,-226.42725705424567,-79.76593561369445,-295.23489119083393,2.9646050106893806,-180.49648150698312,-217.17940151301954,-203.55039846492002
29,-95.11621148142439,163.78377803589052,-501.97767108862655,311.7452481257778,-211.41822332664037,-272.61314155561416,-309.42611356104214,-62.90318496202822,-161.14518513677254,50.16769207336922,-163.68337128210635
30,-187.10837656076367,140.48154284032404,-536.0838749484063,161.867121826879,-157.33248662075965,-25.973958240888848,-219.39990207179486,-283.85700417936795,-95.31448498812185,-251.49416726203424,-157.28307280236226
31,-305.0437447030408,169.6614488670983,-726.5061480798502,116.41865867376868,-158.02625605311223,-128.72977207771032,-157.9977443371662,-319.24098166182654,-122.60386901625243,-467.1604803695855,-193.47715480591802
32,-217.78244257412385,58.65730475685352,-363.4952653957356,-72.06961975251207,-180.60887053827216,-261.321404226354,-153.68084234285237,-151.0802507790208,-162.82336331431082,-240.94567271699685,-225.3224059576534
33,-314.56855366474133,104.96217857957704,-575.3090597915473,-53.82804753793545,-223.9238657968188,-321.90732663791306,-202.10912054769605,-206.12958313485018,-204.64220094341877,-415.6687512214607,-265.02027589934164
34,-244.75456688829195,48.63066704214047,-365.5598408397902,-123.94929293679371,-253.85153687819235,-209.07301906756248,-189.40109605008575,-225.04454672181626,-237.07047329537636,-300.1461348754971,-335.08304128911493
35,-223.65439713259516,109.70212308337642,-496.1695781533356,48.86078388814528,-261.1607409925586,-222.91220730911505,-228.78874586373098,-333.7257321293037,-247.04421888536348,-114.32525195936687,-307.6492582285814
36,-176.15725565238458,148.44550125057015,-544.9163234624748,192.60181215770567,-235.38344318242736,-13.308411515913281,-205.7044737513716,-303.90939419892817,-243.97790139278382,-211.2539612423122,-256.4679544031268
37,-8.320341339577055,93.77937081111502,-241.28121296444712,224.640530285293,-193.491022935518,-4.967464536268647,-154.4336858133545,83.73762724246384,-197.01432578848687,-103.73118672492636,-229.02505720471262
38,-162.3816183627016,20.130679997838953,-212.38899971039206,-112.37423701501115,-163.05363587511005,-139.18036210059836,-117.88829290589156,-175.21535560107287,-190.83148028173144,-172.74913738643357,-180.44113443770726
39,-55.33193883051041,28.190758910609482,-125.36166616585074,14.697788504829916,-125.16911026355373,-81.66895083831966,-92.407479260043,-58.73117971118519,-157.5688068796052,-25.59568594202635,-125.53104465101308
40,-266.21739467245476,96.87532849205735,-506.869051526826,-25.565737818083505,-133.68170977152568,-164.66329642100294,-80.75769708242058,-357.61344325280623,-162.34634910430572,-276.3754443435552,-157.94108312785073
41,-275.6460771560826,24.813220849499057,-337.28553482063086,-214.0066194915343,-153.5794740722653,-287.85893103987837,-135.6678009872136,-247.09347951769826,-150.98316616805974,-291.98582091067107,-174.0874550615225
42,-136.51904623356006,68.91757426527579,-307.71979147472416,34.68169900760404,-179.2192150510619,-109.69456222918811,-156.6132205257975,-214.81554931679864,-210.69380147991222,-85.0470271546934,-170.35062314747591
43,-187.8181652312502,53.88502164564101,-321.6759796047039,-53.96035085779644,-184.3065244247716,-245.6441853223764,-177.9059851701531,-139.01271672111713,-203.45327370392107,-178.79759365025708,-171.56031440024066
44,-173.91953883116878,137.7711383299476,-516.162019160234,168.3229414978964,-208.02404442490325,-15.500781404915811,-164.67235128347232,-265.71897427058025,-244.85083261580013,-240.53886081801025,-214.54894937543742
45,-128.03202192058265,58.971545618277084,-274.52546231665895,18.461418475493673,-180.38696987452886,-63.38681806540792,-144.41705561235332,-141.82380070129616,-201.6929041054981,-178.8854469950438,-195.0509499057351
46,-223.07312627930142,61.598388932637086,-376.092007215684,-70.05424534291879,-169.87237969917263,-153.0584089506546,-117.45695119450856,-268.9347945549584,-206.06116711295013,-247.22617533229135,-186.0990207900592
47,-237.38317849928748,23.66291276810916,-296.1651124786165,-178.60124451995847,-190.04520615231812,-249.9649330990482,-145.51102536848057,-252.0972536883963,-213.51750798726962,-210.08734871041793,-211.10708510120406
48,-171.179505292144,152.03022955906897,-548.84353188009,206.48452129580207,-186.71747416449688,-346.613140911457,-165.7048164862967,-88.98268022032762,-203.51150068711175,-77.94269474464748,-190.93610532008216
49,-100.2944119596707,90.73238380752126,-325.6861482614157,125.0973243420743,-171.99244879019724,-103.26310044268354,-183.25728029385022,-189.50601932524245,-188.2689096980442,-8.114116111086108,-144.45115637869733
50,-151.23895428950487,179.00027397785905,-595.9002853082684,293.4223767292587,-176.6338352639817,-327.8735799642055,-236.15463267360974,-155.87999150053594,-191.08014785789214,30.03670859622677,-102.66672526044322
51,-152.7579818988785,104.34279092641938,-411.95984379822505,106.443880000468,-162.5708063878971,-178.28540441854685,-241.2000317671882,-241.96819398683567,-185.6868277442676,-38.02034729125307,-60.82555965223556
52,-124.38584937840155,50.19583986150722,-249.07922815604152,0.30752939923843314,-139.97134056371993,-182.3194705053734,-227.67093924845327,-96.96629339624289,-154.6606356858369,-93.87178423358837,-37.58244675686965
53,-182.05824283869927,126.51504813746351,-496.33904503270014,132.22255935530157,-142.14708807303097,-325.9237800223844,-223.5330670706387,-88.14621553865648,-154.4933427495027,-132.10473295505702,-48.41485439895156
54,-232.31890448232684,186.6075659240243,-695.8777963095648,231.23998734491113,-168.55198657756222,-106.98743852767618,-224.27793468763724,-143.1906936037369,-145.2302776052016,-446.77858131556746,-136.14774743984782
55,-214.04263695006338,314.631669568119,-995.6310326645902,567.5457587644634,-181.11272310967394,-269.758360217651,-212.65489073832637,-497.09457916748164,-213.4731951385907,124.7250285349426,-117.21008345210467
56,-205.0831492629121,55.5015516071051,-342.95664667596407,-67.20965184986008,-191.57775658248065,-147.62745298260796,-206.5233004511386,-209.2233083187838,-206.92421800498036,-258.39868648734443,-161.28575129132292
57,-285.64224111031683,151.13894596845597,-661.0921965188736,89.80771429824,-223.8290349288637,-144.92643072388478,-199.04469249484086,-266.6006132011551,-240.8510819659628,-445.3996794059106,-231.5913303257874
58,-155.8626853791541,90.51807366021367,-380.72204576194156,68.99667500363336,-218.58992343695468,-98.38928156049735,-153.53779280246346,-108.9943110747845,-245.02070107318838,-260.20446350218043,-257.2112764352121
59,-295.9913677764496,116.3843265286783,-585.1060623738767,-6.876673179022475,-231.32441609577918,-429.3164091850141,-218.00358693393105,-214.71253900249985,-259.325070152941,-243.94515514183473,-216.6445912004655
60,-103.57071977356418,135.5059791997025,-440.1862328838603,233.04479333673197,-209.23003266047937,28.054226929623596,-158.44106950447613,-96.11638308877501,-179.12943093719966,-242.6500031615411,-290.11959753976225
61,-134.95329091789333,77.59216198636663,-327.7029066517159,57.796324815929296,-195.20406099147561,-177.52797130341145,-164.4211731686368,-181.9381342574616,-173.6723961249352,-45.39376719280687,-247.51861368085468
62,-216.98857486335714,167.40754536547507,-632.8519715529276,198.87482182621335,-181.47332774208365,-317.95318241464423,-199.02652350678872,-309.2644486531495,-182.2051632153341,-23.748093522277667,-163.18829650412818
63,-150.14081786026028,29.239218096488614,-222.77506219857196,-77.50657352194861,-180.3289542383049,-150.97049902144587,-209.5427669989784,-178.95636552156577,-196.19757410469035,-120.49558903776914,-135.2465216112459
64,-238.92861847806134,64.01714945200743,-397.9560336365306,-79.90120331959204,-168.91640437862728,-185.9073436829138,-160.86095389855836,-310.045911637794,-215.26424863174915,-220.83260011347625,-130.6240106055742
65,-256.7557589358072,74.95634588317958,-442.9576444862178,-70.55387338539657,-199.55341221107588,-265.64614234103067,-219.60102775268925,-326.8704398212032,-261.4150599782348,-177.75069464518774,-117.64414890230353
66,-329.7441881622654,195.78144442352593,-816.092257533988,156.60388120945714,-238.51159165995028,-315.48216819779725,-247.19186713156637,-532.2666515667564,-331.48076344009377,-141.48374472224253,-136.86214440819066
67,-339.9723126183764,119.17492446122436,-636.0192367786344,-43.92538845811845,-263.1083392109541,-453.96685715927896,-274.3946020804933,-349.7327775888074,-339.5744292272254,-216.2173031070429,-175.3559863251437
68,-210.25732526211422,103.35164879181505,-466.99705360709277,46.48240308286435,-275.1316406913249,-97.32012789015815,-263.66452785423576,-233.32748992323755,-350.4486541075598,-300.1243579729469,-211.28174011217925
69,-287.60790584303896,94.08753631366196,-521.3343030142752,-53.88150867180275,-284.8674981643204,-182.53959391005475,-262.99097789966396,-316.2056489571527,-351.68060157143145,-364.0784746619094,-239.9309150218659
70,-56.63025025838119,121.73804436011272,-359.0443172194449,245.78381670268254,-244.84239642883526,-158.35170223119312,-241.5320898776964,78.25256271134101,-270.65600106492263,-89.79161125529147,-222.33909834388663
71,-215.13234917001458,48.87435967077663,-336.5429891704062,-93.72170916962294,-221.92002863038505,-171.44010925997125,-212.72367809013127,-267.91298321465547,-217.7852673945024,-206.0439550354171,-235.25114040652156
72,-66.4709711354199,45.563624989533736,-179.65729026022706,46.71534798938727,-167.21976033379377,-46.42381223927124,-131.2150691061297,-118.62087830537486,-171.56288753781593,-34.36822286161359,-198.88132435743572
73,-283.6831589324142,137.07520135441405,-624.1968359754899,56.83051811066156,-181.90492706785375,-155.9180122477923,-142.93464597765652,-266.654291205826,-178.2282477943336,-428.4771733436243,-224.55188743157117
74,-189.3954409598842,341.7379794549695,-1038.3196432932596,659.5287613734911,-162.26243409122281,-464.7709317540664,-199.38091354645886,-296.47513805538154,-174.28214561397937,193.05974692979532,-113.12424311323022
75,-107.2929428203489,80.21204472856888,-306.55070807468474,91.96482243398695,-172.39497260361637,-41.26754521780239,-175.96408214378073,-196.55915060645944,-229.24448827753946,-84.05213263678486,-111.97634738952893
76,-122.6483617038627,195.69955932056598,-608.7930172032843,363.49629379555887,-153.898175110386,-300.45211131278126,-201.76648255434276,87.03301254905621,-158.25528912479712,-154.52598634786307,-101.67275365201809
77,-270.59517696776174,45.01148140223166,-382.4098953849991,-158.78045855052437,-194.72301627685437,-236.89868926869713,-239.86145796022788,-253.17326622786254,-185.16576670929464,-321.7135754067256,-159.1418241610405
78,-302.3261951484653,223.96841841546635,-858.6945895963261,254.04219929939546,-198.45162352006454,-557.5522564268311,-320.1883067960357,-210.86002717776668,-174.0069139036828,-138.56630184079796,-101.15964986047524
79,-303.26233053617574,99.97394818127533,-551.611385415195,-54.91327565715653,-221.2250014353229,-353.90065344795545,-298.01425113481343,-367.7853112211768,-188.26894853684183,-188.10102693939479,-177.39180463431325
80,-160.26606308652381,68.8912169583766,-331.40133314763705,10.869206974589389,-231.81962548855785,-237.46127732265248,-337.2529975557835,-138.30197478694058,-176.61751337293808,-105.03493714997838,-181.58836553695198
81,-151.53802181805102,167.8348605237907,-568.4629282072358,265.3868845711338,-237.59755751139556,-39.51760428355824,-285.0660961499389,-70.59163180820781,-208.1424422443909,-344.504829362387,-219.58413413985673
82,-124.85877840513338,9.660303145899512,-148.8563017577052,-100.86125505256156,-208.45027779886982,-132.94664078316407,-264.27568645283225,-127.4677652590675,-183.00134205063188,-114.16192917316855,-178.07380489314534
83,-141.10326978324267,114.28119447350815,-424.99349472943413,142.78695516294877,-176.20569272582534,-27.660615836699893,-158.29735833480603,-256.2049411325581,-192.07032484159018,-139.44425238046998,-178.24939500107973
84,-192.26926580036414,221.11710449634498,-741.5546038134305,357.0160722127023,-154.007079778663,-445.5927587342181,-176.63577939205857,-37.98180944769358,-126.1096244868935,-93.23322921918079,-159.27583545703692
85,-296.27583733326423,242.30949040683063,-898.2059803905142,305.6543057239858,-181.2090346280111,-560.03183388755,-241.14989070503808,-245.2586444717221,-147.5009584238498,-83.53703364052056,-154.97625475514536
86,-79.0173123216336,129.91788042840946,-401.7512185366529,243.71659389338572,-166.7048927287276,47.184283195344996,-223.80951320925743,-212.35715635594582,-175.85406333339742,-71.87906380429997,-100.45110164352796
87,-155.21110208437878,197.86717177528817,-646.7404054272379,336.31820125848037,-172.7753574645767,-285.7135482585963,-254.36289470434386,-252.3737063743148,-200.83525155644685,72.45394837977472,-63.12792613293932
88,-289.35267560248127,137.44943234815577,-630.7959939700517,52.090642765089115,-202.4252386284244,-210.0628631600545,-290.8433441690148,-209.9295731691286,-191.58017796376097,-448.06559047826084,-124.85219375249748
89,-103.6424929213352,116.06581451035967,-391.9659598023815,184.68097395971114,-184.69988405261864,-26.156579167534325,-206.956108255678,-47.684746657989,-193.52076540582007,-237.0861529384823,-153.6227784963578
90,-161.34579442878834,77.57406608979547,-354.0504574635089,31.35886860593223,-157.71387547172344,-236.27849765019482,-142.20544100820698,-81.37587566598104,-160.74421164467185,-166.38300997018916,-170.19197376229152
91,-205.06799998037638,169.8760911174261,-627.0636042657802,216.9276043050274,-182.924013003472,-235.06260904930258,-198.6548194571365,-22.192379682864914,-122.71125631005569,-357.9490112089617,-227.40596324322388
92,-95.61397221996201,147.8696158142905,-462.94246130008844,271.7145168601644,-171.00458703058862,-75.62535281582431,-156.63718036858208,41.24458526755884,-63.987597981680935,-252.46114911162053,-292.3889827415029
93,-132.67528884908543,89.89591035165292,-355.9891098941516,90.63853219598076,-139.66910967990947,-93.19007958366939,-133.26262365330507,-235.55611203921833,-69.1129057556989,-69.2796749243686,-216.6317996307245
94,-126.99911689445248,184.37261717027704,-585.0060882384687,331.00785444956375,-144.34043447453294,69.7277156544292,-114.08576468891238,-295.8407353216209,-118.74410348842528,-154.88433101616576,-200.19143524626116
95,-289.5397112549796,99.68449797039364,-537.1697319494465,-41.9096905605127,-169.9792178397712,-303.41481952337216,-127.51302906354786,-183.64453910420661,-139.19783617607038,-381.55977513735996,-243.2267882796953
96,-87.96324365639417,181.82439354888012,-539.6400766042873,363.7135892914989,-146.55826657497474,-280.7143780693645,-136.64338286756023,-63.6665237374651,-147.4926649869904,80.49117083764706,-155.53875187037357
97,-167.74477501832288,220.90684323276164,-716.507795097182,381.0182450605362,-160.98442713464692,65.54299869001227,-108.40971256639293,-195.0441356511242,-194.75040917072704,-373.73318809385665,-179.7931596668208
98,-96.12677790205284,198.69350609215135,-589.7088094840225,397.4552536799168,-153.67472494524037,-318.45233358248527,-153.4621633661561,-34.03150286901016,-154.4454873366854,64.10350274533694,-153.11652413287965
99,-241.4026953037995,220.24262037280732,-788.5156943271774,305.7103037195783,-176.55544062710982,-255.19731466096107,-218.44716942923415,-454.4237640893066,-186.16209309022253,-14.58700716113083,-125.05705936187266
100,-243.58208126056024,104.35074735315261,-502.8037080196063,15.639545498485802,-167.36391462822593,-127.9672844021419,-183.3576624049881,-330.78322959857627,-215.58983118909646,-271.99572978096256,-103.1442502905932
