id,source,profile,phase_bias_json,state_feedback_gain_json,J_econ,X2_IAE,P2_IAE,X2_ISE,P2_ISE,P100_TV,F200_TV,robust_outer_10pct_steps,F200_robust_upper_steps,economy_better,recovery_no_worse_both_IAE,TV_no_worse_exact_both,reasonable_TV,meaningful_or_nonworsening_occupancy,economy_and_recovery,economy_and_TV,economy_recovery_reasonable_activity,objective_economy_ratio,objective_state_IAE_ratio_mean,objective_input_TV_ratio_mean,objective_bound_occupancy_fraction
concentration_positive_0003,unmodified_profile,old_2000_last,"[[0.0, 0.0], [0.0, 0.0], [0.0, 0.0], [0.0, 0.0]]","[[0.0, 0.0], [0.0, 0.0]]",1779705.1974857207,43.56113402988368,85.98546474147489,39.648714117024134,29.628938442093077,100.22049567227344,16.40328363551754,300,0,True,False,False,False,False,False,False,False,0.9978919650830165,0.9908239068568083,1.596289173092075,1.0
concentration_positive_0007,unmodified_profile,blend_zero_old_2000_last_0.40,"[[0.0, 0.0], [0.0, 0.0], [0.0, 0.0], [0.0, 0.0]]","[[0.0, 0.0], [0.0, 0.0]]",1781964.3954094278,39.73277234448079,87.70909071911483,39.40816250556036,30.560142900828467,56.39787720531095,24.7921056227095,139,0,True,True,False,False,False,True,False,False,0.9991587116536196,0.956006056627648,1.1543651241288697,0.4633333333333333
concentration_positive_0008,unmodified_profile,blend_zero_old_2000_last_0.60,"[[0.0, 0.0], [0.0, 0.0], [0.0, 0.0], [0.0, 0.0]]","[[0.0, 0.0], [0.0, 0.0]]",1781212.4930355062,40.23273510293829,87.14837479485672,39.43907968983239,30.251297401240702,70.59636481533622,21.995831626978827,197,0,True,True,False,False,False,True,False,False,0.9987371152349974,0.9586631135310377,1.2962595682121976,0.6566666666666666
concentration_positive_0009,unmodified_profile,blend_zero_old_2000_last_0.80,"[[0.0, 0.0], [0.0, 0.0], [0.0, 0.0], [0.0, 0.0]]","[[0.0, 0.0], [0.0, 0.0]]",1780459.4336040262,41.612061604030494,86.57391217780976,39.519225376043664,29.94080474719634,84.87786313523497,19.199557631248155,300,0,True,True,False,False,False,True,False,False,0.9983148700468811,0.9714698004527802,1.4392526124915355,1.0
concentration_positive_0013,unmodified_profile,blend_zero_new_300_last_0.20,"[[0.0, 0.0], [0.0, 0.0], [0.0, 0.0], [0.0, 0.0]]","[[0.0, 0.0], [0.0, 0.0]]",1782152.070061204,38.67686191661951,89.70998534821152,39.35615520812867,31.86597470331611,37.65801454867665,40.78683887254488,112,0,True,False,False,False,True,False,False,False,0.9992639420183574,0.9549933130381787,1.169557690491267,0.37333333333333335
concentration_positive_0014,unmodified_profile,blend_zero_new_300_last_0.40,"[[0.0, 0.0], [0.0, 0.0], [0.0, 0.0], [0.0, 0.0]]","[[0.0, 0.0], [0.0, 0.0]]",1780836.9243716975,43.49140081509203,90.60319068131724,39.54223646473268,32.55213875973856,37.64768382586914,51.735956547584294,135,0,True,False,False,False,False,False,False,False,0.9985265315088381,1.01601648889899,1.3495960966200289,0.45
concentration_positive_0015,unmodified_profile,blend_zero_new_300_last_0.60,"[[0.0, 0.0], [0.0, 0.0], [0.0, 0.0], [0.0, 0.0]]","[[0.0, 0.0], [0.0, 0.0]]",1779519.4215057467,49.133510089222156,91.47053062597278,40.05198575804729,33.23046627688445,37.68801253209435,63.17898372729968,183,0,True,False,False,False,False,False,False,False,0.9977877993155717,1.0865186920774128,1.5384325664186331,0.61
concentration_positive_0020,unmodified_profile,blend_zero_new_best_econ_0.20,"[[0.0, 0.0], [0.0, 0.0], [0.0, 0.0], [0.0, 0.0]]","[[0.0, 0.0], [0.0, 0.0]]",1782368.646976209,38.86871382858652,89.69647997627862,39.37937244137626,31.857640269507716,37.668108453480784,35.22121721015861,113,0,True,False,False,False,True,False,False,False,0.999385378064963,0.9571485075098776,1.078105213639102,0.37666666666666665
concentration_positive_0021,unmodified_profile,blend_zero_new_best_econ_0.40,"[[0.0, 0.0], [0.0, 0.0], [0.0, 0.0], [0.0, 0.0]]","[[0.0, 0.0], [0.0, 0.0]]",1781269.5151627744,41.51962095201645,90.56775211160614,39.46910083481025,32.52966786545589,37.555998873612566,40.057780806146326,139,0,True,False,False,False,False,False,False,False,0.9987690879025568,0.99288503406918,1.1562104272782023,0.4633333333333333
concentration_positive_0022,unmodified_profile,blend_zero_new_best_econ_0.60,"[[0.0, 0.0], [0.0, 0.0], [0.0, 0.0], [0.0, 0.0]]","[[0.0, 0.0], [0.0, 0.0]]",1780167.4795221034,45.81978859667905,91.40493233971935,39.763586940025554,33.18808914113377,37.44388929374438,44.89434440213415,197,0,True,False,False,False,False,False,False,False,0.9981511695458457,1.0476105568510292,1.234315640917305,0.6566666666666666
concentration_positive_0030,coordinate_sweep,old_2000_last,"[[0.0, 0.0], [0.0, -0.02], [0.0, 0.0], [0.0, 0.0]]","[[0.0, 0.0], [0.0, 0.0]]",1779705.1974857207,43.56113402988368,85.98546474147489,39.648714117024134,29.628938442093077,100.22049567227344,16.40328363551754,300,0,True,False,False,False,False,False,False,False,0.9978919650830165,0.9908239068568083,1.596289173092075,1.0
concentration_positive_0032,coordinate_sweep,old_2000_last,"[[0.0, 0.0], [0.0, 0.0], [-0.02, 0.0], [0.0, 0.0]]","[[0.0, 0.0], [0.0, 0.0]]",1778936.7274838286,48.51125048961177,87.24486044513117,39.98789134015079,30.492037082057923,100.22049567227344,16.40328363551754,300,0,True,False,False,False,False,False,False,False,0.9974610790905618,1.0554859666288188,1.596289173092075,1.0
concentration_positive_0035,coordinate_sweep,blend_zero_old_2000_last_0.05,"[[0.0, 0.0], [0.0, 0.0], [0.0, 0.02], [0.0, 0.0]]","[[0.0, 0.0], [0.0, 0.0]]",1783416.3435074547,42.72886708515641,89.57550334865513,39.48686821696731,31.736639136845277,37.7609898631799,33.519586458366234,91,0,True,False,False,False,True,False,False,False,0.9999728281391957,1.0013610189778923,1.051332963542948,0.30333333333333334
concentration_positive_0036,coordinate_sweep,blend_zero_old_2000_last_0.05,"[[0.0, 0.0], [0.0, 0.0], [0.0, 0.0], [-0.02, 0.0]]","[[0.0, 0.0], [0.0, 0.0]]",1775443.1461393978,59.134343718952344,94.05528679039617,42.41833213362946,34.62394807525354,39.387518698324385,29.685585115238155,103,0,True,False,False,True,True,False,False,False,0.9955022059255586,1.2173842667783685,1.0097680786200345,0.3433333333333333
concentration_positive_0046,coordinate_sweep,old_2000_last,"[[0.0, 0.0], [0.0, -0.05], [0.0, 0.0], [0.0, 0.0]]","[[0.0, 0.0], [0.0, 0.0]]",1779705.1974857207,43.56113402988368,85.98546474147489,39.648714117024134,29.628938442093077,100.22049567227344,16.40328363551754,300,0,True,False,False,False,False,False,False,False,0.9978919650830165,0.9908239068568083,1.596289173092075,1.0
concentration_positive_0051,coordinate_sweep,blend_zero_old_2000_last_0.05,"[[0.0, 0.0], [0.0, 0.0], [0.0, 0.05], [0.0, 0.0]]","[[0.0, 0.0], [0.0, 0.0]]",1783622.4954284262,43.12605118526349,90.92277675860541,39.50985254736718,32.690121226656515,37.7609898631799,39.519586458366234,84,0,False,False,False,False,True,False,False,False,1.0000884188256838,1.0135671257777443,1.1500670165321472,0.28
concentration_positive_0052,coordinate_sweep,blend_zero_old_2000_last_0.05,"[[0.0, 0.0], [0.0, 0.0], [0.0, 0.0], [-0.05, 0.0]]","[[0.0, 0.0], [0.0, 0.0]]",1768438.0623552494,90.51170097237039,101.02560205794288,56.57731555061756,39.776536329887435,45.42861144414431,29.68575505109513,103,0,True,False,False,False,True,False,False,False,0.9915744111240317,1.6215559953073622,1.089721349911305,0.3433333333333333
concentration_positive_0054,coordinate_sweep,blend_zero_old_2000_last_0.10,"[[0.0, 0.0], [0.0, 0.0], [0.0, 0.0], [0.0, -0.05]]","[[0.0, 0.0], [0.0, 0.0]]",1782265.0578932334,41.36580147621645,85.38611474874037,39.44019549760257,29.169621664314057,39.08271516848171,29.75613184663166,218,0,True,True,False,True,False,True,False,False,0.9993272950106921,0.9619169960312528,1.0068950689437572,0.7266666666666667
concentration_positive_0062,coordinate_sweep,old_2000_last,"[[0.0, 0.0], [0.0, -0.1], [0.0, 0.0], [0.0, 0.0]]","[[0.0, 0.0], [0.0, 0.0]]",1779705.1974857207,43.56113402988368,85.98546474147489,39.648714117024134,29.628938442093077,100.22049567227344,16.40328363551754,300,0,True,False,False,False,False,False,False,False,0.9978919650830165,0.9908239068568083,1.596289173092075,1.0
concentration_positive_0068,coordinate_sweep,blend_zero_old_2000_last_0.05,"[[0.0, 0.0], [0.0, 0.0], [0.0, 0.0], [-0.1, 0.0]]","[[0.0, 0.0], [0.0, 0.0]]",1767725.837856907,103.5067740212967,104.11941445939655,63.27290550884347,42.398329998859694,55.41368302852891,29.6860337043083,103,0,True,False,False,False,True,False,False,False,0.9911750623413033,1.7901113377693483,1.2218727585191496,0.3433333333333333
concentration_positive_0072,random_pareto_sweep,new_300_last,"[[-0.0156596779063675, -0.017876309869038307], [-0.007859377282345375, 0.019856777573925892], [0.004297523472207985, -0.0019937905977493973], [-0.02866089539937358, -0.022854169197274187]]","[[0.0, 0.0], [0.0, 0.0]]",1767473.1595343014,93.03133985379857,99.78704105082807,56.71563196509733,39.097642358777506,42.45716684146487,78.37853001992471,300,0,True,False,False,False,False,False,False,False,0.9910333840070291,1.6438848621319262,1.8516684508589019,1.0
concentration_positive_0073,random_pareto_sweep,blend_zero_new_best_econ_0.80,"[[0.01061126246263295, -0.01723241017848388], [-0.011287432876513109, -0.01650580352474668], [-0.017717224327614172, 0.00920602062432361], [-0.005750724415686264, 0.04162335488594927]]","[[0.0, 0.0], [0.0, 0.0]]",1777304.254473832,59.68840389018003,96.81681739881839,42.88980190646138,36.919497505964785,37.81783351857081,48.30269054032195,100,0,True,False,False,False,True,False,False,False,0.9965457411445964,1.239378889505696,1.295351221075121,0.3333333333333333
concentration_positive_0077,random_pareto_sweep,blend_zero_new_best_econ_0.05,"[[0.02142625688745214, -0.021213850124636495], [-0.04041479727682835, -0.015102025135827478], [-0.024425172056607422, 0.03651476173754188], [-0.0002062931856030282, 0.018668376083663334]]","[[-0.04894053376336244, 1.6598089778886695], [0.467437133511898, -1.5860007652149974]]",1769505.3624622012,88.51854650391132,108.55145510967424,55.32622878632654,46.015864916068594,37.42574331155356,37.94865399346881,82,0,True,False,False,False,True,False,False,False,0.9921728530472018,1.6407554981555617,1.119779461542612,0.2733333333333333
concentration_positive_0078,random_pareto_sweep,blend_zero_new_300_last_0.40,"[[-0.014640774949315658, -0.022776006193832424], [-0.14147526511245176, 0.03171997955806685], [0.005050631983094165, 0.004996282830095105], [-0.020141233555540903, -0.02876089200663914]]","[[0.0, 0.0], [0.0, 0.0]]",1772994.947937774,66.48321362733343,93.77890790249026,44.98450159941045,34.59058159394765,40.10615890601804,46.34351034962381,234,0,True,False,False,False,False,False,False,False,0.994129485703253,1.3012956053259659,1.2933962909138117,0.78
concentration_positive_0079,random_pareto_sweep,blend_zero_new_best_econ_0.10,"[[0.012782355460667012, -0.0046206317674919685], [0.018978749886335182, -0.0015794836203495536], [-0.01008452836247311, 0.003968311498147287], [-0.027187728369877207, 0.004654366181584971]]","[[-1.0093457033583122, -0.08755847633575033], [0.8048168511545469, -0.05853833054071757]]",1776183.087502037,60.84788443086407,98.44802196489306,42.6387556664441,37.97545822445346,39.352994190973305,38.9257995162142,97,0,True,False,False,False,True,False,False,False,0.995917095729473,1.262049427418386,1.1613651358414938,0.3233333333333333
concentration_positive_0081,random_pareto_sweep,old_2000_last,"[[0.05403935868547768, -0.009313465925653228], [-0.008314574286840579, 0.011771400312754284], [-0.013644334379097185, -0.002819237229810342], [-0.008300762175670915, -0.052433078438083584]]","[[0.0, 0.0], [0.0, 0.0]]",1777541.221458214,54.36234543574237,86.15045224644484,46.14838271516504,29.55425983472569,104.79435532325411,17.826217105503076,298,0,True,False,False,False,False,False,False,False,0.9966786100321172,1.1173715829570967,1.6802369721684798,0.9933333333333333
concentration_positive_0083,random_pareto_sweep,blend_zero_old_2000_last_0.20,"[[-0.021617554995313877, 0.015054931429966776], [-0.030094814768176034, 0.011455312568379157], [0.002026263874426522, 0.021437054573097455], [-0.0011888792990977892, 0.0011209789259105426]]","[[-0.35310315374511064, 0.23721471992170973], [-0.01464390456531872, -0.20365695865214017]]",1780970.9440635247,43.07359424499673,91.97952059514809,39.55355284621981,33.37557119014305,43.827834095300574,31.358117740148458,90,0,True,False,False,False,True,False,False,False,0.9986016771980378,1.0189078409172718,1.0960558170791612,0.3
concentration_positive_0092,random_pareto_sweep,blend_zero_new_best_econ_0.40,"[[0.010848846757198487, 0.0052252877505838445], [0.007119093605036201, -0.004137421461887818], [-0.014031770151099828, -0.006701422399250612], [-0.033662899558964454, 0.01683896665065251]]","[[0.3240225207405166, 0.41969835854995563], [-0.8873259684186193, -0.04592403761253889]]",1768992.3967704072,93.44211113172062,100.37566591537566,62.50300120074247,39.3375271265688,46.318907348032326,39.04747279622333,100,0,True,False,False,False,True,False,False,False,0.9918852299380894,1.6519768466228082,1.2555573062756453,0.3333333333333333
concentration_positive_0093,random_pareto_sweep,blend_zero_old_2000_last_0.10,"[[0.009194893988976442, 0.0010403221852465351], [0.026881499153470895, -0.016436137998292046], [-0.04098082260380394, 0.016206520335370424], [-0.010741722392369753, -0.03517081195171996]]","[[0.0, 0.0], [0.0, 0.0]]",1778142.6192219267,53.207944678145765,89.83096558990631,44.43322180637092,31.923079700967083,42.46535336104128,34.58438693705844,171,0,True,False,False,False,False,False,False,False,0.9970158175634968,1.1246717500107877,1.131114587561434,0.57
concentration_positive_0096,random_pareto_sweep,blend_zero_new_300_last_0.40,"[[0.03223623770321043, -0.061470045099233185], [0.08496839487727015, -0.04015325721392558], [0.08687712164935471, 0.10110975284627857], [0.025632826618188755, 0.051600654883971045]]","[[0.5510828199597698, 0.4622551341570423], [-0.6098616690499388, -0.14686101993393688]]",1818301.532278593,228.7771615629263,48.904220210003544,216.9296659016043,10.715965857618587,64.44001194026805,40.820528029380085,40,0,False,False,False,False,True,False,False,False,1.0195331742146598,2.936081033925935,1.5245567855030706,0.13333333333333333
concentration_positive_0098,random_pareto_sweep,blend_zero_new_best_econ_0.80,"[[0.031124631161995465, -0.08205926151122082], [-0.09149650811646909, -0.006096415833349593], [-0.010562163980563977, 0.013615086527587522], [-0.032475374511816445, 0.09428458328927947]]","[[0.0, 0.0], [0.0, 0.0]]",1769320.125938488,89.1935414157499,105.19735740041092,57.259756890391415,43.18888953239613,42.60462245146485,47.54260144593914,100,0,True,False,False,False,True,False,False,False,0.9920689897562959,1.6297179478602355,1.346193908870727,0.3333333333333333
concentration_positive_0101,random_pareto_sweep,blend_zero_new_best_econ_0.40,"[[0.012052536297595019, -0.00023821701771636916], [-0.005467804374999356, -0.02146138654124629], [-0.008801593435009978, -0.026426967706523412], [-0.016903310542538387, 0.0017785374087608372]]","[[0.0, 0.0], [0.0, 0.0]]",1774706.8835337025,63.56953565352512,94.65246027074672,44.484549217270924,35.18020306942209,38.20447169737406,35.919535537001536,134,0,True,False,False,False,False,False,False,False,0.9950893788239396,1.272328589622799,1.0966949801814345,0.44666666666666666
concentration_positive_0102,random_pareto_sweep,blend_zero_old_2000_last_0.40,"[[-0.06728977987525038, -0.006254936041589103], [-0.07118660556018622, -0.019389293798497548], [-0.017354659105759226, 0.04224400131165691], [-0.022483326960896062, -0.009565980002807947]]","[[-0.9781535576896612, -0.5729050726257265], [0.11073882510957683, 0.8384209308372377]]",1778044.7156718238,50.50421291831052,90.5345181842416,40.387622585540015,32.499863556048496,56.104485038003446,33.851441557298244,212,0,True,False,False,False,False,False,False,False,0.9969609224234822,1.0971891067968869,1.299559735686202,0.7066666666666667
concentration_positive_0104,random_pareto_sweep,blend_zero_new_best_econ_0.05,"[[-0.03462896403271577, -0.165406616526069], [0.04563781853794524, -0.07673271934413767], [0.0214341075370309, 0.015115723167903695], [-0.18889474270426654, 0.00810816844115734]]","[[0.0, 0.0], [0.0, 0.0]]",1768239.0935492578,113.14824888025015,103.4976587335366,72.72682942622788,42.061955624524856,82.26834602037789,13.886527248332385,90,0,True,False,False,False,True,False,False,False,0.991462848055563,1.898740873931199,1.3172876128983888,0.3
concentration_positive_0106,random_pareto_sweep,blend_zero_new_300_last_0.60,"[[-0.03585533658200356, -0.020849180221875745], [-0.04128728019684165, -0.017948102857393865], [0.030161543690881896, 0.04115604469170805], [0.004691809364608853, -0.012768584145371091]]","[[-2.3444712774586236, -0.8587487639718072], [2.1523396116753735, -1.568565103992544]]",1786362.3032692815,52.5341906017025,98.78052213870936,40.66181663538968,38.67759038653074,43.9605528759306,98.12139928629131,81,0,False,False,False,False,True,False,False,False,1.0016246464178287,1.1672331750661418,2.1964471720355703,0.27
concentration_positive_0107,random_pareto_sweep,old_2000_last,"[[0.0002638731196288099, 0.005662845190094183], [-0.012500080923989446, 0.001539287665039109], [0.012158790674788792, 0.03922903647527295], [-0.002524887588695618, -0.0008259463068112549]]","[[-0.6621765163810904, 0.1251244878294812], [0.5380875125439575, 0.18052356759984273]]",1779347.2456172172,46.18006305385452,90.52387735677124,39.91924873375917,32.6884366170311,102.55961352476791,41.12728625031863,276,0,True,False,False,False,False,False,False,False,0.9976912592054528,1.0468391220786444,2.034096250229676,0.92
concentration_positive_0111,random_pareto_sweep,blend_zero_new_300_last_0.60,"[[0.023384624499495292, -0.009025913418667576], [-0.0033095310685518496, 0.020859828746543053], [0.015909785164090716, 0.020435021753034223], [-0.05545107220107406, 0.03467046076884222]]","[[0.0, 0.0], [0.0, 0.0]]",1768624.124794722,96.73341182875693,103.46752873553191,62.32579064497511,41.804372512659114,52.03897245975753,59.605981219283905,95,0,True,False,False,False,True,False,False,False,0.9916787375111298,1.7076658878737003,1.6695633037770121,0.31666666666666665
concentration_positive_0112,random_pareto_sweep,old_2000_last,"[[-0.0782326030774284, -0.17634506056489105], [0.0007218456725176393, -0.027537232975716093], [0.06536639836148213, 0.10749283445863558], [-0.00872941448794971, -0.02407080458127258]]","[[-0.5099731513451813, 1.555702408012929], [1.8896667853553586, 1.6259493657946407]]",1769784.1493823791,80.31238981512337,101.89601039369731,50.86963697040632,40.68435046124955,112.33606276096125,88.64424899134661,276,0,True,False,False,False,False,False,False,False,0.9923291706373335,1.5078390228466727,2.945405793146035,0.92
concentration_positive_0113,random_pareto_sweep,blend_zero_old_2000_last_0.10,"[[-0.016822971272552553, -0.2139788987753183], [-0.014820608639284822, -0.07579800126770488], [-0.012972501901058803, -0.06710908927176089], [-0.002073985546560198, -0.10392756292315644]]","[[-1.4544864200514802, 0.0004974378845303298], [1.4317722699042532, 1.371456189344359]]",1780918.5765577848,40.03637227049238,86.0097833026542,39.36505031523339,29.733691253962245,38.899672602414086,22.728792641337577,300,0,True,True,False,True,False,True,False,False,0.9985723144062209,0.9499677080438695,0.8888329896468804,1.0
concentration_positive_0119,random_pareto_sweep,blend_zero_old_2000_last_0.60,"[[0.0003993583307203784, -0.01660451759282122], [-0.02495076921194661, -0.016191891659111574], [0.007846675048287169, 0.006872045247194202], [-0.016010142011913375, -0.044215188439641166]]","[[0.0, 0.0], [0.0, 0.0]]",1775173.1108488787,57.46467369490087,88.45841298699062,42.61714460052645,30.97556073739367,73.64568985032147,16.531639990307724,300,0,True,False,False,False,False,False,False,False,0.9953507954295515,1.1664485151338453,1.246698710674753,1.0
concentration_positive_0120,random_pareto_sweep,blend_zero_old_2000_last_0.20,"[[0.007658595362979217, 0.11788496150131844], [0.03745149955582866, 0.00681096496029259], [0.017942576819048414, -0.08755579307427987], [-0.05611701853762782, -0.12554644325235695]]","[[0.0, 0.0], [0.0, 0.0]]",1768562.8404110759,92.71323599144031,94.58860024091916,62.25082218630118,34.95071320229263,59.87083637210225,29.406978049348027,300,0,True,False,False,False,False,False,False,False,0.9916443749694503,1.610911564597114,1.2762686343197862,1.0
concentration_positive_0128,random_pareto_sweep,blend_zero_new_best_econ_0.10,"[[-0.09041253065597438, -0.07179602806153267], [-0.005330034288490134, -0.17413570684381455], [0.08275952735634244, -0.09629138874658233], [-0.04714910215017569, -0.02132795956797711]]","[[-0.10105657084552326, -0.0894414485856211], [-0.6705464364406893, -1.159791686458148]]",1772407.9521981708,84.7474030468255,87.35289592580587,57.69799065485181,29.572950905679782,58.95718871784899,17.22178042544121,127,0,True,False,False,False,True,False,False,False,0.9938003534779184,1.4775224770346953,1.0636613619732347,0.42333333333333334
concentration_positive_0136,random_pareto_sweep,old_2000_last,"[[-0.0027934564939222344, -0.07144690834730838], [0.021429308285579096, -0.013451358015576035], [0.026533246276373497, 0.022087010729045335], [-0.030413201077191962, 0.03164223822121024]]","[[0.0, 0.0], [0.0, 0.0]]",1771588.479620573,73.61234871973072,91.56173214591426,51.33094018206874,32.763112311866635,108.56205859427368,12.422816622907703,300,0,True,False,False,False,False,False,False,False,0.9933408700185534,1.3717222997852834,1.6411838072511107,1.0
concentration_positive_0141,random_pareto_sweep,blend_zero_new_best_econ_0.60,"[[0.02609822035688658, -0.0071587050839529015], [-0.015100590750896687, -0.003386553935369468], [0.016622568704974642, 0.01080928368056125], [-0.0051077282370853554, 0.016753317337559494]]","[[-1.0620529244377397, 0.6153522666324298], [-0.12377660372340249, -2.0632577301204544]]",1777832.947627296,58.78394137546714,100.4912392133173,41.88378333338829,39.58915920779313,40.714927248426704,49.71311528703794,83,0,True,False,False,False,True,False,False,False,0.9968421827409807,1.2495515469790508,1.3569021239592884,0.27666666666666667
concentration_positive_0144,random_pareto_sweep,blend_zero_old_2000_last_0.10,"[[0.08411316243633404, 0.002176123584286989], [-0.006157314464960588, 0.07963568668913888], [-0.0008023812041674088, 0.02001517032493444], [-0.037539913664602464, -0.06852510325271918]]","[[0.0, 0.0], [0.0, 0.0]]",1770123.63095076,79.72859165012449,92.35680398533944,57.25509308237488,33.420175576192136,50.73339456887899,28.121233879788463,251,0,True,False,False,False,False,False,False,False,0.9925195201007502,1.4473317394050933,1.1341819271467992,0.8366666666666667
concentration_positive_0148,random_pareto_sweep,blend_zero_new_best_econ_0.40,"[[-0.11689507505739866, 0.08975522328684153], [0.029846661569986672, -0.03178335047486224], [-0.05548237970043979, 0.0514059547988055], [-0.05568185778255028, -0.050911338180052626]]","[[0.0, 0.0], [0.0, 0.0]]",1767521.6235854144,102.27478362617711,103.91609324076727,64.5696748516576,42.430938258450354,41.878416218493356,51.713319455254464,283,0,True,False,False,False,False,False,False,False,0.9910605581071382,1.7746382791191906,1.4052149587612455,0.9433333333333334
concentration_positive_0149,random_pareto_sweep,blend_zero_new_300_last_0.10,"[[0.012415948782947968, 0.02385344466831326], [0.020899425978934034, 1.5474184694832925e-05], [0.020410439475126677, -0.013419992279527207], [-0.03641732028923933, -0.013422621434210164]]","[[0.0, 0.0], [0.0, 0.0]]",1771238.1603923365,75.9488992620947,93.07445477442025,52.82393469116287,33.76203233826982,43.858895925766745,36.61422124257072,132,0,True,False,False,False,False,False,False,False,0.9931444438106819,1.4074150146697506,1.1829596366079316,0.44
concentration_positive_0151,random_pareto_sweep,blend_zero_new_best_econ_0.05,"[[-0.004665364169051338, -0.004820264875709211], [-0.010248004372036726, 0.018499664946441778], [0.0049976045265358775, 0.020714017637792605], [0.026726522909562515, 0.009179615377332815]]","[[0.0, 0.0], [0.0, 0.0]]",1794448.918412519,79.59239682730218,82.76882498648247,49.478956145345336,27.7303861385125,40.42484292933821,30.195760624029617,88,0,False,False,False,True,True,False,False,False,1.0061588626956455,1.3917554528066265,1.031891765746371,0.29333333333333333
concentration_positive_0165,random_pareto_sweep,old_2000_last,"[[0.10540086400609255, 0.047642750029461965], [-0.14577983780777654, -0.023207807535837705], [0.3126172942792489, 0.0016501757414421527], [-0.07419705943356569, -0.10084966253066406]]","[[2.111158670875841, 0.3722779261382368], [1.8810288529991799, -1.272480584321866]]",1874915.5724369695,573.2286723574955,19.064446067794,1264.1239411276074,1.8915009943484296,103.00681072353214,61.58341089264209,9,0,False,False,False,False,True,False,False,False,1.051277024749425,6.774032769602322,2.376634003449394,0.03
concentration_positive_0173,random_pareto_sweep,blend_zero_old_2000_last_0.20,"[[-0.02624219061716242, -0.023949451952607594], [-0.004509973688836662, -0.0036491922042395236], [0.005054039416137177, 0.013264327794085658], [-0.0067376184679031675, 0.0007240394132525613]]","[[0.0, 0.0], [0.0, 0.0]]",1780625.9262872841,44.55138462381389,89.71128551719025,40.09658067716087,31.73722388914637,45.315140611683006,22.844217307520722,105,0,True,False,False,False,True,False,False,False,0.9984082235478446,1.0233216062315384,0.9756375020567458,0.35
concentration_positive_0175,random_pareto_sweep,blend_zero_new_best_econ_0.10,"[[-0.019098569051140827, 0.0015209423510941563], [0.011069358027762929, 0.002310923448202135], [0.007222015186196362, -0.026592587871183074], [0.011080724394290488, -0.009723283883454182]]","[[1.0032127612774104, 0.5230795882342105], [0.9631924442767751, 1.0326165808331778]]",1807837.6375629695,158.9516297119086,65.80461975642869,118.96919728103849,18.048018537981406,70.68122206827735,40.01178017642647,62,0,False,False,False,False,True,False,False,False,1.0136660022386794,2.219177283047992,1.5938472094922136,0.20666666666666667
concentration_positive_0177,random_pareto_sweep,blend_zero_old_2000_last_0.20,"[[0.184051591224258, -0.03283240485128667], [0.008993839582099193, 0.07628662007735552], [-0.17164735140606524, 0.007209480083975534], [0.0064213071961308245, 0.186232097324874]]","[[-1.3925336862354234, -1.551617705537069], [1.6911040905968675, 0.03997725300122652]]",1795103.0684034545,76.2066462080933,101.23987624655922,57.993226915422355,40.22142313026989,68.0904742664404,84.73741167135424,80,0,False,False,False,False,True,False,False,False,1.006525648734612,1.4563941769096758,2.295550593457728,0.26666666666666666
concentration_positive_0178,random_pareto_sweep,blend_zero_new_best_econ_0.60,"[[-0.025892295057126775, -0.0281613538472698], [-0.023690158870384698, -0.06322226721446322], [-0.012936477128260009, -0.01796033458260723], [-0.037889835320167126, 0.007752312815248737]]","[[0.0, 0.0], [0.0, 0.0]]",1767869.7186593371,92.83726678178442,101.31645610830128,57.08618963532863,40.125090763818065,40.33577577670613,32.94491641551582,156,0,True,False,False,True,False,False,False,False,0.991255737217613,1.650240306270499,1.0759522275253612,0.52
concentration_positive_0179,random_pareto_sweep,blend_zero_new_best_econ_0.80,"[[-0.04572237832942794, -0.05297016384959983], [0.05285269699861196, -0.01992646497878471], [0.011983712179814988, 0.09984836666404419], [-0.0005232397155231221, 0.035312436087866036]]","[[1.5887425976127885, -1.2745512136502788], [2.009819679666264, -0.8811764478136794]]",1868291.0224851146,418.12874106230413,41.694271091870355,720.8854415798286,9.629001491646864,105.70803493538781,85.08015132568588,12,0,False,False,False,False,True,False,False,False,1.0475625976754432,5.097647640980354,2.7990379269838193,0.04
concentration_positive_0183,random_pareto_sweep,old_2000_last,"[[-0.03714626527454046, -0.007189593790312777], [-0.010267375376321134, 0.03162097367743749], [0.008635220157005703, -0.023544342265468452], [-0.009425887580607993, 0.03112208476771063]]","[[0.0, 0.0], [0.0, 0.0]]",1777436.9645331518,52.13502716556619,89.75891823827372,41.51204476653766,31.80983967263647,102.88372202074171,25.120727468744803,300,0,True,False,False,False,False,False,False,False,0.9966201525145626,1.1117879527077235,1.7749869072740572,1.0
concentration_positive_0184,random_pareto_sweep,blend_zero_old_2000_last_0.60,"[[-0.005341410767661779, -0.004702182968162959], [-0.01075963854311611, -0.034204243126433796], [-0.013552434307799368, 0.02778398611730749], [-0.007622889741223504, -0.002065072609218381]]","[[0.0, 0.0], [0.0, 0.0]]",1777857.0923306572,51.6824007180745,91.15180712322557,40.55038895919628,32.90033784608317,69.83407584121375,26.27858704959874,196,0,True,False,False,False,False,False,False,False,0.9968557208289278,1.114367595690593,1.3566467345743733,0.6533333333333333
concentration_positive_0185,random_pareto_sweep,blend_zero_new_best_econ_0.40,"[[-0.01548265883698769, -0.004074355612059153], [0.017761018716265394, -0.016007291221837666], [1.7806192727664149e-06, 0.014174671033118652], [-0.016489320976254888, 0.02190827585229912]]","[[0.0, 0.0], [0.0, 0.0]]",1775780.643159876,60.639506464120146,95.83517827907252,44.411725980770214,35.995661406565475,42.27034154124132,38.63971458580281,99,0,True,False,False,False,True,False,False,False,0.9956914426404092,1.2449123984292376,1.1952668713080121,0.33
concentration_positive_0187,random_pareto_sweep,blend_zero_new_best_econ_0.60,"[[0.0007574325917995552, 0.0032943453994006573], [0.007997513694671455, 0.014686805769438685], [-0.015649430517101832, -0.02933193930974009], [0.0016856170254699499, -0.034944346746495235]]","[[0.0, 0.0], [0.0, 0.0]]",1780139.6888151476,46.34350324826677,89.61405398055254,40.70636343354001,32.15618725035809,39.136210476045676,41.72934426742461,300,0,True,False,False,False,False,False,False,False,0.9981355871206135,1.043616493600994,1.2046303476088709,1.0
concentration_positive_0188,random_pareto_sweep,blend_zero_old_2000_last_0.20,"[[-0.00466150318238052, 0.0069561736434516], [-0.02829664315247433, 0.01993743140452641], [0.0008294507270344836, -0.00122934822376574], [-0.03874770229805907, 0.0014759362769485483]]","[[0.0, 0.0], [0.0, 0.0]]",1768769.3065743658,82.76848773128143,99.04047194173268,52.54279480168887,38.22859252809864,49.68076294274323,28.431702902842773,110,0,True,False,False,False,True,False,False,False,0.9917601418535948,1.5203232963805535,1.1253599153452396,0.36666666666666664
concentration_positive_0191,random_pareto_sweep,blend_zero_new_300_last_0.40,"[[-0.006763502828312518, -0.009041805936980755], [-0.04820590195091612, -0.0500869371636013], [0.0919074257383035, 0.0937173184940071], [-0.00013235656230517622, 0.014076180254646348]]","[[0.0, 0.0], [0.0, 0.0]]",1790209.2984271694,99.26563751679555,80.30937128457919,64.31317913288754,25.446404327183625,55.47662995773658,66.35926043982695,40,0,False,False,False,False,True,False,False,False,1.003781680944217,1.6067063489200706,1.826188544460635,0.13333333333333333
concentration_positive_0194,random_pareto_sweep,blend_zero_old_2000_last_0.05,"[[0.003013102925163394, -0.017510372139564936], [0.11330308187216437, 0.11718086807150292], [0.11132081005888479, 0.0026567611357547895], [-0.08724359774890017, 0.19252130777592547]]","[[0.7119094234722055, -0.26780445762954747], [0.7053517015943281, 0.7391422946922457]]",1783979.8360304292,168.0064963683746,79.82490651821183,171.7685516766612,25.586247926402056,88.87722723422189,57.343373308937515,19,0,False,False,False,False,True,False,False,False,1.000288781962253,2.403437582742744,2.119864206709576,0.06333333333333334
concentration_positive_0196,random_pareto_sweep,blend_zero_new_300_last_0.40,"[[-0.00296944136813932, -9.086713586902325e-05], [0.004346432549620973, 0.022196615244800624], [0.005438795067721787, -0.02805393257259421], [-0.011246421439773828, 0.003320421017932734]]","[[2.662028012381183, 0.19592159636895723], [1.1449637632537404, -2.1816923016044543]]",1874362.662164935,561.0766980564391,21.017160292249308,1213.9747431420283,2.254122674199083,129.38603298510046,50.59958150827555,2,0,False,False,False,False,True,False,False,False,1.0509670044614274,6.643700972360608,2.545001885566495,0.006666666666666667
concentration_positive_0198,random_pareto_sweep,blend_zero_new_300_last_0.10,"[[0.1066812026266753, 0.0345536624995745], [-0.03918232902475413, -0.031078948297219924], [0.15424818668441506, 0.030657753766456786], [-0.30828051429488135, 0.2420938515658837]]","[[0.5433474067173982, 0.23270141365579342], [0.3734543088584049, -0.2118617336824624]]",1774889.8250116252,155.24442663081464,106.65009481573225,137.1461753386807,47.06509685239494,155.80272497645888,69.08775846118635,20,0,True,False,False,False,True,False,False,False,0.9951919552681492,2.406073538891207,3.1988474311129313,0.06666666666666667
concentration_positive_0199,random_pareto_sweep,new_best_econ,"[[0.0056046556294639316, 0.0286322930454918], [-0.012956051167662352, -0.014560479896395528], [0.02442038520759875, -0.009144904102821828], [-0.00821119827668804, -0.007462885458924838]]","[[0.0, 0.0], [0.0, 0.0]]",1777223.531230822,54.95166574467922,91.03014693730894,43.827205566741796,32.81932336331349,42.85753517429069,57.14592735298635,300,0,True,False,False,False,False,False,False,False,0.9965004791114749,1.1517042003422602,1.50757028176357,1.0
concentration_positive_0200,random_pareto_sweep,blend_zero_old_2000_last_0.10,"[[0.09196961110974024, 0.07562417233322016], [0.04573261920369673, -0.007436729538360371], [-0.031153453497844003, 0.0008939216254200992], [0.029278938488644903, 0.041096889912283385]]","[[1.1802933597633922, 1.8913087576252539], [1.320240576101312, -0.04801958274509848]]",1820446.3924030703,199.69393483719097,67.25081159476274,182.66825326727397,18.665244901006538,69.89859737175237,61.28440968327109,14,0,False,False,False,False,True,False,False,False,1.0207358108577775,2.7011560537305312,1.933545098657149,0.04666666666666667
concentration_positive_0202,random_pareto_sweep,blend_zero_new_best_econ_0.40,"[[-0.012130618990702377, 0.0233839188653554], [-0.03810450916583838, -0.08288784202119509], [-0.07682869228448773, -0.020902543202848484], [-0.06592091381525693, -0.017386094758812295]]","[[0.0, 0.0], [0.0, 0.0]]",1767008.7644484353,106.88814228235958,104.0855913734074,64.40875644151569,42.54540352885391,35.88481277896716,34.052072756434455,199,0,True,False,False,False,False,False,False,False,0.9907729947439846,1.82924634116163,1.0352652336485058,0.6633333333333333
concentration_positive_0204,random_pareto_sweep,blend_zero_new_best_econ_0.10,"[[-0.010167927747336117, 0.007938606560112318], [-0.03208184003377126, 0.0026301390890569117], [-0.024063206117214974, -0.008512969998597185], [0.04422405148512448, 0.018643487544817674]]","[[-1.3727620355599766, 1.747824573113042], [-2.2990116852706715, -0.36588413647192125]]",1785980.0050365948,46.89643727063664,90.43009522917122,39.90066233892348,32.50892466776162,39.057284599605595,24.37647727694386,97,0,False,False,False,True,True,False,False,False,1.001410289379819,1.0546424765760394,0.9180326597339616,0.3233333333333333
concentration_positive_0206,random_pareto_sweep,blend_zero_old_2000_last_0.40,"[[-0.04362980151068319, 0.016499204608851663], [-0.01485587868490458, -0.013701613141285924], [-0.0046944252944254175, 0.027581403104516955], [-0.028186527658963054, -0.03860790444544525]]","[[0.0, 0.0], [0.0, 0.0]]",1770354.6406114944,73.48295021450957,94.82344002924489,47.63676634567506,35.30212033762945,58.03940811941578,31.943926413504244,273,0,True,False,False,False,False,False,False,False,0.9926490486792074,1.3885848911259313,1.2937779074251918,0.91
concentration_positive_0211,random_pareto_sweep,blend_zero_new_best_econ_0.40,"[[-0.030012398679624325, -0.1375281546568678], [0.006253341283377067, -0.02949501950727061], [-0.04610239516621151, -0.21568948868074506], [0.0682767512307893, -0.12330510401091302]]","[[-0.5830897763219778, 1.7284387376248667], [0.7974273012050608, 1.6950599194342053]]",1792777.0659082478,68.06373183232533,80.4111317247,45.913700804707425,27.290639953897877,41.94423369283467,8.100740959352152,300,0,False,False,False,False,False,False,False,False,1.0052214444180718,1.2443997770771023,0.688411576757945,1.0
concentration_positive_0212,random_pareto_sweep,blend_zero_new_best_econ_0.40,"[[0.016519274731078667, 0.019807179217039027], [-0.0890569500113089, -0.015876249693327706], [-0.011245446592430415, 0.06118324101759877], [-0.025311466395346417, 0.013242975452806123]]","[[-0.20061612345920024, 1.2416804230397198], [-2.557297701206287, -2.4210291494159124]]",1769106.2270124091,99.89425348251072,111.39466003993053,61.082501307132645,48.50993148361028,38.62719881749541,54.46986689890031,83,0,True,False,False,False,True,False,False,False,0.9919490552750259,1.7890663040471115,1.4075477698428605,0.27666666666666667
concentration_positive_0217,random_pareto_sweep,blend_zero_new_best_econ_0.80,"[[-0.006446236885040228, 0.047502362925498635], [-0.03601486146849729, -0.024871611850797257], [0.0043354959338562015, 0.03538845812029206], [0.0040434499397614685, 0.014042837046083128]]","[[0.12327652810163468, -0.9874340859391564], [1.0864040080766177, -2.409407848418376]]",1793291.6250560726,80.2179712652936,93.91393578803795,50.71594129027392,35.115182062478894,39.845697260481245,64.41902275539417,81,0,False,False,False,False,True,False,False,False,1.0055099609880631,1.4617918500038332,1.5873939937048975,0.27
concentration_positive_0218,random_pareto_sweep,blend_zero_new_best_econ_0.10,"[[0.017799740651336677, 0.0007862602460550427], [-0.0042944173720172694, -0.03285969120372843], [-0.019595773439957394, 0.02397302946266357], [-0.004171979960667308, 0.005567969317456423]]","[[0.0, 0.0], [0.0, 0.0]]",1781456.1865897882,43.024533822215865,91.73748672671925,41.2363049728174,33.1873723222509,39.0869393124818,35.31066715212532,87,0,True,False,False,False,True,False,False,False,0.9988737557528226,1.0169743120021568,1.0983546036513614,0.29
concentration_positive_0220,random_pareto_sweep,blend_zero_old_2000_last_0.80,"[[0.05262186479523238, -0.10776281570995785], [0.009694858092372803, -0.14764297979108454], [-0.0233888192103964, -0.11470439041987308], [-0.00779805018944271, -0.05010794696075321]]","[[0.0, 0.0], [0.0, 0.0]]",1778024.4508707235,53.494229934375056,85.32348149455585,46.87246650014605,29.038437799415306,89.36024459581401,2.3463453374182563,300,0,True,False,False,False,False,False,False,False,0.9969495598212823,1.102618477962618,1.221243424968226,1.0
concentration_positive_0223,random_pareto_sweep,blend_zero_old_2000_last_0.05,"[[-0.05147944515035172, 0.053921126321129415], [-0.005726119329455629, -0.016306755485247803], [0.02310878113751056, -0.0038182249715858173], [-0.08290258584175983, -0.05307149496947168]]","[[-2.522351703545162, 0.5281681000727492], [-0.8388882298046232, -1.3117499287631729]]",1767977.3392520368,97.43017288509903,102.58151843074361,59.5859008204159,41.091494536567396,56.61399414068171,46.017551659256895,119,0,True,False,False,False,True,False,False,False,0.9913160807648949,1.7107799031893107,1.5065043628605377,0.39666666666666667
concentration_positive_0224,random_pareto_sweep,blend_zero_new_best_econ_0.80,"[[0.09999294713186874, -0.196549837200535], [-0.08375320744394903, 0.01201267659112424], [0.15783630689034966, 0.0553858196350319], [-0.08460246155328026, 0.1529353454106815]]","[[0.24389232287610743, -0.4405577916002205], [0.3487965259441269, -0.25694506447047977]]",1776241.7055025005,138.36155394740578,86.96317619354164,121.80599960578574,29.959398249991104,98.80054728868484,34.17875632862942,40,0,True,False,False,False,True,False,False,False,0.9959499632132307,2.0988629288829803,1.8700043629518621,0.13333333333333333
concentration_positive_0227,random_pareto_sweep,old_2000_last,"[[0.02897470439677684, -0.04596451208551298], [-0.06117919555308902, 0.057908498243998664], [0.0008394081870857937, -0.07745320099280564], [-0.08915578434467746, -0.05580193575998793]]","[[-1.6492604799727442, -1.3786208424657804], [-0.6940219325768557, 2.539365067691569]]",1767553.628295918,89.48106766777103,95.72172729283838,55.33197827566235,35.92282343879931,115.74716339739794,7.60643168464415,300,0,True,False,False,False,False,False,False,False,0.9910785033508233,1.5797022220385375,1.6570177725757032,1.0
concentration_positive_0229,random_pareto_sweep,blend_zero_new_300_last_0.05,"[[0.017195378124506354, 0.04988345567990127], [0.025132217437650657, 0.04270586672676091], [0.0186909279381923, 0.008624804951616596], [-0.025184663712921846, 0.04065009043583985]]","[[0.0, 0.0], [0.0, 0.0]]",1777251.125534725,63.480810867897546,94.76735109171618,48.874899762361395,34.98131077551929,43.15852267229741,40.306289887916364,94,0,True,False,False,False,True,False,False,False,0.9965159514122726,1.2719436955180157,1.23444607288513,0.31333333333333335
concentration_positive_0230,random_pareto_sweep,blend_zero_new_best_econ_0.40,"[[-0.005846302088932905, 0.07957029058611186], [-0.0010210889908111409, 0.0037842935182984547], [0.024211295387644754, -0.004890312797707682], [-0.04101701613715476, 0.018898278776176097]]","[[0.0, 0.0], [0.0, 0.0]]",1769341.3482589533,83.34882256715302,99.96931918966098,54.200861503222754,38.87606348492412,48.35994366388783,49.904768879976075,100,0,True,False,False,False,True,False,False,False,0.9920808892456623,1.5323031911979323,1.461233418524618,0.3333333333333333
concentration_positive_0242,random_pareto_sweep,blend_zero_new_best_econ_0.10,"[[-0.020662611669161814, -0.014607602534625244], [-0.007893498102778737, 0.041303904761766444], [-0.02697672640833623, -0.00837953006633781], [0.001965341202209775, -0.006066655065449851]]","[[-0.1172706995753047, 0.40731425680815864], [0.9053558314591881, 0.703749186974164]]",1779962.3711347566,48.45542333576141,93.94064851163567,40.02133809631217,34.8929475053444,37.42450005643522,30.6997718021062,153,0,True,False,False,True,False,False,False,False,0.9980361639752637,1.0925423701708126,1.0004777546925467,0.51
concentration_positive_0244,random_pareto_sweep,blend_zero_old_2000_last_0.20,"[[0.0062286208490612465, -0.18932123032208054], [-0.058164934403223206, -0.056309770647919866], [0.028699519308761898, 0.1879850024945296], [0.057190746566543715, 0.14484020726356134]]","[[0.0, 0.0], [0.0, 0.0]]",1811591.5919725068,139.5536426948334,84.53041609372083,96.01558861196358,28.83537280685276,50.288021200103,32.943089149144726,77,0,False,False,False,False,True,False,False,False,1.0157708682287643,2.099027488964437,1.2076345459708588,0.25666666666666665
concentration_positive_0245,random_pareto_sweep,blend_zero_old_2000_last_0.60,"[[0.03714254705886212, -0.014636736646045099], [-0.015942088682630067, 0.013376218009546428], [-7.35690812449162e-05, 0.004407076656139214], [-0.0049733378421472135, -0.011925174340494346]]","[[0.0, 0.0], [0.0, 0.0]]",1780191.2121178075,47.006250413400195,85.85562395518406,43.46838512331838,29.336494921273072,74.63227948025241,18.72743389590019,268,0,True,False,False,False,False,False,False,False,0.9981644765624218,1.0301596039178442,1.2958889431572942,0.8933333333333333
concentration_positive_0246,random_pareto_sweep,blend_zero_new_300_last_0.20,"[[-0.013253811218997352, 0.011291682266331827], [-0.0073407021186110205, -0.0017117961322161066], [-0.029152947139694553, 0.046518234334306276], [0.0014239123747899407, 0.009980017945938877]]","[[0.0, 0.0], [0.0, 0.0]]",1782336.1663382465,41.362341982223676,93.729633999152,39.43432012196908,34.74319324590816,37.80040578615558,50.18699201074912,82,0,True,False,False,False,True,False,False,False,0.9993671659657404,1.008861228885721,1.3261280283475276,0.2733333333333333
concentration_positive_0248,random_pareto_sweep,blend_zero_new_300_last_0.20,"[[0.07456392037006586, 0.10879937669717712], [0.1716427481477082, 0.024887107676645703], [0.157025087361187, 0.07924011323904033], [0.014398735931157196, 0.03503410344514679]]","[[0.0, 0.0], [0.0, 0.0]]",1811067.4646110241,231.11742334456133,53.09073515446331,229.48422066309308,11.290524211612011,62.61101603165989,58.99930714953044,20,0,False,False,False,False,True,False,False,False,1.0154769867008335,2.9868737114140886,1.7994951404367905,0.06666666666666667
concentration_positive_0251,random_pareto_sweep,old_2000_last,"[[-0.022750190401569753, 0.010583699828939397], [-0.0027022159266095725, 0.0010961971964660372], [0.025492823123907937, 0.02664161451855743], [-0.03292468615669607, 0.012956693461911346]]","[[0.0, 0.0], [0.0, 0.0]]",1769622.950981058,76.37752161434523,92.93708426614563,50.75876562113611,33.770371084816304,108.605122471731,21.27506773663856,300,0,True,False,False,False,False,False,False,False,0.9922387856737509,1.4116263444385353,1.7874235052768503,1.0
concentration_positive_0258,random_pareto_sweep,blend_zero_new_300_last_0.20,"[[0.0049431420815541, -0.0062229886095871234], [0.009235156098464231, -0.007529795652755243], [0.03295103217883135, 0.040347254744512784], [0.017478765083720097, 0.03082593298828057]]","[[0.0, 0.0], [0.0, 0.0]]",1793275.5787202339,87.22201778346788,82.43900022871986,54.37607857430481,27.124917258016684,41.52674775147929,43.87213977904693,81,0,False,False,False,False,True,False,False,False,1.0055009637060273,1.478630971855107,1.271528915527511,0.27
concentration_positive_0261,random_pareto_sweep,blend_zero_old_2000_last_0.20,"[[-0.0014607037958898554, -0.041342204492187944], [-0.006953736703109585, 0.004871919840893447], [0.001939923542764648, -0.008221389457736364], [-0.0017106080389614297, -0.015681288749556616]]","[[-1.3503749668522647, 0.4015488007636465], [0.3921789826206805, -0.24931487037160666]]",1780270.4903596216,45.817090283316304,91.00122265146388,39.73228974615787,32.76527682640749,43.757878832694274,22.205412342234183,140,0,True,False,False,False,False,False,False,False,0.9982089283742297,1.0453057839908717,0.9445160484480477,0.4666666666666667
concentration_positive_0262,random_pareto_sweep,blend_zero_old_2000_last_0.60,"[[-0.002814047733686172, -0.005584684907460362], [-0.008447862184154654, -0.019418784461527994], [0.013717947196868066, -0.013724939360389004], [-0.011358962939955057, -0.010764831190771961]]","[[0.0, 0.0], [0.0, 0.0]]",1777834.6826335182,51.646596647108154,87.05216790340661,41.75823705170707,29.977691303201617,74.31489053976964,19.243943035663563,260,0,True,False,False,False,False,False,False,False,0.9968431555699475,1.0908650874607946,1.3001879853051324,0.8666666666666667
concentration_positive_0266,random_pareto_sweep,blend_zero_new_300_last_0.10,"[[-0.007990902258340302, -0.005216602244832477], [0.006110620175128312, -0.02585740458021498], [-0.022144350009848025, -0.006025023458424503], [-0.0029075119578832044, -0.02251910211368343]]","[[-0.2109088030334227, 0.14132939511495038], [-0.06445413803374965, 0.41873840645290655]]",1779667.4120040115,47.14671630441657,89.61315933616304,39.83606364668225,31.84220937236891,37.343996847516735,33.098336193055246,168,0,True,False,False,True,False,False,False,False,0.9978707785243394,1.0529528607375274,1.0388823371445621,0.56
concentration_positive_0268,random_pareto_sweep,blend_zero_new_best_econ_0.05,"[[-0.13275811222728484, -0.056839324552685214], [-0.006285472985936222, 0.01823645686463523], [-0.08948370111940604, -0.002680085393023059], [-0.05611320436070158, 0.011731008254482709]]","[[1.600234395281278, 0.6884848489110434], [1.2905903834558619, -0.5255137138857577]]",1769511.101461349,108.11564714664584,104.87073902761136,78.62820167143435,43.20799631295352,74.40475627965068,44.943123616585325,47,0,True,False,False,False,True,False,False,False,0.9921760709403369,1.8479436446795945,1.7242746841885475,0.15666666666666668
concentration_positive_0275,random_pareto_sweep,blend_zero_old_2000_last_0.60,"[[0.027754212479802892, -0.05934432373303562], [0.0004985192630612412, 0.06908670318279043], [0.10387499159561434, 0.06400646344858046], [-0.058853575282512116, 0.02255263410218132]]","[[-0.38610835288846185, -0.85673672092615], [-0.17225861934991635, 0.3613013483050076]]",1774092.6249890663,88.1613603927387,87.09910686688667,61.660302348043224,29.414095830789144,103.55111699616563,21.277823893774126,70,0,True,False,False,False,True,False,False,False,0.9947449601713211,1.5157978089738675,1.7205819313241553,0.23333333333333334
concentration_positive_0282,random_pareto_sweep,blend_zero_new_300_last_0.05,"[[-0.003426830659699953, -0.016665180497643484], [-0.018652107605255156, -0.036517075316663046], [-0.012584304952883086, -0.01978710110224247], [0.0023607766731414703, -0.015753364048474633]]","[[-0.024082591145186093, -0.2642611282024205], [-0.530893044968566, 0.04288322197391918]]",1785063.4750802168,48.31787543421195,85.86689146841368,39.94466126080123,29.440168272830647,38.27277983594402,24.422754511146366,136,0,False,False,False,True,False,False,False,False,1.0008963852340538,1.0454773139747255,0.9084117022555367,0.4533333333333333
concentration_positive_0284,random_pareto_sweep,blend_zero_old_2000_last_0.05,"[[0.01619091031100249, 0.002910131052632337], [0.001855797252820834, 0.010725252268423793], [-0.011928268168218632, 0.02727773148708115], [-3.489314840403084e-05, -0.017118248923838265]]","[[-0.2125710679918861, 0.4747788995224158], [-0.3126728963857608, -0.38283184838865314]]",1779707.7866663104,48.181919549080845,92.1250274228391,40.50444002097481,33.459911421251796,38.778703596770924,36.28561794112622,103,0,True,False,False,False,True,False,False,False,0.9978934168529559,1.0791372869316498,1.1103187506109968,0.3433333333333333
concentration_positive_0285,random_pareto_sweep,new_300_last,"[[0.06595974105942919, -0.08739725606457409], [0.08225402501616956, 0.03516259990233494], [-0.08735939344675919, -0.0071442743994334056], [-0.05487742905595375, 0.03489765566690597]]","[[0.0, 0.0], [0.0, 0.0]]",1768595.8911094342,109.60719854768678,100.24380386990772,78.50972232606034,39.61783938231342,46.423151747505074,64.56756380378098,68,0,True,False,False,False,True,False,False,False,0.9916629067051439,1.8392350146691394,1.6768872587513743,0.22666666666666666
concentration_positive_0290,random_pareto_sweep,blend_zero_old_2000_last_0.05,"[[-0.08228344575237162, 0.001610507313726618], [-0.00386521783910853, -0.01858593688241927], [-0.09586317256706856, 0.11986515898518885], [-0.03628372006334877, 0.1426078122212682]]","[[0.8365644644455239, -1.2364121105262784], [0.5508043823287334, 2.892499416700659]]",1779413.884239834,54.47806146913601,101.1314104771211,47.979380174229505,39.99994575490603,52.25395764526658,56.64799732462731,82,0,True,False,False,False,True,False,False,False,0.9977286239028013,1.2030789301942062,1.6237328890525549,0.2733333333333333
concentration_positive_0299,random_pareto_sweep,blend_zero_new_best_econ_0.10,"[[-0.02662194038078364, -0.02563161017830811], [-0.015032507532928029, 0.0031581582303974944], [0.004518853881781043, -0.025433931085993854], [-0.017455149168939334, -0.016229649739600404]]","[[0.0, 0.0], [0.0, 0.0]]",1776142.6410555823,56.468723780656305,91.61579166125011,42.03613035389108,32.94944726246174,39.95715787271638,27.13692859246109,138,0,True,False,False,True,False,False,False,False,0.9958944171510262,1.1726455692262916,0.9753670689665118,0.46
concentration_positive_0303,random_pareto_sweep,blend_zero_old_2000_last_0.40,"[[0.013006770380067556, -0.02947599501327719], [0.008056667589243751, -0.02239173310474776], [-0.017890239505825585, -0.08306359513865667], [-0.0012218117433160838, 0.04495467533112754]]","[[0.0, 0.0], [0.0, 0.0]]",1782141.9762316777,41.374185107812394,90.56334745947035,41.57551136869986,32.322263194918506,57.576373068986186,20.444774651839055,100,0,True,False,False,False,True,False,False,False,0.9992582823442746,0.9911688047439995,1.0984235882902202,0.3333333333333333
concentration_positive_0305,random_pareto_sweep,blend_zero_new_300_last_0.20,"[[-0.01729707960275954, -0.02878736551037612], [-0.004131041744091452, 0.016235288936554983], [-0.004412326733887757, 0.01083968350011191], [-0.0036225089850437675, 0.014340008694311984]]","[[0.0, 0.0], [0.0, 0.0]]",1780905.6657293935,43.29727715958978,92.32102140593346,39.5468880019982,33.589110203942745,37.295763650172205,31.416693388840883,95,0,True,False,False,True,True,False,False,False,0.9985650752230503,1.0234323610202378,1.010571429534967,0.31666666666666665
concentration_positive_0306,random_pareto_sweep,blend_zero_new_300_last_0.05,"[[-0.055624172411185537, 0.039686616486488864], [-0.013609199733447756, -0.005791395018345032], [-0.012055095298507415, 0.01278022925257466], [0.022876227164044752, 0.05291807559115341]]","[[2.5705113587524564, 0.1394588142337169], [1.6161605433793862, 0.643079509359221]]",1874355.4264508018,531.1283845747375,18.793515325391972,1103.3248103460492,2.6701787152635283,148.5846386021062,62.642396441081274,11,0,False,False,False,False,True,False,False,False,1.05096294735073,6.2828787900627745,2.9972573196981553,0.03666666666666667
concentration_positive_0310,random_pareto_sweep,blend_zero_new_best_econ_0.05,"[[0.15787117713059998, -0.027192575023869743], [0.05508402004481098, 0.08781519119238236], [-0.01966276983725596, 0.11484077474873403], [0.12021738314308966, 0.13803847340611905]]","[[-0.3076415563821706, 1.06203879308947], [0.3841497443292164, 0.6701936665133592]]",1825975.8256469315,189.03466466938227,72.97150004913514,171.83693164891343,22.76551598219032,63.3172128521247,41.517379213717106,76,0,False,False,False,False,True,False,False,False,1.023836199064379,2.6094028905964115,1.5211643261533754,0.25333333333333335
concentration_positive_0315,random_pareto_sweep,blend_zero_new_best_econ_0.05,"[[-0.039105566621409904, -0.008304889381175748], [-0.005258544877112235, -0.021488272982248393], [0.014956903898087197, -0.004375325755787744], [-0.012715890892288556, -0.00650667870137087]]","[[-0.35048754404378885, 0.06282673702022204], [-0.025337978783128698, -0.5697321115744063]]",1778783.65176248,49.90485551000381,92.24097403379292,40.33113829184072,33.38512204972821,41.78824475700358,30.565361172303227,95,0,True,False,False,False,True,False,False,False,0.9973752485650349,1.0998280367754514,1.0560176510793502,0.31666666666666665
concentration_positive_0316,random_pareto_sweep,blend_zero_new_300_last_0.20,"[[0.057933827042088805, 0.05721382598965083], [-0.022996433240339384, 0.06767727947859767], [-0.09799554969846216, -0.0948987838193326], [-0.025125496329368065, 0.14975661360871356]]","[[0.0, 0.0], [0.0, 0.0]]",1773902.4861968495,81.88614270763435,109.09060403504361,54.446700859606665,46.51087917561643,40.93884761994866,61.4838828323814,80,0,True,False,False,False,True,False,False,False,0.9946383481474467,1.566656418263809,1.5535615156014932,0.26666666666666666
concentration_positive_0319,random_pareto_sweep,zero_residual_profile,"[[0.0027728679388091585, 0.12962584129368085], [-0.15847230182129213, 0.0735963203722777], [-0.019889892974259724, 0.0924884193919408], [-0.08192821061003154, 0.0024393069862838467]]","[[0.0, 0.0], [0.0, 0.0]]",1768445.1440143678,101.70995520401709,112.00519229345116,62.5858993576241,49.03248214144203,47.940240066996665,46.707330090722024,81,0,True,False,False,False,True,False,False,False,0.9915783818551076,1.8136210608213839,1.4030628616318341,0.27
concentration_positive_0320,random_pareto_sweep,blend_zero_old_2000_last_0.80,"[[-0.025608260258939277, -0.011608227237262849], [0.0025986225798999897, -0.015138244486089856], [-0.006601471260556359, -0.037715947089671416], [-0.007412998409674602, 0.020471732932500136]]","[[0.0, 0.0], [0.0, 0.0]]",1777715.9179095635,51.80921727825039,90.11400256773771,40.89059651669403,32.11296021138067,84.73491001510669,17.764262753319343,156,0,True,False,False,False,False,False,False,False,0.9967765634377578,1.1099983382615306,1.4137419613537419,0.52
concentration_positive_0321,random_pareto_sweep,blend_zero_old_2000_last_0.05,"[[0.10338812532569526, 0.00824118153529869], [0.12953429180307463, -0.03400911857676711], [-0.06255396200344765, -0.0354811877047059], [-0.010974513253749539, 0.11560332756014818]]","[[-1.3476882893661553, 1.7100331680649203], [1.4959526224635542, -0.7282172795304155]]",1773430.7043232517,86.94478958389735,110.99376000310758,57.235056322585194,48.18405447549791,55.6799479719343,65.0514516837898,86,0,True,False,False,False,True,False,False,False,0.9943738170657821,1.636205868667397,1.8073584678626846,0.2866666666666667
concentration_positive_0326,random_pareto_sweep,blend_zero_new_best_econ_0.05,"[[-0.05052673837115665, 0.07219027838711754], [-0.05939551477478877, 0.00026908264146938425], [0.0675984814353954, 0.11130002060465101], [0.08952058288862401, 0.007498963191282787]]","[[0.0, 0.0], [0.0, 0.0]]",1825489.7274088634,207.6414614644822,60.22046659056059,188.34766002518438,17.5065319651113,46.70424892724435,59.82819722328338,40,0,False,False,False,False,True,False,False,False,1.0235636407065707,2.7539965064492065,1.6026179437812176,0.13333333333333333
concentration_positive_0329,random_pareto_sweep,blend_zero_new_best_econ_0.20,"[[0.0015917248966546061, 0.008036948941296237], [0.00781861103688262, 0.005082908553805717], [-0.013073943475650203, -0.011019491750376307], [-0.022672997030412506, -0.031226731870045446]]","[[-0.6901411970769734, 0.13648662206212858], [0.39231560669169746, -0.9183668844106728]]",1774576.3089535504,65.60077145925801,97.21540932163188,44.00314408025541,37.10377755292224,37.64580088282642,34.80700240817524,145,0,True,False,False,False,False,False,False,False,0.9950161648306546,1.310384570537231,1.070993801082717,0.48333333333333334
concentration_positive_0331,random_pareto_sweep,blend_zero_new_300_last_0.05,"[[0.017528520864392504, -0.16165321741041513], [0.09929166602019272, -0.01762879596544965], [0.01617623962359099, 0.07645616720291859], [0.032824224235998394, 0.11652031584608996]]","[[0.06146230890366044, 0.2538167122533457], [0.2018145863989521, 0.6203651626547629]]",1802446.1060081979,121.8005329248861,81.1029354207045,83.55026692641385,26.13937125078645,57.57872884331101,28.793543551474016,81,0,False,False,False,False,True,False,False,False,1.0106429363817053,1.8732569882840804,1.2358393974642392,0.27
concentration_positive_0337,random_pareto_sweep,blend_zero_new_300_last_0.60,"[[0.0617294080661561, -0.12974390314394313], [-0.06305723915732202, -0.0029172342998783156], [-0.11961277321567561, -0.2004143883513601], [-0.01592103874394357, 0.05726085621732409]]","[[0.0, 0.0], [0.0, 0.0]]",1772692.2972274818,85.22311972687028,99.75761395943663,55.51750350926979,39.087755710251756,42.268849464315736,32.44945942055287,93,0,True,False,False,False,True,False,False,False,0.9939597875350092,1.552909188426538,1.093382294256192,0.31
concentration_positive_0340,random_pareto_sweep,blend_zero_new_300_last_0.80,"[[0.0207274178487515, -0.08034793242772786], [-0.00516976975869099, -0.05886332802071387], [-0.0018431951488513114, -0.11576398384448694], [-0.07704161341876214, 0.05945168044200938]]","[[0.0, 0.0], [0.0, 0.0]]",1767777.0661174215,106.47846543792403,106.08593573712713,65.93999241012102,44.106560933701026,52.50188014439979,56.62836748267313,100,0,True,False,False,False,True,False,False,False,0.991203786351114,1.8357462254436991,1.626690981994045,0.3333333333333333
concentration_positive_0350,random_pareto_sweep,blend_zero_old_2000_last_0.80,"[[0.05475374448798405, 0.16268008825063507], [0.018565353544526975, -0.09095628762477181], [-0.18180793836014722, 0.06870109581123818], [-0.08690873594774134, 0.08668369771613471]]","[[0.0, 0.0], [0.0, 0.0]]",1768430.216358808,116.44777063927644,113.1376662076844,74.8774920711897,50.42387422428168,88.08643375486412,44.13632061421896,71,0,True,False,False,False,True,False,False,False,0.9915700118241825,1.9913997850515226,1.8920675250244727,0.23666666666666666
concentration_positive_0354,random_pareto_sweep,blend_zero_old_2000_last_0.05,"[[0.08602526073028055, -0.0092236892536358], [0.0790373354410154, -0.036743425341325804], [0.0009418189273349971, 0.04023746650852833], [0.03310385683479113, 0.055038091682894176]]","[[0.6241942879990356, -0.35262775085947573], [0.28627053055920093, -0.10958011988887514]]",1824543.4805040786,226.42111062049787,54.45170158878947,219.1245537564759,13.136289062383977,56.80892283483837,42.383874996431985,34,0,False,False,False,False,True,False,False,False,1.023033074079804,2.9399193227366474,1.4492895307904707,0.11333333333333333
concentration_positive_0357,random_pareto_sweep,blend_zero_new_best_econ_0.05,"[[-0.017230985302878993, 0.045099064758795764], [-0.06355733871782794, 0.05856518160582069], [-0.00044761698861103664, -0.0024006175875864208], [-0.03465071622324264, -0.06139250652567068]]","[[0.2938366103011762, -0.48063921115233094], [-0.7742240928621545, -0.45453265541889326]]",1773304.7467083442,65.32473911604704,89.72530121638943,46.56824845535783,31.52898408506036,45.925981978914194,45.499385957982724,203,0,True,False,False,False,False,False,False,False,0.9943031918341231,1.264995608631541,1.3565277486850515,0.6766666666666666
concentration_positive_0361,random_pareto_sweep,blend_zero_new_best_econ_0.80,"[[-0.06594371195133918, -0.0365083142932826], [0.0006714207716025507, -0.026437904925800094], [0.057212312907281085, 0.011345050798139819], [-0.02314548646142965, -0.006679096498702318]]","[[-1.7081563410231166, -1.0209775712094074], [0.7121847280265572, 0.5300498790405593]]",1779950.5299084822,46.37876000692877,90.18997640748165,40.09107532812424,32.352695474318196,52.574069124252816,53.63365711181717,300,0,True,False,False,False,False,False,False,False,0.9980295245247678,1.0472696961735637,1.5783663805877386,1.0
concentration_positive_0362,random_pareto_sweep,blend_zero_new_best_econ_0.20,"[[0.07491265893066236, -0.08908741401863961], [0.13038267738563417, 0.05294491562496215], [-0.11319244506457214, -0.05290767014634118], [-0.05464606145286241, 0.015987672130233086]]","[[-2.091388719333864, 0.8235350015967919], [0.42935529684624474, 0.15830633580754758]]",1768423.565911134,101.23841538681063,104.48752929438976,60.72867110098922,42.79652785670241,46.4868937297546,29.34441853711118,100,0,True,False,False,False,True,False,False,False,0.9915662828760917,1.7658031693476477,1.098110199608159,0.3333333333333333
concentration_positive_0369,random_pareto_sweep,blend_zero_new_best_econ_0.20,"[[-0.03958298531910162, -0.10741043401688183], [0.04763377925301396, -0.03679658246952401], [-0.057371845787586064, -0.08576626132293906], [-0.07195504055709827, -0.04806071102269264]]","[[0.0, 0.0], [0.0, 0.0]]",1767350.4005247867,104.95376515862712,98.58778803073453,67.60010075568938,38.21462870979092,47.963058199756574,7.797043568889251,239,0,True,False,False,False,False,False,False,False,0.9909645522536527,1.7757899244864084,0.7630697982781336,0.7966666666666666
concentration_positive_0372,random_pareto_sweep,blend_zero_new_300_last_0.60,"[[-0.007285265255452436, -0.006687988076945099], [0.0007345005652896825, -0.021315971680747788], [-0.04465530677153936, 0.004782697246640753], [-0.039777998985903715, -0.019860774062894413]]","[[0.0, 0.0], [0.0, 0.0]]",1767162.9664289122,100.77318708527754,101.6580374797268,60.75980471823125,40.56946179381005,36.378185035971,62.85342352743356,284,0,True,False,False,False,False,False,False,False,0.990859456770131,1.7444589586465544,1.5157404210034402,0.9466666666666667
concentration_positive_0373,random_pareto_sweep,blend_zero_new_best_econ_0.20,"[[-0.035431647178971445, -0.03296888895522607], [0.008527103482385832, -0.004446163301201468], [-0.005168009109362471, -0.02631803567248019], [-0.013116981776771224, 0.007529103184203748]]","[[0.0, 0.0], [0.0, 0.0]]",1777333.4660149685,54.397293756643705,92.7320359652845,41.99069848213116,33.765264165597515,39.21183373871358,30.776530633025033,100,0,True,False,False,True,True,False,False,False,0.9965621202405438,1.1548405959183055,1.0253952321237687,0.3333333333333333
concentration_positive_0374,random_pareto_sweep,blend_zero_new_best_econ_0.20,"[[0.04825460060629573, -0.012610992912910544], [-0.09261246429602461, -0.03783224495331081], [-0.004884464043634589, -0.03882435260020572], [-0.05273121056668766, 0.0034876142111743068]]","[[0.0, 0.0], [0.0, 0.0]]",1768786.5114273205,94.13574321593832,99.59467913897586,61.8436633151923,38.72351937628436,49.784844638035736,31.00618855841742,94,0,True,False,False,False,True,False,False,False,0.991769788723508,1.6556458858956935,1.169102278740391,0.31333333333333335
concentration_positive_0376,epsilon_local_refinement,new_best_econ,"[[0.002692590174804051, -0.12156361295986817], [-0.14197173831764306, -0.040460901581739546], [-0.12460946698818057, 0.05206334182545254], [-0.0411426888626269, -0.06271178843317118]]","[[0.021304611880017883, 0.10097863493129695], [0.09006472190290576, -0.03609776829835324]]",1766645.6426886811,110.52744859360762,105.86018573527701,66.23231330006195,44.2509309090523,36.33976174303314,50.46401267152763,286,0,True,False,False,False,False,False,False,False,0.9905693900756849,1.8815648320316312,1.3113557856090277,0.9533333333333334
concentration_positive_0378,epsilon_local_refinement,blend_zero_new_best_econ_0.05,"[[-0.004850782877362288, -0.07241966865674195], [-0.002918462263418657, 0.06165774631581683], [-0.05670585407696108, -0.012237358690163569], [-0.01937423660791804, -0.03488522853188727]]","[[0.0, 0.0], [0.0, 0.0]]",1773323.795078423,69.58132900243629,95.17551553924923,45.068441409627894,35.611434152150764,35.81476697759015,25.15067830329636,172,0,True,False,True,True,False,False,True,False,0.9943138723757524,1.3451914816619959,0.8878597581439154,0.5733333333333334
concentration_positive_0382,epsilon_local_refinement,blend_zero_new_best_econ_0.05,"[[-0.004850782877362288, -0.07241966865674195], [-0.002918462263418657, 0.06165774631581683], [-0.06170585407696108, -0.012237358690163569], [-0.01937423660791804, -0.03488522853188727]]","[[-0.1, 0.0], [0.0, 0.0]]",1773596.7050552936,69.5285877476908,95.19248785736389,44.94301356152974,35.64462229832513,35.97089305854291,25.15067830329636,172,0,True,False,True,True,False,False,True,False,0.994466894726586,1.3446736738380674,0.8899259992759139,0.5733333333333334
concentration_positive_0384,epsilon_local_refinement,new_best_econ,"[[0.002692590174804051, -0.12156361295986817], [-0.14197173831764306, -0.040460901581739546], [-0.10960946698818057, 0.05206334182545254], [-0.0411426888626269, -0.06271178843317118]]","[[0.021304611880017883, 0.10097863493129695], [0.09006472190290576, -0.03609776829835324]]",1766701.351342616,109.50620182742801,105.60988243755531,65.66956439052846,44.01716264205325,36.34078722908504,50.46401267152763,286,0,True,False,False,False,False,False,False,False,0.9906006262704353,1.8682781635938908,1.311369357341872,0.9533333333333334
concentration_positive_0386,epsilon_local_refinement,blend_zero_new_best_econ_0.05,"[[-0.004850782877362288, -0.08741966865674194], [-0.002918462263418657, 0.06165774631581683], [-0.06170585407696108, -0.012237358690163569], [-0.01937423660791804, -0.03488522853188727]]","[[0.0, 0.0], [0.0, 0.0]]",1773166.9352195482,70.6167813160893,95.39333285243552,45.373515400023464,35.77706400981134,35.81476697759015,25.15067830329636,172,0,True,False,True,True,False,False,True,False,0.9942259200603709,1.3584604244814207,0.8878597581439154,0.5733333333333334
concentration_positive_0388,epsilon_local_refinement,new_best_econ,"[[-0.027307409825195948, -0.12156361295986817], [-0.14197173831764306, -0.040460901581739546], [-0.12460946698818057, 0.05206334182545254], [-0.0411426888626269, -0.06271178843317118]]","[[0.021304611880017883, 0.10097863493129695], [0.09006472190290576, -0.03609776829835324]]",1766604.1533660674,110.55263074934234,105.99203533807237,66.02330872593872,44.3604655746186,35.92768425335615,50.449282909901655,286,0,True,False,False,False,False,False,False,False,0.9905461267499771,1.8826001801284602,1.305659782932639,0.9533333333333334
concentration_positive_0390,epsilon_local_refinement,blend_zero_new_best_econ_0.05,"[[-0.004850782877362288, -0.08741966865674194], [-0.007918462263418656, 0.06165774631581683], [-0.06170585407696108, -0.012237358690163569], [-0.01937423660791804, -0.03488522853188727]]","[[0.0, 0.0], [0.0, 0.0]]",1773166.9352195482,70.6167813160893,95.39333285243552,45.373515400023464,35.77706400981134,35.81476697759015,25.15067830329636,172,0,True,False,True,True,False,False,True,False,0.9942259200603709,1.3584604244814207,0.8878597581439154,0.5733333333333334
concentration_positive_0392,epsilon_local_refinement,new_best_econ,"[[-0.012307409825195948, -0.12156361295986817], [-0.14197173831764306, -0.040460901581739546], [-0.12460946698818057, 0.05206334182545254], [-0.0411426888626269, -0.06271178843317118]]","[[0.021304611880017883, 0.10097863493129695], [0.09006472190290576, -0.03609776829835324]]",1766604.1533660674,110.55263074934234,105.99203533807237,66.02330872593872,44.3604655746186,35.92768425335615,50.449282909901655,286,0,True,False,False,False,False,False,False,False,0.9905461267499771,1.8826001801284602,1.305659782932639,0.9533333333333334
concentration_positive_0393,epsilon_local_refinement,blend_zero_old_2000_last_0.80,"[[0.0, 0.0], [0.0, 0.0], [-0.005, -0.005], [0.0, 0.03]]","[[0.0, 0.0], [0.0, 0.0]]",1780781.1076840307,42.22927875518961,88.89320182589044,39.526242987893866,31.356496312267865,84.87786313523497,22.199557631248183,100,0,True,False,False,False,True,False,False,False,0.9984952347388905,0.9917085710986248,1.4886196389861355,0.3333333333333333
concentration_positive_0394,epsilon_local_refinement,blend_zero_new_best_econ_0.05,"[[-0.004850782877362288, -0.08741966865674194], [-0.002918462263418657, 0.06165774631581683], [-0.06170585407696108, 0.01776264130983643], [-0.01937423660791804, -0.03488522853188727]]","[[0.0, 0.0], [0.0, 0.0]]",1773308.865934065,70.35658114255611,96.3238287578739,45.279515011712824,36.479281139401216,35.81476697759015,27.598150041329035,161,0,True,False,True,True,False,False,True,False,0.9943055015100486,1.3606741421530542,0.9281345588559963,0.5366666666666666
concentration_positive_0397,epsilon_local_refinement,blend_zero_old_2000_last_0.80,"[[0.0, 0.0], [0.0, 0.0], [-0.005, -0.005], [0.005, 0.0]]","[[0.0, 0.0], [0.0, 0.0]]",1782218.105480025,39.345615909099834,85.50029900323668,39.416518373095,29.34620986900502,85.37786313523497,19.199557631248155,300,0,True,True,False,False,False,True,False,False,0.9993009684955209,0.9390651445797461,1.445869832111055,1.0
concentration_positive_0398,epsilon_local_refinement,blend_zero_new_best_econ_0.05,"[[-0.019850782877362288, -0.08741966865674194], [-0.002918462263418657, 0.06165774631581683], [-0.06170585407696108, -0.012237358690163569], [-0.01937423660791804, -0.03488522853188727]]","[[0.0, 0.0], [0.0, 0.0]]",1773166.9352195482,70.6167813160893,95.39333285243552,45.373515400023464,35.77706400981134,35.81476697759015,25.15067830329636,172,0,True,False,True,True,False,False,True,False,0.9942259200603709,1.3584604244814207,0.8878597581439154,0.5733333333333334
concentration_positive_0399,epsilon_local_refinement,zero_residual_profile,"[[0.0, 0.0], [0.0, 0.0], [-0.03, 0.0], [0.0, 0.0]]","[[0.0, 0.0], [0.0, 0.0]]",1782542.884586427,38.641005989996394,90.28227366706125,39.332892460783455,32.225762417464836,37.780218033349,30.384653614170787,101,0,True,False,True,True,True,False,True,False,0.9994830741954779,0.9577990072002116,1.0,0.33666666666666667
concentration_positive_0400,epsilon_local_refinement,new_best_econ,"[[-0.027307409825195948, -0.15156361295986817], [-0.14197173831764306, -0.040460901581739546], [-0.12460946698818057, 0.05206334182545254], [-0.0411426888626269, -0.06271178843317118]]","[[0.12130461188001788, 0.10097863493129695], [0.09006472190290576, -0.03609776829835324]]",1766555.2774153736,110.8279033991823,105.55956438830344,66.19109204657877,44.01627189207434,35.934720204478594,46.205254578480634,286,0,True,False,False,False,False,False,False,False,0.9905187216951669,1.8833662605287111,1.2359145467732269,0.9533333333333334
concentration_positive_0402,epsilon_local_refinement,blend_zero_new_best_econ_0.05,"[[-0.004850782877362288, -0.08741966865674194], [-0.002918462263418657, 0.06165774631581683], [-0.06170585407696108, -0.012237358690163569], [-0.014374236607918037, -0.03488522853188727]]","[[0.0, 0.0], [0.0, 0.0]]",1775126.8269584344,64.39470858260451,94.0432620096818,43.22074937494692,34.85932775697294,36.31476697759015,25.15067830329636,172,0,True,False,True,True,False,False,True,False,0.9953248437593241,1.2784948395980527,0.8944769777634347,0.5733333333333334
concentration_positive_0408,epsilon_local_refinement,new_best_econ,"[[0.0026925901748040514, -0.15156361295986817], [-0.14197173831764306, -0.040460901581739546], [-0.12460946698818057, 0.05206334182545254], [-0.0411426888626269, -0.06271178843317118]]","[[0.12130461188001788, 0.10097863493129695], [0.09006472190290576, -0.03609776829835324]]",1766651.7911719484,110.77909117522248,105.25411887296823,66.68783564982141,43.76390693015297,37.014508110365455,46.2409554576503,286,0,True,False,False,False,False,False,False,False,0.9905728375691566,1.8810785311572058,1.2507924162873523,0.9533333333333334
concentration_positive_0409,epsilon_local_refinement,blend_zero_old_2000_last_0.80,"[[0.0, -0.015], [0.005, 0.0], [-0.005, -0.005], [0.0, 0.0]]","[[0.0, 0.0], [0.0, 0.0]]",1780395.1252163704,42.29638368504487,86.45892968997185,40.07738684082389,29.86602049689691,85.87786313523497,14.699557631248155,300,0,True,True,False,False,False,True,False,False,0.9982788119270196,0.9787810025342905,1.378436511988675,1.0
concentration_positive_0410,epsilon_local_refinement,blend_zero_new_best_econ_0.05,"[[-0.004850782877362288, -0.08741966865674194], [-0.002918462263418657, 0.06165774631581683], [-0.06170585407696108, -0.012237358690163569], [-0.01937423660791804, -0.04988522853188727]]","[[-0.7, 0.0], [0.0, 0.0]]",1775402.793839121,64.16430948497177,93.14525368182544,43.08829311458576,34.29651559150706,36.64420303364213,23.65067830329636,206,0,True,False,True,True,False,False,True,False,0.9954795801354696,1.2707583754083838,0.8741533659831034,0.6866666666666666
concentration_positive_0411,epsilon_local_refinement,zero_residual_profile,"[[0.0, 0.0], [0.0, 0.0], [0.0, 0.0], [0.0, 0.0]]","[[0.0, 0.0], [0.0, -0.7]]",1783780.9064952314,43.362940589319365,90.33542910544595,39.51596107469986,32.19506555487404,37.780218033349,31.27863298500884,90,0,False,False,False,True,True,False,False,False,1.0001772409131668,1.0130146573645917,1.014711034428596,0.3
concentration_positive_0422,epsilon_local_refinement,blend_zero_new_best_econ_0.05,"[[-0.004850782877362288, -0.08741966865674194], [-0.002918462263418657, 0.05665774631581683], [-0.06170585407696108, -0.01723735869016357], [-0.01937423660791804, -0.04988522853188727]]","[[0.0, 0.0], [0.0, 0.0]]",1772919.022859246,70.79149325952685,94.4323548671716,45.44445429557579,35.12551024330773,35.81476697759015,21.65067830329636,206,0,True,False,True,True,False,False,True,False,0.9940869140313163,1.35508082242759,0.8302648939002159,0.6866666666666666
concentration_positive_0426,epsilon_local_refinement,blend_zero_new_best_econ_0.05,"[[-0.004850782877362288, -0.08741966865674194], [-0.002918462263418657, 0.05665774631581683], [-0.06170585407696108, -0.01723735869016357], [-0.01937423660791804, -0.054885228531887265]]","[[0.0, 0.0], [0.0, 0.0]]",1772852.5512000185,70.82526512304318,94.20781569178428,45.459243499632045,34.97957154732836,35.81476697759015,21.15067830329636,218,0,True,False,True,True,False,False,True,False,0.9940496429513966,1.3542091538856622,0.8220370561511159,0.7266666666666667
concentration_positive_0430,epsilon_local_refinement,blend_zero_new_best_econ_0.05,"[[-0.004850782877362288, -0.08741966865674194], [0.0020815377365813433, 0.05665774631581683], [-0.06170585407696108, -0.01723735869016357], [-0.01937423660791804, -0.054885228531887265]]","[[0.0, 0.0], [0.0, 0.0]]",1772914.5010443602,70.6288323604079,94.08263017350546,45.58709494312369,34.88807769215896,36.231074524906404,21.15067830329636,218,0,True,False,True,True,False,False,True,False,0.9940843786210987,1.351219680431218,0.8275466530908261,0.7266666666666667
concentration_positive_0437,epsilon_local_refinement,blend_zero_old_2000_last_0.80,"[[0.0, -0.015], [0.0, 0.0], [-0.005, -0.005], [0.0, -0.015]]","[[0.0, -0.1], [0.0, 0.0]]",1780743.2238572643,40.07472766599088,85.23054835522697,39.55855028419093,29.17236332375075,85.21050051322254,13.481694349098433,300,0,True,True,False,False,False,True,False,False,0.9984739930375176,0.9460257140196052,1.3495635789450176,1.0
concentration_positive_0438,epsilon_local_refinement,blend_zero_new_best_econ_0.05,"[[-0.004850782877362288, -0.08741966865674194], [-0.002918462263418657, 0.05665774631581683], [-0.06170585407696108, -0.01723735869016357], [-0.01937423660791804, -0.039885228531887265]]","[[0.0, 0.0], [0.0, 0.3]]",1772972.480908008,70.78072595652755,94.57053185639077,45.43760493998646,35.209682770961976,35.81476697759015,20.36575479760006,196,0,True,False,True,True,False,False,True,False,0.994116888297506,1.3557337077647047,0.8091206096504682,0.6533333333333333
concentration_positive_0442,epsilon_local_refinement,blend_zero_new_best_econ_0.05,"[[-0.004850782877362288, -0.08741966865674194], [-0.002918462263418657, 0.05665774631581683], [-0.06170585407696108, -0.01723735869016357], [-0.014374236607918037, -0.054885228531887265]]","[[0.0, 0.0], [0.0, 0.3]]",1774738.9048807526,64.65589784046006,92.57166883267408,43.30463250551311,33.897096918506755,36.31476697759015,18.896309657630297,230,0,True,False,True,True,False,False,True,False,0.9951073333958415,1.2732455694461842,0.7915571168842384,0.7666666666666667
concentration_positive_0446,epsilon_local_refinement,blend_zero_new_best_econ_0.05,"[[-0.004850782877362288, -0.08741966865674194], [-0.002918462263418657, 0.05665774631581683], [-0.05670585407696108, -0.01723735869016357], [-0.01937423660791804, -0.054885228531887265]]","[[0.0, 0.0], [0.0, 0.3]]",1772930.3791160234,69.85106967886767,93.67200460558607,45.1752764375376,34.60329447488224,35.81476697759015,18.88322701594214,231,0,True,False,True,True,False,False,True,False,0.9940932815563467,1.3398619279453228,0.7847246135584394,0.77
concentration_positive_0450,epsilon_local_refinement,blend_zero_new_best_econ_0.05,"[[-0.004850782877362288, -0.08741966865674194], [-0.002918462263418657, 0.05665774631581683], [-0.06170585407696108, -0.04723735869016357], [-0.01937423660791804, -0.054885228531887265]]","[[0.0, 0.0], [0.0, 0.3]]",1772774.9496974917,70.88225551015424,93.90170774739173,45.481927362609035,34.77469330752622,35.81476697759015,17.58772569626035,231,0,True,False,True,True,False,False,True,False,0.9940061312979165,1.353148183483715,0.763406264234266,0.77
concentration_positive_0454,epsilon_local_refinement,blend_zero_new_best_econ_0.05,"[[-0.004850782877362288, -0.08741966865674194], [-0.002918462263418657, 0.05665774631581683], [-0.06170585407696108, -0.04723735869016357], [-0.01937423660791804, -0.054885228531887265]]","[[0.3, 0.0], [0.0, 0.3]]",1772245.7539274218,71.5764101180067,92.98858499731026,48.32667143079666,34.05883647700898,41.033262952590974,17.597520612072003,231,0,True,False,False,True,False,False,False,False,0.993709407881221,1.3560792086464364,0.8326313140907124,0.77
concentration_positive_0455,epsilon_local_refinement,zero_residual_profile,"[[0.0, -0.02], [0.0, 0.0], [0.0, 0.0], [0.0, 0.0]]","[[0.0, 0.0], [0.1, -0.3]]",1783631.4627714455,43.21220832279771,89.66600369611373,39.50585462480151,31.756971730712362,37.780218033349,27.391527990913715,94,0,False,False,True,True,True,False,False,False,1.0000934468716545,1.0074919303382115,0.9507460960183345,0.31333333333333335
concentration_positive_0458,epsilon_local_refinement,blend_zero_new_best_econ_0.05,"[[-0.004850782877362288, -0.08741966865674194], [-0.007918462263418656, 0.05665774631581683], [-0.06170585407696108, -0.04723735869016357], [-0.01937423660791804, -0.054885228531887265]]","[[0.0, 0.0], [0.0, 0.3]]",1772774.9496974917,70.88225551015424,93.90170774739173,45.481927362609035,34.77469330752622,35.81476697759015,17.58772569626035,231,0,True,False,True,True,False,False,True,False,0.9940061312979165,1.353148183483715,0.763406264234266,0.77
concentration_positive_0459,epsilon_local_refinement,zero_residual_profile,"[[0.0, -0.02], [0.0, 0.0], [0.0, 0.0], [-0.005, 0.0]]","[[0.0, 0.0], [0.0, -0.3]]",1781623.0546641778,41.64192601298378,90.6715492475781,39.44931096215133,32.37536811145211,37.887427672500735,26.777268220421888,95,0,True,False,False,True,True,False,False,False,0.9989673197379688,0.9948919555245486,0.9420568960187151,0.31666666666666665
concentration_positive_0469,epsilon_local_refinement,blend_zero_old_2000_last_0.80,"[[0.015, -0.015], [0.0, 0.0], [-0.005, -0.01], [0.0, -0.045]]","[[0.0, 0.0], [0.0, 0.0]]",1780411.3557470562,42.402604284665045,84.94247800544042,40.9914041880176,28.955609376133637,86.37786313523497,12.207083201442174,300,0,True,True,False,False,False,True,False,False,0.9982879124882718,0.9714768300975638,1.3440383812037466,1.0
concentration_positive_0474,epsilon_local_refinement,blend_zero_new_best_econ_0.05,"[[-0.004850782877362288, -0.08741966865674194], [0.012081537736581343, 0.05665774631581683], [-0.07670585407696108, -0.04723735869016357], [-0.01937423660791804, -0.054885228531887265]]","[[0.0, 0.0], [-0.1, 0.6]]",1772635.4734153003,72.75474860508406,93.59251510291432,47.147316362605075,34.575005733425925,38.231074524906404,15.692706254966907,239,0,True,False,False,True,False,False,False,False,0.9939279260639737,1.3731842230714486,0.7642009146633493,0.7966666666666666
concentration_positive_0477,epsilon_local_refinement,blend_zero_old_2000_last_0.80,"[[0.0, -0.03], [0.0, 0.0], [-0.034999999999999996, -0.01], [0.0, -0.045]]","[[0.0, 0.0], [0.0, 0.0]]",1778816.4401953295,50.28571150066651,87.6681003190026,40.14303024235316,30.812652999089337,84.87786313523497,10.12262690841402,300,0,True,False,False,False,False,False,False,False,0.9973936332467982,1.0785064012722796,1.2898855859969363,1.0
concentration_positive_0479,epsilon_local_refinement,zero_residual_profile,"[[0.0, -0.02], [0.0, 0.0], [-0.03, 0.0], [0.0, 0.0]]","[[0.0, 0.0], [-0.1, -0.3]]",1782632.475617962,38.579462550423614,90.63375864840833,39.32746204621942,32.44998280136323,37.780218033349,26.626393245084785,95,0,True,False,True,True,True,False,True,False,0.9995333084537352,0.9590625549615048,0.9381552869285759,0.31666666666666665
concentration_positive_0483,epsilon_local_refinement,zero_residual_profile,"[[0.0, -0.02], [0.0, 0.0], [0.0, 0.0], [0.0, 0.0]]","[[0.0, 0.0], [-0.1, 0.0]]",1783439.59976774,42.934776954598405,88.63024570947215,39.48557880853464,31.062910529417557,37.780218033349,25.91270728262836,101,0,True,True,True,True,True,True,True,True,0.9999858680714886,0.9984327754951868,0.9264111023227726,0.33666666666666667
concentration_positive_0485,epsilon_local_refinement,blend_zero_old_2000_last_0.80,"[[0.0, -0.03], [0.0, 0.0], [-0.005, -0.01], [0.0, -0.045]]","[[0.0, 0.7], [0.0, 0.0]]",1774745.2117576667,62.835757282360746,90.27611500515405,42.946979032022696,32.339544188466235,83.93287787597376,10.12262690841402,300,0,True,False,False,False,False,False,False,False,0.9951108697016331,1.239150406180351,1.2773792360014562,1.0
concentration_positive_0486,epsilon_local_refinement,blend_zero_new_best_econ_0.05,"[[0.010149217122637711, -0.08741966865674194], [-0.002918462263418657, 0.04165774631581683], [-0.07670585407696108, -0.04723735869016357], [-0.01937423660791804, -0.054885228531887265]]","[[0.0, 0.0], [-0.1, 0.6]]",1772537.9182979278,73.13234511354776,93.48337342639259,46.98782893270255,34.49684029279477,36.829688689853924,12.702035538176204,239,0,True,False,True,True,False,False,True,False,0.9938732262923957,1.3769610836003432,0.6964408521414208,0.7966666666666666
concentration_positive_0487,epsilon_local_refinement,zero_residual_profile,"[[0.0, -0.02], [0.0, 0.0], [0.0, 0.0], [0.0, 0.0]]","[[0.0, 0.0], [-0.2, -0.3]]",1783538.5254321438,43.021941729530056,89.05865418235555,39.48908672423897,31.33569904032214,37.780218033349,26.131571647752452,95,0,False,False,True,True,True,False,False,False,1.0000413363174592,1.0018589823243524,0.9300126632933741,0.31666666666666665
concentration_positive_0489,epsilon_local_refinement,blend_zero_old_2000_last_0.80,"[[0.0, -0.03], [0.0, 0.0], [-0.005, -0.01], [0.0, -0.045]]","[[0.0, 0.0], [-0.3, 0.0]]",1779962.140814877,42.80070342238086,85.75118719471128,39.55843882048417,29.49724514193889,84.87786313523497,8.12262690841402,300,0,True,True,False,False,False,True,False,False,0.9980360348334499,0.9806607875006224,1.2569742350005366,1.0
concentration_positive_0490,epsilon_local_refinement,blend_zero_new_best_econ_0.05,"[[-0.004850782877362288, -0.08741966865674194], [-0.002918462263418657, 0.04165774631581683], [-0.07670585407696108, -0.04723735869016357], [-0.01937423660791804, -0.054885228531887265]]","[[0.0, -0.7], [-0.1, 0.6]]",1777357.753942983,54.49889374481681,89.6655568971521,41.096035330589785,31.989821332915028,37.6375481965444,12.706694021112554,239,0,True,False,True,True,False,False,True,False,0.9965757386354602,1.1387540893654677,0.7072090781799104,0.7966666666666666
concentration_positive_0494,epsilon_local_refinement,blend_zero_new_best_econ_0.05,"[[-0.004850782877362288, -0.08741966865674194], [-0.002918462263418657, 0.04165774631581683], [-0.07670585407696108, -0.04723735869016357], [-0.01937423660791804, -0.054885228531887265]]","[[0.0, 0.0], [-0.4, 0.6]]",1772236.545802709,74.06393949319425,93.86482094120802,46.48965517741336,34.76249256607733,35.81476697759015,10.358130527379842,229,0,True,False,True,True,False,False,True,False,0.9937042448274314,1.3899435968757083,0.6444383921518151,0.7633333333333333
concentration_positive_0495,epsilon_local_refinement,zero_residual_profile,"[[0.0, -0.02], [0.0, 0.0], [0.0, -0.015], [0.0, 0.0]]","[[0.0, 0.0], [-0.2, -0.3]]",1783511.0052250829,42.975369790496245,88.88710016575868,39.486926708814664,31.217379717065526,37.780218033349,26.130946016404238,100,0,False,False,True,True,True,False,False,False,1.0000259055632295,1.0003512844603009,0.9300023681069265,0.3333333333333333
concentration_positive_0496,epsilon_local_refinement,new_best_econ,"[[-0.027307409825195948, -0.15156361295986817], [-0.14197173831764306, -0.055460901581739545], [-0.12460946698818057, 0.04706334182545254], [-0.0911426888626269, -0.06271178843317118]]","[[0.12130461188001788, 0.40097863493129693], [-0.6099352780970941, -0.03609776829835324]]",1766254.6585153905,113.63367782070097,103.99636317030642,67.99435209472227,42.820759029642986,35.966428978938524,28.15430782399875,286,0,True,False,True,True,False,False,True,False,0.9903501627758193,1.907194765831569,0.9392936723951235,0.9533333333333334
concentration_positive_0497,epsilon_local_refinement,blend_zero_old_2000_last_0.80,"[[0.0, -0.03], [0.0, 0.0], [-0.005, -0.01], [-0.03, -0.045]]","[[0.0, 0.0], [-0.3, 0.0]]",1768204.433057038,80.16764147941146,93.85127783576503,50.71546147956744,34.583441259621296,86.79417991027043,8.12262690841402,300,0,True,False,False,False,False,False,False,False,0.9914434136982656,1.4608536694840388,1.2823356129224943,1.0
concentration_positive_0498,epsilon_local_refinement,new_best_econ,"[[-0.027307409825195948, -0.15156361295986817], [-0.14197173831764306, -0.055460901581739545], [-0.09460946698818057, 0.04706334182545254], [-0.0911426888626269, -0.06271178843317118]]","[[0.12130461188001788, 0.40097863493129693], [-0.6099352780970941, -0.03609776829835324]]",1766306.2857583386,112.68024443649308,103.75051908787313,67.51406121011381,42.5903727119199,35.9675096416895,27.898775793692153,286,0,True,False,True,True,False,False,True,False,0.9903791104976051,1.89472188114113,0.9351030221905177,0.9533333333333334
