episode,global_step,post_warmup_eligible,policy_scale,return_per_step,economic_cost_mean,incremental_return_per_step,economic_cost_reduction_percent,violation_rate,robust_operating_region_violation_rate,rpi_violation_rate,qp_infeasible_rate,disturbance_bound_exceedance_rate,intervention_rate,mapping_rate,safe,positive_increment,practically_significant,eligible
0.0,0.0,0.0,0.0,-4.78946563695699,6724.7911746098625,0.0,0.0,0.0,0.0,0.16333333333333333,0.0,0.0,0.0,0.0,0.0,0.0,0.0,1.0
1.0,300.0,0.0,0.0,-4.78946563695699,6724.7911746098625,0.0,0.0,0.0,0.0,0.16333333333333333,0.0,0.0,0.0,0.0,0.0,0.0,0.0,0.0
1.0,300.0,0.0,0.25,-4.788058998638833,6724.50949154572,0.0014066383181567943,0.0041887258180714135,0.0,0.0,0.16333333333333333,0.0,0.0,0.0,0.0,0.0,0.0,0.0,0.0
1.0,300.0,0.0,0.5,-4.786652481635966,6724.227831433421,0.002813155321024219,0.00837711033420244,0.0,0.0,0.16333333333333333,0.0,0.0,0.0,0.0,0.0,0.0,0.0,0.0
1.0,300.0,0.0,0.75,-4.8074677870944145,6723.94609005771,-0.018002150137424344,0.01256670326572541,0.0,0.0,0.16444444444444445,0.0,0.0,0.0,0.0,0.0,0.0,0.0,0.0
1.0,300.0,0.0,1.0,-4.8060610013174925,6723.664373568149,-0.01659536436050235,0.01675592613147244,0.0,0.0,0.16444444444444445,0.0,0.0,0.0,0.0,0.0,0.0,0.0,0.0
5.0,1500.0,0.0,0.0,-4.78946563695699,6724.7911746098625,0.0,0.0,0.0,0.0,0.16333333333333333,0.0,0.0,0.0,0.0,0.0,0.0,0.0,0.0
5.0,1500.0,0.0,0.25,-4.80324239230361,6723.1003533741205,-0.013776755346619929,0.02514310395430488,0.0,0.0,0.16444444444444445,0.0,0.0,0.0,0.0,0.0,0.0,0.0,0.0
5.0,1500.0,0.0,0.5,-4.794785447764475,6721.4072941952945,-0.005319810807485226,0.0503194869060648,0.0,0.0,0.16444444444444445,0.0,0.0,0.0,0.0,0.0,0.0,0.0,0.0
5.0,1500.0,0.0,0.75,-4.786317453554772,6719.71211401403,0.00314818340221823,0.07552740990693148,0.0,0.0,0.16444444444444445,0.0,0.0,0.0,0.0,0.0,0.0,0.0,0.0
5.0,1500.0,0.0,1.0,-4.755619089579202,6718.015276578393,0.03384654737778803,0.10075997686072978,0.0,0.0,0.16333333333333333,0.0,0.0,0.0,0.0,0.0,0.0,0.0,0.0
10.0,3000.0,0.0,0.0,-4.78946563695699,6724.7911746098625,0.0,0.0,0.0,0.0,0.16333333333333333,0.0,0.0,0.0,0.0,0.0,0.0,0.0,0.0
10.0,3000.0,0.0,0.25,-4.803643114986092,6723.18048946167,-0.014177478029101742,0.023951452266265483,0.0,0.0,0.16444444444444445,0.0,0.0,0.0,0.0,0.0,0.0,0.0,0.0
10.0,3000.0,0.0,0.5,-4.79558286680163,6721.566760167413,-0.006117229844639915,0.0479481720506582,0.0,0.0,0.16444444444444445,0.0,0.0,0.0,0.0,0.0,0.0,0.0,0.0
10.0,3000.0,0.0,0.75,-4.78750740548006,6719.950076193595,0.0019582314769301945,0.07198882895494921,0.0,0.0,0.16444444444444445,0.0,0.0,0.0,0.0,0.0,0.0,0.0,0.0
10.0,3000.0,0.0,1.0,-4.7571973604787265,6718.330891209385,0.03226827647826358,0.09606667675969922,0.0,0.0,0.16333333333333333,0.0,0.0,0.0,0.0,0.0,0.0,0.0,0.0
15.0,4500.0,0.0,0.0,-4.78946563695699,6724.7911746098625,0.0,0.0,0.0,0.0,0.16333333333333333,0.0,0.0,0.0,0.0,0.0,0.0,0.0,0.0
15.0,4500.0,0.0,0.25,-4.80375718542878,6723.203291129613,-0.014291548471789817,0.023612383478091425,0.0,0.0,0.16444444444444445,0.0,0.0,0.0,0.0,0.0,0.0,0.0,0.0
15.0,4500.0,0.0,0.5,-4.795805858527136,6721.611337001588,-0.006340221570146021,0.047285298914263474,0.0,0.0,0.16444444444444445,0.0,0.0,0.0,0.0,0.0,0.0,0.0,0.0
15.0,4500.0,0.0,0.75,-4.787834616923937,6720.015485950098,0.0016310200330531544,0.07101616296719453,0.0,0.0,0.16444444444444445,0.0,0.0,0.0,0.0,0.0,0.0,0.0,0.0
15.0,4500.0,0.0,1.0,-4.757624288110069,6718.416232952761,0.031841348846921136,0.09479761514634115,0.0,0.0,0.16333333333333333,0.0,0.0,0.0,0.0,0.0,0.0,0.0,0.0
20.0,6000.0,1.0,0.0,-4.78946563695699,6724.7911746098625,0.0,0.0,0.0,0.0,0.16333333333333333,0.0,0.0,0.0,0.0,0.0,0.0,0.0,0.0
20.0,6000.0,1.0,0.25,-4.804182174100939,6723.288883926677,-0.014716537143948827,0.022339588608454412,0.0,0.0,0.16444444444444445,0.0,0.0,0.0,0.0,0.0,0.0,0.0,0.0
20.0,6000.0,1.0,0.5,-4.796652452752102,6721.781769291425,-0.007186815795112267,0.044750911073638204,0.0,0.0,0.16444444444444445,0.0,0.0,0.0,0.0,0.0,0.0,0.0,0.0
20.0,6000.0,1.0,0.75,-4.789096354035518,6720.2694196498405,0.00036928292147209163,0.06724007991644941,0.0,0.0,0.16444444444444445,0.0,0.0,0.0,0.0,0.0,0.0,0.0,0.0
20.0,6000.0,1.0,1.0,-4.781509962049355,6718.751067273551,0.00795567490763549,0.08981851152667598,0.0,0.0,0.16444444444444445,0.0,0.0,0.0,0.0,0.0,0.0,0.0,0.0
25.0,7500.0,1.0,0.0,-4.78946563695699,6724.7911746098625,0.0,0.0,0.0,0.0,0.16333333333333333,0.0,0.0,0.0,0.0,0.0,0.0,0.0,0.0
25.0,7500.0,1.0,0.25,-4.803840928948746,6723.220077915224,-0.014375291991755468,0.023362758096798872,0.0,0.0,0.16444444444444445,0.0,0.0,0.0,0.0,0.0,0.0,0.0,0.0
25.0,7500.0,1.0,0.5,-4.795985994051224,6721.647433446549,-0.006520357094234264,0.04674853213558209,0.0,0.0,0.16444444444444445,0.0,0.0,0.0,0.0,0.0,0.0,0.0,0.0
25.0,7500.0,1.0,0.75,-4.788122976145343,6720.073264130661,0.001342660811647356,0.0701569811864819,0.0,0.0,0.16444444444444445,0.0,0.0,0.0,0.0,0.0,0.0,0.0,0.0
25.0,7500.0,1.0,1.0,-4.758032544543674,6718.498029237869,0.03143309241331593,0.09358127573915309,0.0,0.0,0.16333333333333333,0.0,0.0,0.0,0.0,0.0,0.0,0.0,0.0
30.0,9000.0,1.0,0.0,-4.78946563695699,6724.7911746098625,0.0,0.0,0.0,0.0,0.16333333333333333,0.0,0.0,0.0,0.0,0.0,0.0,0.0,0.0
30.0,9000.0,1.0,0.25,-4.80441498581225,6723.334953379867,-0.014949348855259892,0.021654519704542206,0.0,0.0,0.16444444444444445,0.0,0.0,0.0,0.0,0.0,0.0,0.0,0.0
30.0,9000.0,1.0,0.5,-4.797138861334198,6721.8781249217745,-0.007673224377207966,0.0433180691035658,0.0,0.0,0.16444444444444445,0.0,0.0,0.0,0.0,0.0,0.0,0.0,0.0
30.0,9000.0,1.0,0.75,-4.789861701425408,6720.4211913235895,-0.00039606446841755627,0.06498318197258487,0.0,0.0,0.16444444444444445,0.0,0.0,0.0,0.0,0.0,0.0,0.0,0.0
30.0,9000.0,1.0,1.0,-4.760364719988458,6718.9647142616595,0.029100916968531898,0.08664150598759701,0.0,0.0,0.16333333333333333,0.0,0.0,0.0,0.0,0.0,0.0,0.0,0.0
35.0,10500.0,1.0,0.0,-4.78946563695699,6724.7911746098625,0.0,0.0,0.0,0.0,0.16333333333333333,0.0,0.0,0.0,0.0,0.0,0.0,0.0,0.0
35.0,10500.0,1.0,0.25,-4.804869590190104,6723.425899920997,-0.015403953233113832,0.020302112785603597,0.0,0.0,0.16444444444444445,0.0,0.0,0.0,0.0,0.0,0.0,0.0,0.0
35.0,10500.0,1.0,0.5,-4.798051029798611,6722.060598103927,-0.008585392841620632,0.04060462897710536,0.0,0.0,0.16444444444444445,0.0,0.0,0.0,0.0,0.0,0.0,0.0,0.0
35.0,10500.0,1.0,0.75,-4.791232282615705,6720.695366517084,-0.0017666456587148716,0.0609061008205376,0.0,0.0,0.16444444444444445,0.0,0.0,0.0,0.0,0.0,0.0,0.0,0.0
35.0,10500.0,1.0,1.0,-4.762195736975784,6719.330995622119,0.027269899981206436,0.0811947738742998,0.0,0.0,0.16333333333333333,0.0,0.0,0.0,0.0,0.0,0.0,0.0,0.0
40.0,12000.0,1.0,0.0,-4.78946563695699,6724.7911746098625,0.0,0.0,0.0,0.0,0.16333333333333333,0.0,0.0,0.0,0.0,0.0,0.0,0.0,0.0
40.0,12000.0,1.0,0.25,-4.804559159245191,6723.363785794353,-0.01509352228820049,0.02122577160311915,0.0,0.0,0.16444444444444445,0.0,0.0,0.0,0.0,0.0,0.0,0.0,0.0
40.0,12000.0,1.0,0.5,-4.7974185426348015,6721.934053606973,-0.007952905677811373,0.04248638996667769,0.0,0.0,0.16444444444444445,0.0,0.0,0.0,0.0,0.0,0.0,0.0,0.0
40.0,12000.0,1.0,0.75,-4.790265632645839,6720.501964845879,-0.000799995688848476,0.06378205140670626,0.0,0.0,0.16444444444444445,0.0,0.0,0.0,0.0,0.0,0.0,0.0,0.0
40.0,12000.0,1.0,1.0,-4.760881590229981,6719.068069224996,0.028584046727009316,0.08510458148461959,0.0,0.0,0.16333333333333333,0.0,0.0,0.0,0.0,0.0,0.0,0.0,0.0
45.0,13500.0,1.0,0.0,-4.78946563695699,6724.7911746098625,0.0,0.0,0.0,0.0,0.16333333333333333,0.0,0.0,0.0,0.0,0.0,0.0,0.0,0.0
45.0,13500.0,1.0,0.25,-4.804422782423363,6723.3364668851755,-0.014957145466373056,0.021632013350532973,0.0,0.0,0.16444444444444445,0.0,0.0,0.0,0.0,0.0,0.0,0.0,0.0
45.0,13500.0,1.0,0.5,-4.797137924344551,6721.877847143757,-0.007672287387561205,0.043322199759970176,0.0,0.0,0.16444444444444445,0.0,0.0,0.0,0.0,0.0,0.0,0.0,0.0
45.0,13500.0,1.0,0.75,-4.789833110575402,6720.415331057012,-0.0003674736184118288,0.06507032618904444,0.0,0.0,0.16444444444444445,0.0,0.0,0.0,0.0,0.0,0.0,0.0,0.0
45.0,13500.0,1.0,1.0,-4.760289162000725,6718.9494042389715,0.029176474956265075,0.08686917138701984,0.0,0.0,0.16333333333333333,0.0,0.0,0.0,0.0,0.0,0.0,0.0,0.0
50.0,15000.0,1.0,0.0,-4.78946563695699,6724.7911746098625,0.0,0.0,0.0,0.0,0.16333333333333333,0.0,0.0,0.0,0.0,0.0,0.0,0.0,0.0
50.0,15000.0,1.0,0.25,-4.8055625996842615,6723.564415781529,-0.016096962727271347,0.018242333426882716,0.0,0.0,0.16444444444444445,0.0,0.0,0.0,0.0,0.0,0.0,0.0,0.0
50.0,15000.0,1.0,0.5,-4.799425366108793,6722.3353127377995,-0.00995972915180321,0.03651952615770962,0.0,0.0,0.16444444444444445,0.0,0.0,0.0,0.0,0.0,0.0,0.0,0.0
50.0,15000.0,1.0,0.75,-4.793276134142729,6721.103903163793,-0.0038104971857384484,0.05483101780158342,0.0,0.0,0.16444444444444445,0.0,0.0,0.0,0.0,0.0,0.0,0.0,0.0
50.0,15000.0,1.0,1.0,-4.764895698458524,6719.8706700070825,0.024569938498466115,0.07316962675893826,0.0,0.0,0.16333333333333333,0.0,0.0,0.0,0.0,0.0,0.0,0.0,0.0
55.0,16500.0,1.0,0.0,-4.78946563695699,6724.7911746098625,0.0,0.0,0.0,0.0,0.16333333333333333,0.0,0.0,0.0,0.0,0.0,0.0,0.0,0.0
55.0,16500.0,1.0,0.25,-4.80554314265342,6723.5606045285285,-0.01607750569642974,0.01829900809381489,0.0,0.0,0.16444444444444445,0.0,0.0,0.0,0.0,0.0,0.0,0.0,0.0
55.0,16500.0,1.0,0.5,-4.79938382404102,6722.32713798626,-0.009918187084029917,0.036641087576159186,0.0,0.0,0.16444444444444445,0.0,0.0,0.0,0.0,0.0,0.0,0.0,0.0
55.0,16500.0,1.0,0.75,-4.793208902644483,6721.090657706537,-0.003743265687492503,0.055027982389953746,0.0,0.0,0.16444444444444445,0.0,0.0,0.0,0.0,0.0,0.0,0.0,0.0
55.0,16500.0,1.0,1.0,-4.764799522228399,6719.851702953479,0.024666114728590927,0.0734516734888856,0.0,0.0,0.16333333333333333,0.0,0.0,0.0,0.0,0.0,0.0,0.0,0.0
60.0,18000.0,1.0,0.0,-4.78946563695699,6724.7911746098625,0.0,0.0,0.0,0.0,0.16333333333333333,0.0,0.0,0.0,0.0,0.0,0.0,0.0,0.0
60.0,18000.0,1.0,0.25,-4.805689831704906,6723.589929275411,-0.01622419474791581,0.01786293883722128,0.0,0.0,0.16444444444444445,0.0,0.0,0.0,0.0,0.0,0.0,0.0,0.0
60.0,18000.0,1.0,0.5,-4.7996668082021365,6722.3837027375075,-0.010201171245146412,0.03579994991435086,0.0,0.0,0.16444444444444445,0.0,0.0,0.0,0.0,0.0,0.0,0.0,0.0
60.0,18000.0,1.0,0.75,-4.793618343833093,6721.172494719617,-0.0041527068761029184,0.05381103734355498,0.0,0.0,0.16444444444444445,0.0,0.0,0.0,0.0,0.0,0.0,0.0,0.0
60.0,18000.0,1.0,1.0,-4.765325935649458,6719.956913302562,0.024139701307531958,0.0718871587500471,0.0,0.0,0.16333333333333333,0.0,0.0,0.0,0.0,0.0,0.0,0.0,0.0
65.0,19500.0,1.0,0.0,-4.78946563695699,6724.7911746098625,0.0,0.0,0.0,0.0,0.16333333333333333,0.0,0.0,0.0,0.0,0.0,0.0,0.0,0.0
65.0,19500.0,1.0,0.25,-4.807706629786525,6723.993303530532,-0.01824099282953462,0.011864622389210811,0.0,0.0,0.16444444444444445,0.0,0.0,0.0,0.0,0.0,0.0,0.0,0.0
65.0,19500.0,1.0,0.5,-4.8036863117657385,6723.187618810259,-0.014220674808748335,0.02384543635582576,0.0,0.0,0.16444444444444445,0.0,0.0,0.0,0.0,0.0,0.0,0.0,0.0
65.0,19500.0,1.0,0.75,-4.79962348087031,6722.373542577334,-0.010157843913320086,0.03595103505454102,0.0,0.0,0.16444444444444445,0.0,0.0,0.0,0.0,0.0,0.0,0.0,0.0
65.0,19500.0,1.0,1.0,-4.7732950156979115,6721.550752914864,0.016170621259078644,0.04818620550231403,0.0,0.0,0.16333333333333333,0.0,0.0,0.0,0.0,0.0,0.0,0.0,0.0
70.0,21000.0,1.0,0.0,-4.78946563695699,6724.7911746098625,0.0,0.0,0.0,0.0,0.16333333333333333,0.0,0.0,0.0,0.0,0.0,0.0,0.0,0.0
70.0,21000.0,1.0,0.25,-4.8045240045214115,6723.356800238821,-0.01505836756442136,0.021329649260442656,0.0,0.0,0.16444444444444445,0.0,0.0,0.0,0.0,0.0,0.0,0.0,0.0
70.0,21000.0,1.0,0.5,-4.797337743695839,6721.917936734918,-0.00787210673884875,0.042726053498773474,0.0,0.0,0.16444444444444445,0.0,0.0,0.0,0.0,0.0,0.0,0.0,0.0
70.0,21000.0,1.0,0.75,-4.790131272822957,6720.475146599775,-0.000665635865966685,0.06418084811886797,0.0,0.0,0.16444444444444445,0.0,0.0,0.0,0.0,0.0,0.0,0.0,0.0
70.0,21000.0,1.0,1.0,-4.760693711692999,6719.030550186682,0.028771925263991527,0.08566250272469408,0.0,0.0,0.16333333333333333,0.0,0.0,0.0,0.0,0.0,0.0,0.0,0.0
75.0,22500.0,1.0,0.0,-4.78946563695699,6724.7911746098625,0.0,0.0,0.0,0.0,0.16333333333333333,0.0,0.0,0.0,0.0,0.0,0.0,0.0,0.0
75.0,22500.0,1.0,0.25,-4.804175694354824,6723.287061937452,-0.014710057397834042,0.022366682226353955,0.0,0.0,0.16444444444444445,0.0,0.0,0.0,0.0,0.0,0.0,0.0,0.0
75.0,22500.0,1.0,0.5,-4.796629952433654,6721.776256842076,-0.007164315476663852,0.04483288312609448,0.0,0.0,0.16444444444444445,0.0,0.0,0.0,0.0,0.0,0.0,0.0,0.0
75.0,22500.0,1.0,0.75,-4.789049196490101,6720.258548912953,0.00041644046688915637,0.06740173158123672,0.0,0.0,0.16444444444444445,0.0,0.0,0.0,0.0,0.0,0.0,0.0,0.0
75.0,22500.0,1.0,1.0,-4.759214665095247,6718.734497841587,0.030250971861742748,0.09006490478311648,0.0,0.0,0.16333333333333333,0.0,0.0,0.0,0.0,0.0,0.0,0.0,0.0
80.0,24000.0,1.0,0.0,-4.78946563695699,6724.7911746098625,0.0,0.0,0.0,0.0,0.16333333333333333,0.0,0.0,0.0,0.0,0.0,0.0,0.0,0.0
80.0,24000.0,1.0,0.25,-4.804274730243516,6723.306878362765,-0.014809093286525687,0.02207200504160829,0.0,0.0,0.16444444444444445,0.0,0.0,0.0,0.0,0.0,0.0,0.0,0.0
80.0,24000.0,1.0,0.5,-4.796838670653272,6721.818009586929,-0.007373033696281617,0.04421200518699723,0.0,0.0,0.16444444444444445,0.0,0.0,0.0,0.0,0.0,0.0,0.0,0.0
80.0,24000.0,1.0,0.75,-4.78937853666128,6720.324429639957,8.710029571012967e-05,0.06642206209718603,0.0,0.0,0.16444444444444445,0.0,0.0,0.0,0.0,0.0,0.0,0.0,0.0
80.0,24000.0,1.0,1.0,-4.75967527945929,6718.826637696434,0.029790357497700093,0.08869475287126229,0.0,0.0,0.16333333333333333,0.0,0.0,0.0,0.0,0.0,0.0,0.0,0.0
85.0,25500.0,1.0,0.0,-4.78946563695699,6724.7911746098625,0.0,0.0,0.0,0.0,0.16333333333333333,0.0,0.0,0.0,0.0,0.0,0.0,0.0,0.0
85.0,25500.0,1.0,0.25,-4.804295657110277,6723.311024818329,-0.014830020153286938,0.022010345795147945,0.0,0.0,0.16444444444444445,0.0,0.0,0.0,0.0,0.0,0.0,0.0,0.0
85.0,25500.0,1.0,0.5,-4.796884230982106,6721.827067475672,-0.007418594025115688,0.04407731120903147,0.0,0.0,0.16444444444444445,0.0,0.0,0.0,0.0,0.0,0.0,0.0,0.0
85.0,25500.0,1.0,0.75,-4.789447150916605,6720.338075496792,1.8486040385568003e-05,0.06621914342684164,0.0,0.0,0.16444444444444445,0.0,0.0,0.0,0.0,0.0,0.0,0.0,0.0
85.0,25500.0,1.0,1.0,-4.759766118431803,6718.844707688204,0.029699518525187152,0.08842604576496153,0.0,0.0,0.16333333333333333,0.0,0.0,0.0,0.0,0.0,0.0,0.0,0.0
90.0,27000.0,1.0,0.0,-4.78946563695699,6724.7911746098625,0.0,0.0,0.0,0.0,0.16333333333333333,0.0,0.0,0.0,0.0,0.0,0.0,0.0,0.0
90.0,27000.0,1.0,0.25,-4.804760912290831,6723.404407848061,-0.015295275333841118,0.020621707437360463,0.0,0.0,0.16444444444444445,0.0,0.0,0.0,0.0,0.0,0.0,0.0,0.0
90.0,27000.0,1.0,0.5,-4.7978137432282395,6722.013572034481,-0.008348106271249378,0.04130392309978423,0.0,0.0,0.16444444444444445,0.0,0.0,0.0,0.0,0.0,0.0,0.0,0.0
90.0,27000.0,1.0,0.75,-4.790845756226277,6720.618618876618,-0.00138011926928705,0.0620473651137101,0.0,0.0,0.16444444444444445,0.0,0.0,0.0,0.0,0.0,0.0,0.0,0.0
90.0,27000.0,1.0,1.0,-4.7838570652656855,6719.219565813353,0.005608571691304576,0.08285177415687583,0.0,0.0,0.16444444444444445,0.0,0.0,0.0,0.0,0.0,0.0,0.0,0.0
95.0,28500.0,1.0,0.0,-4.78946563695699,6724.7911746098625,0.0,0.0,0.0,0.0,0.16333333333333333,0.0,0.0,0.0,0.0,0.0,0.0,0.0,0.0
95.0,28500.0,1.0,0.25,-4.80469200290795,6723.390649647598,-0.015226365950959497,0.020826296696795532,0.0,0.0,0.16444444444444445,0.0,0.0,0.0,0.0,0.0,0.0,0.0,0.0
95.0,28500.0,1.0,0.5,-4.797669620433915,6721.984795251144,-0.008203983476924748,0.041731843946540476,0.0,0.0,0.16444444444444445,0.0,0.0,0.0,0.0,0.0,0.0,0.0,0.0
95.0,28500.0,1.0,0.75,-4.790620301229825,6720.573583476558,-0.0011546642728346157,0.06271705728541006,0.0,0.0,0.16444444444444445,0.0,0.0,0.0,0.0,0.0,0.0,0.0,0.0
95.0,28500.0,1.0,1.0,-4.783542455147953,6719.15671731723,0.005923181809037281,0.08378635330575365,0.0,0.0,0.16444444444444445,0.0,0.0,0.0,0.0,0.0,0.0,0.0,0.0
100.0,30000.0,1.0,0.0,-4.78946563695699,6724.7911746098625,0.0,0.0,0.0,0.0,0.16333333333333333,0.0,0.0,0.0,0.0,0.0,0.0,0.0,0.0
100.0,30000.0,1.0,0.25,-4.8046824166500794,6723.388839043952,-0.015216779693089322,0.020853221007140987,0.0,0.0,0.16444444444444445,0.0,0.0,0.0,0.0,0.0,0.0,0.0,0.0
100.0,30000.0,1.0,0.5,-4.797645947644092,6721.980276078801,-0.008180310687102121,0.04179904562203658,0.0,0.0,0.16444444444444445,0.0,0.0,0.0,0.0,0.0,0.0,0.0,0.0
100.0,30000.0,1.0,0.75,-4.790573858395472,6720.564574292697,-0.0011082214384821043,0.0628510270047237,0.0,0.0,0.16444444444444445,0.0,0.0,0.0,0.0,0.0,0.0,0.0,0.0
100.0,30000.0,1.0,1.0,-4.783464637724458,6719.141530762051,0.0060009992325325,0.08401218270007271,0.0,0.0,0.16444444444444445,0.0,0.0,0.0,0.0,0.0,0.0,0.0,0.0
105.0,31500.0,1.0,0.0,-4.78946563695699,6724.7911746098625,0.0,0.0,0.0,0.0,0.16333333333333333,0.0,0.0,0.0,0.0,0.0,0.0,0.0,0.0
105.0,31500.0,1.0,0.25,-4.804703519154052,6723.393037700993,-0.015237882197062014,0.020790785506447886,0.0,0.0,0.16444444444444445,0.0,0.0,0.0,0.0,0.0,0.0,0.0,0.0
105.0,31500.0,1.0,0.5,-4.797686436093855,6721.98832655812,-0.008220799136864798,0.041679332175023814,0.0,0.0,0.16444444444444445,0.0,0.0,0.0,0.0,0.0,0.0,0.0,0.0
105.0,31500.0,1.0,0.75,-4.790636708988804,6720.577086913083,-0.001171072031813658,0.06266495995727514,0.0,0.0,0.16444444444444445,0.0,0.0,0.0,0.0,0.0,0.0,0.0,0.0
105.0,31500.0,1.0,1.0,-4.783552063382765,6719.158932665166,0.005913573574225062,0.08375341030606347,0.0,0.0,0.16444444444444445,0.0,0.0,0.0,0.0,0.0,0.0,0.0,0.0
110.0,33000.0,1.0,0.0,-4.78946563695699,6724.7911746098625,0.0,0.0,0.0,0.0,0.16333333333333333,0.0,0.0,0.0,0.0,0.0,0.0,0.0,0.0
110.0,33000.0,1.0,0.25,-4.804306955785118,6723.313673319276,-0.014841318828128003,0.021970961658483095,0.0,0.0,0.16444444444444445,0.0,0.0,0.0,0.0,0.0,0.0,0.0,0.0
110.0,33000.0,1.0,0.5,-4.796883631758323,6721.827658784183,-0.007417994801333094,0.04406851824438409,0.0,0.0,0.16444444444444445,0.0,0.0,0.0,0.0,0.0,0.0,0.0,0.0
110.0,33000.0,1.0,0.75,-4.789417737176831,6720.333154749725,4.7899780159177396e-05,0.06629231665913506,0.0,0.0,0.16444444444444445,0.0,0.0,0.0,0.0,0.0,0.0,0.0,0.0
110.0,33000.0,1.0,1.0,-4.7819085431160255,6718.830039006734,0.0075570938409645905,0.08864417419584891,0.0,0.0,0.16444444444444445,0.0,0.0,0.0,0.0,0.0,0.0,0.0,0.0
115.0,34500.0,1.0,0.0,-4.78946563695699,6724.7911746098625,0.0,0.0,0.0,0.0,0.16333333333333333,0.0,0.0,0.0,0.0,0.0,0.0,0.0,0.0
115.0,34500.0,1.0,0.25,-4.804018380202319,6723.256226013688,-0.014552743245328514,0.022825223212425885,0.0,0.0,0.16444444444444445,0.0,0.0,0.0,0.0,0.0,0.0,0.0,0.0
115.0,34500.0,1.0,0.5,-4.79631733609116,6721.714944175702,-0.006851699134170275,0.0457446239486994,0.0,0.0,0.16444444444444445,0.0,0.0,0.0,0.0,0.0,0.0,0.0,0.0
115.0,34500.0,1.0,0.75,-4.788584974712861,6720.167377568629,0.0008806622441293044,0.06875748140241998,0.0,0.0,0.16444444444444445,0.0,0.0,0.0,0.0,0.0,0.0,0.0,0.0
115.0,34500.0,1.0,1.0,-4.780820870057133,6718.613439066881,0.008644766899856826,0.09186509116158066,0.0,0.0,0.16444444444444445,0.0,0.0,0.0,0.0,0.0,0.0,0.0,0.0
120.0,36000.0,1.0,0.0,-4.78946563695699,6724.7911746098625,0.0,0.0,0.0,0.0,0.16333333333333333,0.0,0.0,0.0,0.0,0.0,0.0,0.0,0.0
120.0,36000.0,1.0,0.25,-4.80411012447248,6723.274663099975,-0.014644487515489857,0.0225510572820884,0.0,0.0,0.16444444444444445,0.0,0.0,0.0,0.0,0.0,0.0,0.0,0.0
120.0,36000.0,1.0,0.5,-4.796506268380443,6721.7529063571565,-0.007040631423453014,0.0451801130149196,0.0,0.0,0.16444444444444445,0.0,0.0,0.0,0.0,0.0,0.0,0.0,0.0
120.0,36000.0,1.0,0.75,-4.788877116118268,6720.226068073195,0.000588520838721962,0.06788473304425272,0.0,0.0,0.16444444444444445,0.0,0.0,0.0,0.0,0.0,0.0,0.0,0.0
120.0,36000.0,1.0,1.0,-4.781222396151898,6718.694093911533,0.008243240805092533,0.0906657253737446,0.0,0.0,0.16444444444444445,0.0,0.0,0.0,0.0,0.0,0.0,0.0,0.0
125.0,37500.0,1.0,0.0,-4.78946563695699,6724.7911746098625,0.0,0.0,0.0,0.0,0.16333333333333333,0.0,0.0,0.0,0.0,0.0,0.0,0.0,0.0
125.0,37500.0,1.0,0.25,-4.803996678746432,6723.251794701191,-0.014531041789441979,0.022891118381244635,0.0,0.0,0.16444444444444445,0.0,0.0,0.0,0.0,0.0,0.0,0.0,0.0
125.0,37500.0,1.0,0.5,-4.796267979948001,6721.704888023026,-0.006802342991011123,0.04589416246097337,0.0,0.0,0.16444444444444445,0.0,0.0,0.0,0.0,0.0,0.0,0.0,0.0
125.0,37500.0,1.0,0.75,-4.788502856181393,6720.150671803293,0.000962780775597416,0.06900590198383996,0.0,0.0,0.16444444444444445,0.0,0.0,0.0,0.0,0.0,0.0,0.0,0.0
125.0,37500.0,1.0,1.0,-4.78069978076903,6718.588913092764,0.008765856187959997,0.09222980098646626,0.0,0.0,0.16444444444444445,0.0,0.0,0.0,0.0,0.0,0.0,0.0,0.0
130.0,39000.0,1.0,0.0,-4.78946563695699,6724.7911746098625,0.0,0.0,0.0,0.0,0.16333333333333333,0.0,0.0,0.0,0.0,0.0,0.0,0.0,0.0
130.0,39000.0,1.0,0.25,-4.803615910074429,6723.175661827515,-0.014150273117438772,0.024023240876938818,0.0,0.0,0.16444444444444445,0.0,0.0,0.0,0.0,0.0,0.0,0.0,0.0
130.0,39000.0,1.0,0.5,-4.795502875168968,6721.551908692384,-0.006037238211978213,0.04816901868579333,0.0,0.0,0.16444444444444445,0.0,0.0,0.0,0.0,0.0,0.0,0.0,0.0
130.0,39000.0,1.0,0.75,-4.7873498015581974,6719.92012481978,0.002115835398792676,0.0724342163734995,0.0,0.0,0.16444444444444445,0.0,0.0,0.0,0.0,0.0,0.0,0.0,0.0
130.0,39000.0,1.0,1.0,-4.779154975795632,6718.280031305406,0.010310661161358148,0.09682298134461331,0.0,0.0,0.16444444444444445,0.0,0.0,0.0,0.0,0.0,0.0,0.0,0.0
135.0,40500.0,1.0,0.0,-4.78946563695699,6724.7911746098625,0.0,0.0,0.0,0.0,0.16333333333333333,0.0,0.0,0.0,0.0,0.0,0.0,0.0,0.0
135.0,40500.0,1.0,0.25,-4.803983523592513,6723.249178812442,-0.014517886635522892,0.022930017563115693,0.0,0.0,0.16444444444444445,0.0,0.0,0.0,0.0,0.0,0.0,0.0,0.0
135.0,40500.0,1.0,0.5,-4.796246388118693,6721.7005993429775,-0.006780751161702625,0.04595793663532347,0.0,0.0,0.16444444444444445,0.0,0.0,0.0,0.0,0.0,0.0,0.0,0.0
135.0,40500.0,1.0,0.75,-4.78847783217933,6720.145712034428,0.0009878047776599175,0.06907965548394121,0.0,0.0,0.16444444444444445,0.0,0.0,0.0,0.0,0.0,0.0,0.0,0.0
135.0,40500.0,1.0,1.0,-4.78067651463748,6718.584306677943,0.008789122319510234,0.09229829998817886,0.0,0.0,0.16444444444444445,0.0,0.0,0.0,0.0,0.0,0.0,0.0,0.0
140.0,42000.0,1.0,0.0,-4.78946563695699,6724.7911746098625,0.0,0.0,0.0,0.0,0.16333333333333333,0.0,0.0,0.0,0.0,0.0,0.0,0.0,0.0
140.0,42000.0,1.0,0.25,-4.804116111590588,6723.275726272106,-0.01465047463359781,0.02253524754014898,0.0,0.0,0.16444444444444445,0.0,0.0,0.0,0.0,0.0,0.0,0.0,0.0
140.0,42000.0,1.0,0.5,-4.796513886189929,6721.754163121324,-0.007048249232938453,0.04516142449158426,0.0,0.0,0.16444444444444445,0.0,0.0,0.0,0.0,0.0,0.0,0.0,0.0
140.0,42000.0,1.0,0.75,-4.788882451888958,6720.2267384622655,0.0005831850680317885,0.06787476412398503,0.0,0.0,0.16444444444444445,0.0,0.0,0.0,0.0,0.0,0.0,0.0,0.0
140.0,42000.0,1.0,1.0,-4.781221310266016,6718.693352593956,0.00824432669097419,0.09067674902575024,0.0,0.0,0.16444444444444445,0.0,0.0,0.0,0.0,0.0,0.0,0.0,0.0
145.0,43500.0,1.0,0.0,-4.78946563695699,6724.7911746098625,0.0,0.0,0.0,0.0,0.16333333333333333,0.0,0.0,0.0,0.0,0.0,0.0,0.0,0.0
145.0,43500.0,1.0,0.25,-4.803999494707091,6723.252336552644,-0.014533857750101298,0.022883060860366455,0.0,0.0,0.16444444444444445,0.0,0.0,0.0,0.0,0.0,0.0,0.0,0.0
145.0,43500.0,1.0,0.5,-4.796278449672144,6721.706943044887,-0.006812812715153882,0.04586360356616024,0.0,0.0,0.16444444444444445,0.0,0.0,0.0,0.0,0.0,0.0,0.0,0.0
145.0,43500.0,1.0,0.75,-4.788526214258047,6720.155291913565,0.0009394226989432042,0.06893719932599636,0.0,0.0,0.16444444444444445,0.0,0.0,0.0,0.0,0.0,0.0,0.0,0.0
145.0,43500.0,1.0,1.0,-4.780742334717057,6718.597352818398,0.00872330223993334,0.09210429931044221,0.0,0.0,0.16444444444444445,0.0,0.0,0.0,0.0,0.0,0.0,0.0,0.0
150.0,45000.0,1.0,0.0,-4.78946563695699,6724.7911746098625,0.0,0.0,0.0,0.0,0.16333333333333333,0.0,0.0,0.0,0.0,0.0,0.0,0.0,0.0
150.0,45000.0,1.0,0.25,-4.803756540524764,6723.203628317722,-0.014290903567774293,0.023607369372811205,0.0,0.0,0.16444444444444445,0.0,0.0,0.0,0.0,0.0,0.0,0.0,0.0
150.0,45000.0,1.0,0.5,-4.795794805410503,6721.609978613001,-0.0063291684535125015,0.04730549862831012,0.0,0.0,0.16444444444444445,0.0,0.0,0.0,0.0,0.0,0.0,0.0,0.0
150.0,45000.0,1.0,0.75,-4.787803086552294,6720.010346850503,0.001662550404696539,0.0710925831780466,0.0,0.0,0.16444444444444445,0.0,0.0,0.0,0.0,0.0,0.0,0.0,0.0
150.0,45000.0,1.0,1.0,-4.779774471788603,6718.403407302801,0.009691165168387528,0.09498833705319533,0.0,0.0,0.16444444444444445,0.0,0.0,0.0,0.0,0.0,0.0,0.0,0.0
155.0,46500.0,1.0,0.0,-4.78946563695699,6724.7911746098625,0.0,0.0,0.0,0.0,0.16333333333333333,0.0,0.0,0.0,0.0,0.0,0.0,0.0,0.0
155.0,46500.0,1.0,0.25,-4.804267988193473,6723.305975956905,-0.014802351236482991,0.022085424132796842,0.0,0.0,0.16444444444444445,0.0,0.0,0.0,0.0,0.0,0.0,0.0,0.0
155.0,46500.0,1.0,0.5,-4.7968273138531705,6721.81659888845,-0.007361676896180391,0.044232982767451696,0.0,0.0,0.16444444444444445,0.0,0.0,0.0,0.0,0.0,0.0,0.0,0.0
155.0,46500.0,1.0,0.75,-4.78936768824996,6720.32341366681,9.794870703050407e-05,0.06643716997371264,0.0,0.0,0.16444444444444445,0.0,0.0,0.0,0.0,0.0,0.0,0.0,0.0
155.0,46500.0,1.0,1.0,-4.78188725680734,6718.826160747281,0.007578380149650066,0.08870184527220214,0.0,0.0,0.16444444444444445,0.0,0.0,0.0,0.0,0.0,0.0,0.0,0.0
160.0,48000.0,1.0,0.0,-4.78946563695699,6724.7911746098625,0.0,0.0,0.0,0.0,0.16333333333333333,0.0,0.0,0.0,0.0,0.0,0.0,0.0,0.0
160.0,48000.0,1.0,0.25,-4.804776261872337,6723.40769385863,-0.015310624915346516,0.020572843309329826,0.0,0.0,0.16444444444444445,0.0,0.0,0.0,0.0,0.0,0.0,0.0,0.0
160.0,48000.0,1.0,0.5,-4.797844497987893,6722.020166833779,-0.008378861030903018,0.04120585612451666,0.0,0.0,0.16444444444444445,0.0,0.0,0.0,0.0,0.0,0.0,0.0,0.0
160.0,48000.0,1.0,0.75,-4.790893772137537,6720.628834206288,-0.0014281351805465192,0.061895459583783535,0.0,0.0,0.16444444444444445,0.0,0.0,0.0,0.0,0.0,0.0,0.0,0.0
160.0,48000.0,1.0,1.0,-4.783922146022562,6719.233383391955,0.005543490934428519,0.08264630192372134,0.0,0.0,0.16444444444444445,0.0,0.0,0.0,0.0,0.0,0.0,0.0,0.0
165.0,49500.0,1.0,0.0,-4.78946563695699,6724.7911746098625,0.0,0.0,0.0,0.0,0.16333333333333333,0.0,0.0,0.0,0.0,0.0,0.0,0.0,0.0
165.0,49500.0,1.0,0.25,-4.8041769594606665,6723.28772614183,-0.01471132250367635,0.022356805274625524,0.0,0.0,0.16444444444444445,0.0,0.0,0.0,0.0,0.0,0.0,0.0,0.0
165.0,49500.0,1.0,0.5,-4.796629156047712,6721.776879286585,-0.0071635190907217705,0.044823627158236394,0.0,0.0,0.16444444444444445,0.0,0.0,0.0,0.0,0.0,0.0,0.0,0.0
165.0,49500.0,1.0,0.75,-4.789045536068879,6720.2588726035,0.00042010088811128554,0.0673969181894393,0.0,0.0,0.16444444444444445,0.0,0.0,0.0,0.0,0.0,0.0,0.0,0.0
165.0,49500.0,1.0,1.0,-4.781424841054874,6718.7335317059615,0.008040795902116038,0.09007927155823545,0.0,0.0,0.16444444444444445,0.0,0.0,0.0,0.0,0.0,0.0,0.0,0.0
170.0,51000.0,1.0,0.0,-4.78946563695699,6724.7911746098625,0.0,0.0,0.0,0.0,0.16333333333333333,0.0,0.0,0.0,0.0,0.0,0.0,0.0,0.0
170.0,51000.0,1.0,0.25,-4.804104538738144,6723.2732256025665,-0.014638901781153457,0.02257243337201581,0.0,0.0,0.16444444444444445,0.0,0.0,0.0,0.0,0.0,0.0,0.0,0.0
170.0,51000.0,1.0,0.5,-4.796483205583082,6721.747652757727,-0.007017568626092263,0.04525823587840658,0.0,0.0,0.16444444444444445,0.0,0.0,0.0,0.0,0.0,0.0,0.0,0.0
170.0,51000.0,1.0,0.75,-4.788824929068405,6720.214701266205,0.000640707888584835,0.06805376144520506,0.0,0.0,0.16444444444444445,0.0,0.0,0.0,0.0,0.0,0.0,0.0,0.0
170.0,51000.0,1.0,1.0,-4.781128324073731,6718.674156004435,0.008337312883258896,0.09096220903517765,0.0,0.0,0.16444444444444445,0.0,0.0,0.0,0.0,0.0,0.0,0.0,0.0
175.0,52500.0,1.0,0.0,-4.78946563695699,6724.7911746098625,0.0,0.0,0.0,0.0,0.16333333333333333,0.0,0.0,0.0,0.0,0.0,0.0,0.0,0.0
175.0,52500.0,1.0,0.25,-4.8040284302807175,6723.257948370908,-0.014562793323727341,0.02279961115734853,0.0,0.0,0.16444444444444445,0.0,0.0,0.0,0.0,0.0,0.0,0.0,0.0
175.0,52500.0,1.0,0.5,-4.796337722993246,6721.718443778154,-0.006872086036255887,0.04569258363456137,0.0,0.0,0.16444444444444445,0.0,0.0,0.0,0.0,0.0,0.0,0.0,0.0
175.0,52500.0,1.0,0.75,-4.78861613787177,6720.172790845012,0.000849499085219918,0.06867698408669787,0.0,0.0,0.16444444444444445,0.0,0.0,0.0,0.0,0.0,0.0,0.0,0.0
175.0,52500.0,1.0,1.0,-4.7808633675231,6718.620958321553,0.008602269433890086,0.09175327721112933,0.0,0.0,0.16444444444444445,0.0,0.0,0.0,0.0,0.0,0.0,0.0,0.0
180.0,54000.0,1.0,0.0,-4.78946563695699,6724.7911746098625,0.0,0.0,0.0,0.0,0.16333333333333333,0.0,0.0,0.0,0.0,0.0,0.0,0.0,0.0
180.0,54000.0,1.0,0.25,-4.80415678322628,6723.283643674422,-0.014691146269290023,0.022417512994789557,0.0,0.0,0.16444444444444445,0.0,0.0,0.0,0.0,0.0,0.0,0.0,0.0
180.0,54000.0,1.0,0.5,-4.79659152520604,6721.769256106334,-0.007125888249049694,0.044936986518451766,0.0,0.0,0.16444444444444445,0.0,0.0,0.0,0.0,0.0,0.0,0.0,0.0
180.0,54000.0,1.0,0.75,-4.78899372474669,6720.248357323468,0.00047191221030029595,0.0675532840863039,0.0,0.0,0.16444444444444445,0.0,0.0,0.0,0.0,0.0,0.0,0.0,0.0
180.0,54000.0,1.0,1.0,-4.781362345249283,6718.720824619809,0.008103291707707072,0.09026823037974704,0.0,0.0,0.16444444444444445,0.0,0.0,0.0,0.0,0.0,0.0,0.0,0.0
185.0,55500.0,1.0,0.0,-4.78946563695699,6724.7911746098625,0.0,0.0,0.0,0.0,0.16333333333333333,0.0,0.0,0.0,0.0,0.0,0.0,0.0,0.0
185.0,55500.0,1.0,0.25,-4.803698636331206,6723.191905013761,-0.014232999374216071,0.023781699008580372,0.0,0.0,0.16444444444444445,0.0,0.0,0.0,0.0,0.0,0.0,0.0,0.0
185.0,55500.0,1.0,0.5,-4.795678267542972,6721.586383591052,-0.006212630585982204,0.04765636486840365,0.0,0.0,0.16444444444444445,0.0,0.0,0.0,0.0,0.0,0.0,0.0,0.0
185.0,55500.0,1.0,0.75,-4.787626719680211,6719.974668348987,0.0018389172767792061,0.07162313499133106,0.0,0.0,0.16444444444444445,0.0,0.0,0.0,0.0,0.0,0.0,0.0,0.0
185.0,55500.0,1.0,1.0,-4.779544370823956,6718.356839573582,0.009921266133034123,0.09568081549616088,0.0,0.0,0.16444444444444445,0.0,0.0,0.0,0.0,0.0,0.0,0.0,0.0
190.0,57000.0,1.0,0.0,-4.78946563695699,6724.7911746098625,0.0,0.0,0.0,0.0,0.16333333333333333,0.0,0.0,0.0,0.0,0.0,0.0,0.0,0.0
190.0,57000.0,1.0,0.25,-4.804317823093409,6723.3158368441955,-0.014852186136418588,0.02193878928519524,0.0,0.0,0.16444444444444445,0.0,0.0,0.0,0.0,0.0,0.0,0.0,0.0
190.0,57000.0,1.0,0.5,-4.796918923860084,6721.834702715307,-0.007453286903094103,0.04396377252156504,0.0,0.0,0.16444444444444445,0.0,0.0,0.0,0.0,0.0,0.0,0.0,0.0
190.0,57000.0,1.0,0.75,-4.789491218311588,6720.347793749347,-2.5581354598180894e-05,0.0660746296077093,0.0,0.0,0.16444444444444445,0.0,0.0,0.0,0.0,0.0,0.0,0.0,0.0
190.0,57000.0,1.0,1.0,-4.782032473298117,6718.8547594956835,0.007433163658872921,0.08827657186728032,0.0,0.0,0.16444444444444445,0.0,0.0,0.0,0.0,0.0,0.0,0.0,0.0
195.0,58500.0,1.0,0.0,-4.78946563695699,6724.7911746098625,0.0,0.0,0.0,0.0,0.16333333333333333,0.0,0.0,0.0,0.0,0.0,0.0,0.0,0.0
195.0,58500.0,1.0,0.25,-4.8037325197874505,6723.198648656734,-0.014266882830460403,0.023681418675741004,0.0,0.0,0.16444444444444445,0.0,0.0,0.0,0.0,0.0,0.0,0.0,0.0
195.0,58500.0,1.0,0.5,-4.795753942980077,6721.601447051912,-0.0062883060230864984,0.04743236592971889,0.0,0.0,0.16444444444444445,0.0,0.0,0.0,0.0,0.0,0.0,0.0,0.0
195.0,58500.0,1.0,0.75,-4.787749577573787,6719.999149877019,0.0017160593832032944,0.07125908609529225,0.0,0.0,0.16444444444444445,0.0,0.0,0.0,0.0,0.0,0.0,0.0,0.0
195.0,58500.0,1.0,1.0,-4.77972080957401,6718.391998345294,0.009744827382980326,0.09515799224709034,0.0,0.0,0.16444444444444445,0.0,0.0,0.0,0.0,0.0,0.0,0.0,0.0
200.0,60000.0,1.0,0.0,-4.78946563695699,6724.7911746098625,0.0,0.0,0.0,0.0,0.16333333333333333,0.0,0.0,0.0,0.0,0.0,0.0,0.0,0.0
200.0,60000.0,1.0,0.25,-4.803718889320283,6723.195923098222,-0.014253252363293,0.023721948685389103,0.0,0.0,0.16444444444444445,0.0,0.0,0.0,0.0,0.0,0.0,0.0,0.0
200.0,60000.0,1.0,0.5,-4.795730200562563,6721.596698826254,-0.006264563605572704,0.047502973708227716,0.0,0.0,0.16444444444444445,0.0,0.0,0.0,0.0,0.0,0.0,0.0,0.0
200.0,60000.0,1.0,0.75,-4.787718559485161,6719.992950868193,0.001747077471828895,0.0713512675276246,0.0,0.0,0.16444444444444445,0.0,0.0,0.0,0.0,0.0,0.0,0.0,0.0
200.0,60000.0,1.0,1.0,-4.779685331924866,6718.384907818362,0.009780305032124126,0.09526343086589771,0.0,0.0,0.16444444444444445,0.0,0.0,0.0,0.0,0.0,0.0,0.0,0.0
205.0,61500.0,1.0,0.0,-4.78946563695699,6724.7911746098625,0.0,0.0,0.0,0.0,0.16333333333333333,0.0,0.0,0.0,0.0,0.0,0.0,0.0,0.0
205.0,61500.0,1.0,0.25,-4.803887339401414,6723.229578352762,-0.014421702444423978,0.023221483263256407,0.0,0.0,0.16444444444444445,0.0,0.0,0.0,0.0,0.0,0.0,0.0,0.0
205.0,61500.0,1.0,0.5,-4.796061944871031,6721.662981058518,-0.0065963079140409775,0.046517333700340814,0.0,0.0,0.16444444444444445,0.0,0.0,0.0,0.0,0.0,0.0,0.0,0.0
205.0,61500.0,1.0,0.75,-4.788208739456247,6720.09090575867,0.0012568975007427596,0.06989464399934536,0.0,0.0,0.16444444444444445,0.0,0.0,0.0,0.0,0.0,0.0,0.0,0.0
205.0,61500.0,1.0,1.0,-4.780329663078416,6718.513670761575,0.0091359738785739,0.09334868080348929,0.0,0.0,0.16444444444444445,0.0,0.0,0.0,0.0,0.0,0.0,0.0,0.0
210.0,63000.0,1.0,0.0,-4.78946563695699,6724.7911746098625,0.0,0.0,0.0,0.0,0.16333333333333333,0.0,0.0,0.0,0.0,0.0,0.0,0.0,0.0
210.0,63000.0,1.0,0.25,-4.803954121869375,6723.242976796552,-0.014488484912384969,0.023022243711531627,0.0,0.0,0.16444444444444445,0.0,0.0,0.0,0.0,0.0,0.0,0.0,0.0
210.0,63000.0,1.0,0.5,-4.796203717020467,6721.691420112994,-0.006738080063477092,0.046094435000034906,0.0,0.0,0.16444444444444445,0.0,0.0,0.0,0.0,0.0,0.0,0.0,0.0
210.0,63000.0,1.0,0.75,-4.788434857330841,6720.136223391474,0.0010307796261495028,0.06922075492787866,0.0,0.0,0.16444444444444445,0.0,0.0,0.0,0.0,0.0,0.0,0.0,0.0
210.0,63000.0,1.0,1.0,-4.780648696746584,6718.577603074739,0.00881694021040591,0.09239798491562444,0.0,0.0,0.16444444444444445,0.0,0.0,0.0,0.0,0.0,0.0,0.0,0.0
215.0,64500.0,1.0,0.0,-4.78946563695699,6724.7911746098625,0.0,0.0,0.0,0.0,0.16333333333333333,0.0,0.0,0.0,0.0,0.0,0.0,0.0,0.0
215.0,64500.0,1.0,0.25,-4.803779945257419,6723.208148163249,-0.014314308300428458,0.02354015768684184,0.0,0.0,0.16444444444444445,0.0,0.0,0.0,0.0,0.0,0.0,0.0,0.0
215.0,64500.0,1.0,0.5,-4.795856689233413,6721.622027209106,-0.006391052276423004,0.04712633178442877,0.0,0.0,0.16444444444444445,0.0,0.0,0.0,0.0,0.0,0.0,0.0,0.0
215.0,64500.0,1.0,0.75,-4.787915942059631,6720.032456657401,0.0015496948973590108,0.07076380260592616,0.0,0.0,0.16444444444444445,0.0,0.0,0.0,0.0,0.0,0.0,0.0,0.0
215.0,64500.0,1.0,1.0,-4.779958514512017,6718.439587694428,0.009507122444973426,0.09445032195818137,0.0,0.0,0.16444444444444445,0.0,0.0,0.0,0.0,0.0,0.0,0.0,0.0
220.0,66000.0,1.0,0.0,-4.78946563695699,6724.7911746098625,0.0,0.0,0.0,0.0,0.16333333333333333,0.0,0.0,0.0,0.0,0.0,0.0,0.0,0.0
220.0,66000.0,1.0,0.25,-4.803738184594785,6723.199805503392,-0.01427254763779473,0.023664215960772766,0.0,0.0,0.16444444444444445,0.0,0.0,0.0,0.0,0.0,0.0,0.0,0.0
220.0,66000.0,1.0,0.5,-4.795778869256934,6721.606482124555,-0.0063132322999441826,0.047357492636072154,0.0,0.0,0.16444444444444445,0.0,0.0,0.0,0.0,0.0,0.0,0.0,0.0
220.0,66000.0,1.0,0.75,-4.787809023858038,6720.011096370098,0.0016566130989517092,0.07108143755916291,0.0,0.0,0.16444444444444445,0.0,0.0,0.0,0.0,0.0,0.0,0.0,0.0
220.0,66000.0,1.0,1.0,-4.779829425996877,6718.413802095182,0.009636210960112912,0.0948337628498959,0.0,0.0,0.16444444444444445,0.0,0.0,0.0,0.0,0.0,0.0,0.0,0.0
225.0,67500.0,1.0,0.0,-4.78946563695699,6724.7911746098625,0.0,0.0,0.0,0.0,0.16333333333333333,0.0,0.0,0.0,0.0,0.0,0.0,0.0,0.0
225.0,67500.0,1.0,0.25,-4.803591099389148,6723.170285224155,-0.014125462432158287,0.02410319285195425,0.0,0.0,0.16444444444444445,0.0,0.0,0.0,0.0,0.0,0.0,0.0,0.0
225.0,67500.0,1.0,0.5,-4.795481199029623,6721.546738113935,-0.006015562072632541,0.04824590699822925,0.0,0.0,0.16444444444444445,0.0,0.0,0.0,0.0,0.0,0.0,0.0,0.0
225.0,67500.0,1.0,0.75,-4.787356033379618,6719.920243336489,0.002109603577371999,0.07243245398852341,0.0,0.0,0.16444444444444445,0.0,0.0,0.0,0.0,0.0,0.0,0.0,0.0
225.0,67500.0,1.0,1.0,-4.779218520767181,6718.291274739952,0.010247116189809446,0.09665578753510236,0.0,0.0,0.16444444444444445,0.0,0.0,0.0,0.0,0.0,0.0,0.0,0.0
230.0,69000.0,1.0,0.0,-4.78946563695699,6724.7911746098625,0.0,0.0,0.0,0.0,0.16333333333333333,0.0,0.0,0.0,0.0,0.0,0.0,0.0,0.0
230.0,69000.0,1.0,0.25,-4.803767177801169,6723.205599662204,-0.014301540844178895,0.02357805478994118,0.0,0.0,0.16444444444444445,0.0,0.0,0.0,0.0,0.0,0.0,0.0,0.0
230.0,69000.0,1.0,0.5,-4.795841069226072,6721.618915040948,-0.006375432269082104,0.04717261081491322,0.0,0.0,0.16444444444444445,0.0,0.0,0.0,0.0,0.0,0.0,0.0,0.0
230.0,69000.0,1.0,0.75,-4.787909128086457,6720.031099379648,0.0015565088705331576,0.07078398580146729,0.0,0.0,0.16444444444444445,0.0,0.0,0.0,0.0,0.0,0.0,0.0,0.0
230.0,69000.0,1.0,1.0,-4.77997150666322,6718.442196451274,0.009494130293770553,0.09441152883021552,0.0,0.0,0.16444444444444445,0.0,0.0,0.0,0.0,0.0,0.0,0.0,0.0
235.0,70500.0,1.0,0.0,-4.78946563695699,6724.7911746098625,0.0,0.0,0.0,0.0,0.16333333333333333,0.0,0.0,0.0,0.0,0.0,0.0,0.0,0.0
235.0,70500.0,1.0,0.25,-4.803708388853759,6723.193855515635,-0.014242751896769157,0.023752694362593085,0.0,0.0,0.16444444444444445,0.0,0.0,0.0,0.0,0.0,0.0,0.0,0.0
235.0,70500.0,1.0,0.5,-4.795717595885157,6721.594245885673,-0.006251958928166879,0.04753944979376347,0.0,0.0,0.16444444444444445,0.0,0.0,0.0,0.0,0.0,0.0,0.0,0.0
235.0,70500.0,1.0,0.75,-4.78771508883125,6719.992318344949,0.0017505481257398259,0.07136067336978409,0.0,0.0,0.16444444444444445,0.0,0.0,0.0,0.0,0.0,0.0,0.0,0.0
235.0,70500.0,1.0,1.0,-4.779701258645271,6718.388179654376,0.00976437831171939,0.09521477751847726,0.0,0.0,0.16444444444444445,0.0,0.0,0.0,0.0,0.0,0.0,0.0,0.0
240.0,72000.0,1.0,0.0,-4.78946563695699,6724.7911746098625,0.0,0.0,0.0,0.0,0.16333333333333333,0.0,0.0,0.0,0.0,0.0,0.0,0.0,0.0
240.0,72000.0,1.0,0.25,-4.803540370369203,6723.160215207044,-0.014074733412212659,0.02425293753323926,0.0,0.0,0.16444444444444445,0.0,0.0,0.0,0.0,0.0,0.0,0.0,0.0
240.0,72000.0,1.0,0.5,-4.795381607599572,6721.526973816956,-0.005915970642582202,0.04853980901638283,0.0,0.0,0.16444444444444445,0.0,0.0,0.0,0.0,0.0,0.0,0.0,0.0
240.0,72000.0,1.0,0.75,-4.787212554906284,6719.891717164246,0.00225308205070629,0.07285664816053866,0.0,0.0,0.16444444444444445,0.0,0.0,0.0,0.0,0.0,0.0,0.0,0.0
240.0,72000.0,1.0,1.0,-4.779033605662044,6718.254521603943,0.010432031294945965,0.09720231953965959,0.0,0.0,0.16444444444444445,0.0,0.0,0.0,0.0,0.0,0.0,0.0,0.0
245.0,73500.0,1.0,0.0,-4.78946563695699,6724.7911746098625,0.0,0.0,0.0,0.0,0.16333333333333333,0.0,0.0,0.0,0.0,0.0,0.0,0.0,0.0
245.0,73500.0,1.0,0.25,-4.80362263568124,6723.176663722351,-0.014156998724249803,0.024008342349832262,0.0,0.0,0.16444444444444445,0.0,0.0,0.0,0.0,0.0,0.0,0.0,0.0
245.0,73500.0,1.0,0.5,-4.795542692580692,6721.559181343441,-0.006077055623701533,0.048060871817463456,0.0,0.0,0.16444444444444445,0.0,0.0,0.0,0.0,0.0,0.0,0.0,0.0
245.0,73500.0,1.0,0.75,-4.787447351222654,6719.938665645867,0.002018285734336267,0.07215850779599448,0.0,0.0,0.16444444444444445,0.0,0.0,0.0,0.0,0.0,0.0,0.0,0.0
245.0,73500.0,1.0,1.0,-4.779337638819715,6718.315313921346,0.01012799813727483,0.09629831648849446,0.0,0.0,0.16444444444444445,0.0,0.0,0.0,0.0,0.0,0.0,0.0,0.0
250.0,75000.0,1.0,0.0,-4.78946563695699,6724.7911746098625,0.0,0.0,0.0,0.0,0.16333333333333333,0.0,0.0,0.0,0.0,0.0,0.0,0.0,0.0
250.0,75000.0,1.0,0.25,-4.803679257840867,6723.187992671079,-0.014213620883876565,0.023839876914491284,0.0,0.0,0.16444444444444445,0.0,0.0,0.0,0.0,0.0,0.0,0.0,0.0
250.0,75000.0,1.0,0.5,-4.795660401534735,6721.582732240986,-0.006194764577744927,0.04771066172270756,0.0,0.0,0.16444444444444445,0.0,0.0,0.0,0.0,0.0,0.0,0.0,0.0
250.0,75000.0,1.0,0.75,-4.787630634588482,6719.9753414577235,0.0018350023685078654,0.07161312562866921,0.0,0.0,0.16444444444444445,0.0,0.0,0.0,0.0,0.0,0.0,0.0,0.0
250.0,75000.0,1.0,1.0,-4.779591085840185,6718.366027552846,0.009874551116805463,0.09554418702657932,0.0,0.0,0.16444444444444445,0.0,0.0,0.0,0.0,0.0,0.0,0.0,0.0
255.0,76500.0,1.0,0.0,-4.78946563695699,6724.7911746098625,0.0,0.0,0.0,0.0,0.16333333333333333,0.0,0.0,0.0,0.0,0.0,0.0,0.0,0.0
255.0,76500.0,1.0,0.25,-4.803768605119444,6723.205878702166,-0.014302968162454022,0.023573905367975406,0.0,0.0,0.16444444444444445,0.0,0.0,0.0,0.0,0.0,0.0,0.0,0.0
255.0,76500.0,1.0,0.5,-4.79583605077196,6721.617896274711,-0.006370413814970277,0.04718776022566727,0.0,0.0,0.16444444444444445,0.0,0.0,0.0,0.0,0.0,0.0,0.0,0.0
255.0,76500.0,1.0,0.75,-4.787890246359698,6720.02729949624,0.00157539059729217,0.07084049139859264,0.0,0.0,0.16444444444444445,0.0,0.0,0.0,0.0,0.0,0.0,0.0,0.0
255.0,76500.0,1.0,1.0,-4.779932490506969,6718.434357927782,0.009533146450021235,0.09452809041983856,0.0,0.0,0.16444444444444445,0.0,0.0,0.0,0.0,0.0,0.0,0.0,0.0
260.0,78000.0,1.0,0.0,-4.78946563695699,6724.7911746098625,0.0,0.0,0.0,0.0,0.16333333333333333,0.0,0.0,0.0,0.0,0.0,0.0,0.0,0.0
260.0,78000.0,1.0,0.25,-4.8035635990664405,6723.164882474371,-0.014097962109450357,0.024183533633462505,0.0,0.0,0.16444444444444445,0.0,0.0,0.0,0.0,0.0,0.0,0.0,0.0
260.0,78000.0,1.0,0.5,-4.795431372630078,6721.536969429915,-0.005965735673087558,0.04839117075090649,0.0,0.0,0.16444444444444445,0.0,0.0,0.0,0.0,0.0,0.0,0.0,0.0
260.0,78000.0,1.0,0.75,-4.787290881365453,6719.907446504764,0.0021747555915370143,0.07262274735812298,0.0,0.0,0.16444444444444445,0.0,0.0,0.0,0.0,0.0,0.0,0.0,0.0
260.0,78000.0,1.0,1.0,-4.779142776231869,6718.276438880334,0.010322860725120897,0.09687640196360647,0.0,0.0,0.16444444444444445,0.0,0.0,0.0,0.0,0.0,0.0,0.0,0.0
265.0,79500.0,1.0,0.0,-4.78946563695699,6724.7911746098625,0.0,0.0,0.0,0.0,0.16333333333333333,0.0,0.0,0.0,0.0,0.0,0.0,0.0,0.0
265.0,79500.0,1.0,0.25,-4.8037824053832665,6723.2086589114115,-0.014316768426276383,0.023532562682779076,0.0,0.0,0.16444444444444445,0.0,0.0,0.0,0.0,0.0,0.0,0.0,0.0
265.0,79500.0,1.0,0.5,-4.795865686381032,6721.623858107455,-0.0064000494240419314,0.047099105684740926,0.0,0.0,0.16444444444444445,0.0,0.0,0.0,0.0,0.0,0.0,0.0,0.0
265.0,79500.0,1.0,0.75,-4.787936619202921,6720.036649128605,0.0015290177540689953,0.07070145909078612,0.0,0.0,0.16444444444444445,0.0,0.0,0.0,0.0,0.0,0.0,0.0,0.0
265.0,79500.0,1.0,1.0,-4.779997420340856,6718.447435958663,0.009468216616133951,0.09433361552030099,0.0,0.0,0.16444444444444445,0.0,0.0,0.0,0.0,0.0,0.0,0.0,0.0
270.0,81000.0,1.0,0.0,-4.78946563695699,6724.7911746098625,0.0,0.0,0.0,0.0,0.16333333333333333,0.0,0.0,0.0,0.0,0.0,0.0,0.0,0.0
270.0,81000.0,1.0,0.25,-4.803347996566093,6723.121785701711,-0.013882359609103112,0.02482439773675918,0.0,0.0,0.16444444444444445,0.0,0.0,0.0,0.0,0.0,0.0,0.0,0.0
270.0,81000.0,1.0,0.5,-4.794993123629637,6721.449363443401,-0.0055274866726469085,0.04969390245274473,0.0,0.0,0.16444444444444445,0.0,0.0,0.0,0.0,0.0,0.0,0.0,0.0
270.0,81000.0,1.0,0.75,-4.786622173525025,6719.773784423065,0.0028434634319651764,0.07461034932565827,0.0,0.0,0.16444444444444445,0.0,0.0,0.0,0.0,0.0,0.0,0.0,0.0
270.0,81000.0,1.0,1.0,-4.778235806946072,6718.095147360901,0.01122983001091793,0.09957227035157518,0.0,0.0,0.16444444444444445,0.0,0.0,0.0,0.0,0.0,0.0,0.0,0.0
275.0,82500.0,1.0,0.0,-4.78946563695699,6724.7911746098625,0.0,0.0,0.0,0.0,0.16333333333333333,0.0,0.0,0.0,0.0,0.0,0.0,0.0,0.0
275.0,82500.0,1.0,0.25,-4.80440356896867,6723.332739198369,-0.014937932011680033,0.02168744535889275,0.0,0.0,0.16444444444444445,0.0,0.0,0.0,0.0,0.0,0.0,0.0,0.0
275.0,82500.0,1.0,0.5,-4.797103111214971,6721.871060270943,-0.007637474257981225,0.04342312293568774,0.0,0.0,0.16444444444444445,0.0,0.0,0.0,0.0,0.0,0.0,0.0,0.0
275.0,82500.0,1.0,0.75,-4.789785475802496,6720.406068991255,-0.0003198388455061263,0.06520805635071737,0.0,0.0,0.16444444444444445,0.0,0.0,0.0,0.0,0.0,0.0,0.0,0.0
275.0,82500.0,1.0,1.0,-4.782453216146781,6718.938125770408,0.007012420810209363,0.0870368861646328,0.0,0.0,0.16444444444444445,0.0,0.0,0.0,0.0,0.0,0.0,0.0,0.0
280.0,84000.0,1.0,0.0,-4.78946563695699,6724.7911746098625,0.0,0.0,0.0,0.0,0.16333333333333333,0.0,0.0,0.0,0.0,0.0,0.0,0.0,0.0
280.0,84000.0,1.0,0.25,-4.804023557526672,6723.256691433865,-0.014557920569681748,0.02281830225139468,0.0,0.0,0.16444444444444445,0.0,0.0,0.0,0.0,0.0,0.0,0.0,0.0
280.0,84000.0,1.0,0.5,-4.796343869549678,6721.719143103825,-0.006878232592687716,0.045682184416905934,0.0,0.0,0.16444444444444445,0.0,0.0,0.0,0.0,0.0,0.0,0.0,0.0
280.0,84000.0,1.0,0.75,-4.788641879199967,6720.1772472924395,0.0008237577570229249,0.06861071515266425,0.0,0.0,0.16444444444444445,0.0,0.0,0.0,0.0,0.0,0.0,0.0,0.0
280.0,84000.0,1.0,1.0,-4.780909409030021,6718.629228818823,0.008556227926969306,0.091630292020134,0.0,0.0,0.16444444444444445,0.0,0.0,0.0,0.0,0.0,0.0,0.0,0.0
285.0,85500.0,1.0,0.0,-4.78946563695699,6724.7911746098625,0.0,0.0,0.0,0.0,0.16333333333333333,0.0,0.0,0.0,0.0,0.0,0.0,0.0,0.0
285.0,85500.0,1.0,0.25,-4.803945595634564,6723.2410556977775,-0.014479958677573457,0.02305081112314218,0.0,0.0,0.16444444444444445,0.0,0.0,0.0,0.0,0.0,0.0,0.0,0.0
285.0,85500.0,1.0,0.5,-4.796140992952085,6721.678499712296,-0.006675355995095167,0.04628656588354552,0.0,0.0,0.16444444444444445,0.0,0.0,0.0,0.0,0.0,0.0,0.0,0.0
285.0,85500.0,1.0,0.75,-4.788275597153462,6720.103887515245,0.0011900398035278315,0.06970160073244411,0.0,0.0,0.16444444444444445,0.0,0.0,0.0,0.0,0.0,0.0,0.0,0.0
285.0,85500.0,1.0,1.0,-4.780353271962157,6718.517861805224,0.009112364994833477,0.09328635851658774,0.0,0.0,0.16444444444444445,0.0,0.0,0.0,0.0,0.0,0.0,0.0,0.0
290.0,87000.0,1.0,0.0,-4.78946563695699,6724.7911746098625,0.0,0.0,0.0,0.0,0.16333333333333333,0.0,0.0,0.0,0.0,0.0,0.0,0.0,0.0
290.0,87000.0,1.0,0.25,-4.8034594567875395,6723.1438008941295,-0.01399381983054937,0.024497024115080906,0.0,0.0,0.16444444444444445,0.0,0.0,0.0,0.0,0.0,0.0,0.0,0.0
290.0,87000.0,1.0,0.5,-4.795215067011646,6721.4932705053625,-0.005749430054655669,0.049040989063744066,0.0,0.0,0.16444444444444445,0.0,0.0,0.0,0.0,0.0,0.0,0.0,0.0
290.0,87000.0,1.0,0.75,-4.786954409316427,6719.839583667473,0.0025112276405634404,0.07363189151635106,0.0,0.0,0.16444444444444445,0.0,0.0,0.0,0.0,0.0,0.0,0.0,0.0
290.0,87000.0,1.0,1.0,-4.7786805396758005,6718.183226511363,0.010785097281189593,0.09826250253612233,0.0,0.0,0.16444444444444445,0.0,0.0,0.0,0.0,0.0,0.0,0.0,0.0
295.0,88500.0,1.0,0.0,-4.78946563695699,6724.7911746098625,0.0,0.0,0.0,0.0,0.16333333333333333,0.0,0.0,0.0,0.0,0.0,0.0,0.0,0.0
295.0,88500.0,1.0,0.25,-4.803788387275597,6723.209618366418,-0.014322750318607191,0.023518295250800736,0.0,0.0,0.16444444444444445,0.0,0.0,0.0,0.0,0.0,0.0,0.0,0.0
295.0,88500.0,1.0,0.5,-4.795872088397183,6721.624725488771,-0.006406451440192917,0.047086207420783135,0.0,0.0,0.16444444444444445,0.0,0.0,0.0,0.0,0.0,0.0,0.0,0.0
295.0,88500.0,1.0,0.75,-4.7879385305803055,6720.03648584451,0.0015271063766846282,0.07070388718246488,0.0,0.0,0.16444444444444445,0.0,0.0,0.0,0.0,0.0,0.0,0.0,0.0
295.0,88500.0,1.0,1.0,-4.779992185392181,6718.445662368652,0.009473451564809388,0.0943599894249316,0.0,0.0,0.16444444444444445,0.0,0.0,0.0,0.0,0.0,0.0,0.0,0.0
300.0,90000.0,1.0,0.0,-4.78946563695699,6724.7911746098625,0.0,0.0,0.0,0.0,0.16333333333333333,0.0,0.0,0.0,0.0,0.0,0.0,0.0,0.0
300.0,90000.0,1.0,0.25,-4.803479357073885,6723.147775888876,-0.014013720116895279,0.024437914551033862,0.0,0.0,0.16444444444444445,0.0,0.0,0.0,0.0,0.0,0.0,0.0,0.0
300.0,90000.0,1.0,0.5,-4.795260237738066,6721.502292664781,-0.005794600781076298,0.04890682639335066,0.0,0.0,0.16444444444444445,0.0,0.0,0.0,0.0,0.0,0.0,0.0,0.0
300.0,90000.0,1.0,0.75,-4.787030472398938,6719.854779897606,0.0024351645580518166,0.07340591825206973,0.0,0.0,0.16444444444444445,0.0,0.0,0.0,0.0,0.0,0.0,0.0,0.0
300.0,90000.0,1.0,1.0,-4.778793645669611,6718.205827751903,0.010671991287378724,0.09792641417362519,0.0,0.0,0.16444444444444445,0.0,0.0,0.0,0.0,0.0,0.0,0.0,0.0
305.0,91500.0,1.0,0.0,-4.78946563695699,6724.7911746098625,0.0,0.0,0.0,0.0,0.16333333333333333,0.0,0.0,0.0,0.0,0.0,0.0,0.0,0.0
305.0,91500.0,1.0,0.25,-4.8037108958427455,6723.194072779617,-0.01424525888575534,0.02374946357108138,0.0,0.0,0.16444444444444445,0.0,0.0,0.0,0.0,0.0,0.0,0.0,0.0
305.0,91500.0,1.0,0.5,-4.795667167384795,6721.583662498495,-0.006201530427804691,0.04769682846774288,0.0,0.0,0.16444444444444445,0.0,0.0,0.0,0.0,0.0,0.0,0.0,0.0
305.0,91500.0,1.0,0.75,-4.78756166756864,6719.960993186392,0.0019039693883504683,0.07182648944857854,0.0,0.0,0.16444444444444445,0.0,0.0,0.0,0.0,0.0,0.0,0.0,0.0
305.0,91500.0,1.0,1.0,-4.757174329654488,6718.326373158634,0.0322913073025024,0.09613386175673551,0.0,0.0,0.16333333333333333,0.0,0.0,0.0,0.0,0.0,0.0,0.0,0.0
310.0,93000.0,1.0,0.0,-4.78946563695699,6724.7911746098625,0.0,0.0,0.0,0.0,0.16333333333333333,0.0,0.0,0.0,0.0,0.0,0.0,0.0,0.0
310.0,93000.0,1.0,0.25,-4.803873757020393,6723.226667139495,-0.014408120063403196,0.023264774024135192,0.0,0.0,0.16444444444444445,0.0,0.0,0.0,0.0,0.0,0.0,0.0,0.0
310.0,93000.0,1.0,0.5,-4.796042383352369,6721.658749067233,-0.006576746395379196,0.04658026489293204,0.0,0.0,0.16444444444444445,0.0,0.0,0.0,0.0,0.0,0.0,0.0,0.0
310.0,93000.0,1.0,0.75,-4.788196813138261,6720.088088846009,0.001268823818729281,0.06993653247718323,0.0,0.0,0.16444444444444445,0.0,0.0,0.0,0.0,0.0,0.0,0.0,0.0
310.0,93000.0,1.0,1.0,-4.780341474260304,6718.515448283979,0.009124162696686255,0.09332224842279523,0.0,0.0,0.16444444444444445,0.0,0.0,0.0,0.0,0.0,0.0,0.0,0.0
315.0,94500.0,1.0,0.0,-4.78946563695699,6724.7911746098625,0.0,0.0,0.0,0.0,0.16333333333333333,0.0,0.0,0.0,0.0,0.0,0.0,0.0,0.0
315.0,94500.0,1.0,0.25,-4.80380974200738,6723.213834695524,-0.014344105050390077,0.023455596960297625,0.0,0.0,0.16444444444444445,0.0,0.0,0.0,0.0,0.0,0.0,0.0,0.0
315.0,94500.0,1.0,0.5,-4.795928147969221,6721.635849922298,-0.0064625110122307206,0.046920783198114685,0.0,0.0,0.16444444444444445,0.0,0.0,0.0,0.0,0.0,0.0,0.0,0.0
315.0,94500.0,1.0,0.75,-4.7880433329197265,6720.057313207727,0.001422304037263622,0.07039417699702996,0.0,0.0,0.16444444444444445,0.0,0.0,0.0,0.0,0.0,0.0,0.0,0.0
315.0,94500.0,1.0,1.0,-4.757935692199891,6718.47862817423,0.03152994475709914,0.09386977635032412,0.0,0.0,0.16333333333333333,0.0,0.0,0.0,0.0,0.0,0.0,0.0,0.0
320.0,96000.0,1.0,0.0,-4.78946563695699,6724.7911746098625,0.0,0.0,0.0,0.0,0.16333333333333333,0.0,0.0,0.0,0.0,0.0,0.0,0.0,0.0
320.0,96000.0,1.0,0.25,-4.803713849655756,6723.194646486532,-0.014248212698765528,0.02374093234832481,0.0,0.0,0.16444444444444445,0.0,0.0,0.0,0.0,0.0,0.0,0.0,0.0
320.0,96000.0,1.0,0.5,-4.795736907478951,6721.597585589768,-0.006271270521961192,0.04748978722421192,0.0,0.0,0.16444444444444445,0.0,0.0,0.0,0.0,0.0,0.0,0.0,0.0
320.0,96000.0,1.0,0.75,-4.787757104566463,6720.0000423296515,0.00170853239052704,0.07124581501207754,0.0,0.0,0.16444444444444445,0.0,0.0,0.0,0.0,0.0,0.0,0.0,0.0
320.0,96000.0,1.0,1.0,-4.757554490225535,6718.402352876751,0.03191114673145545,0.09500401673784384,0.0,0.0,0.16333333333333333,0.0,0.0,0.0,0.0,0.0,0.0,0.0,0.0
325.0,97500.0,1.0,0.0,-4.78946563695699,6724.7911746098625,0.0,0.0,0.0,0.0,0.16333333333333333,0.0,0.0,0.0,0.0,0.0,0.0,0.0,0.0
325.0,97500.0,1.0,0.25,-4.803699371324174,6723.191727541848,-0.014233734367183892,0.02378433807808365,0.0,0.0,0.16444444444444445,0.0,0.0,0.0,0.0,0.0,0.0,0.0,0.0
325.0,97500.0,1.0,0.5,-4.795695641122523,6721.589290159329,-0.0062300041655332095,0.04761314318015953,0.0,0.0,0.16444444444444445,0.0,0.0,0.0,0.0,0.0,0.0,0.0,0.0
325.0,97500.0,1.0,0.75,-4.787686317882513,6719.985820962601,0.001779319074477037,0.07145729172089028,0.0,0.0,0.16444444444444445,0.0,0.0,0.0,0.0,0.0,0.0,0.0,0.0
325.0,97500.0,1.0,1.0,-4.757459825918825,6718.3833335506815,0.032005811038165355,0.09528684077766562,0.0,0.0,0.16333333333333333,0.0,0.0,0.0,0.0,0.0,0.0,0.0,0.0
330.0,99000.0,1.0,0.0,-4.78946563695699,6724.7911746098625,0.0,0.0,0.0,0.0,0.16333333333333333,0.0,0.0,0.0,0.0,0.0,0.0,0.0,0.0
330.0,99000.0,1.0,0.25,-4.803895007060718,6723.230857382863,-0.014429370103727912,0.023202463637688804,0.0,0.0,0.16444444444444445,0.0,0.0,0.0,0.0,0.0,0.0,0.0,0.0
330.0,99000.0,1.0,0.5,-4.7960728382676185,6721.664735017046,-0.006607201310628419,0.04649125172274031,0.0,0.0,0.16444444444444445,0.0,0.0,0.0,0.0,0.0,0.0,0.0,0.0
330.0,99000.0,1.0,0.75,-4.788238292672679,6720.096224402464,0.0012273442843113713,0.06981555390336537,0.0,0.0,0.16444444444444445,0.0,0.0,0.0,0.0,0.0,0.0,0.0,0.0
330.0,99000.0,1.0,1.0,-4.758184086417348,6718.528197369759,0.03128155053964221,0.09313266505211037,0.0,0.0,0.16333333333333333,0.0,0.0,0.0,0.0,0.0,0.0,0.0,0.0
335.0,100500.0,1.0,0.0,-4.78946563695699,6724.7911746098625,0.0,0.0,0.0,0.0,0.16333333333333333,0.0,0.0,0.0,0.0,0.0,0.0,0.0,0.0
335.0,100500.0,1.0,0.25,-4.804206251093662,6723.293110087811,-0.014740614136671937,0.022276744112252955,0.0,0.0,0.16444444444444445,0.0,0.0,0.0,0.0,0.0,0.0,0.0,0.0
335.0,100500.0,1.0,0.5,-4.796650493408163,6721.780272436157,-0.0071848564511727275,0.04477316983571563,0.0,0.0,0.16444444444444445,0.0,0.0,0.0,0.0,0.0,0.0,0.0,0.0
335.0,100500.0,1.0,0.75,-4.789021200423015,6720.2528153887615,0.0004444365339750789,0.06748699109402918,0.0,0.0,0.16444444444444445,0.0,0.0,0.0,0.0,0.0,0.0,0.0,0.0
335.0,100500.0,1.0,1.0,-4.759111827311149,6718.713757962272,0.03035380964584089,0.09037331405228216,0.0,0.0,0.16333333333333333,0.0,0.0,0.0,0.0,0.0,0.0,0.0,0.0
340.0,102000.0,1.0,0.0,-4.78946563695699,6724.7911746098625,0.0,0.0,0.0,0.0,0.16333333333333333,0.0,0.0,0.0,0.0,0.0,0.0,0.0,0.0
340.0,102000.0,1.0,0.25,-4.803819608205353,6723.215791234926,-0.014353971248362463,0.023426502534157678,0.0,0.0,0.16444444444444445,0.0,0.0,0.0,0.0,0.0,0.0,0.0,0.0
340.0,102000.0,1.0,0.5,-4.795940256233892,6721.638244149807,-0.0064746192769016275,0.04688518019651778,0.0,0.0,0.16444444444444445,0.0,0.0,0.0,0.0,0.0,0.0,0.0,0.0
340.0,102000.0,1.0,0.75,-4.788050271756795,6720.058659658275,0.00141536520019514,0.07037415480580847,0.0,0.0,0.16444444444444445,0.0,0.0,0.0,0.0,0.0,0.0,0.0,0.0
340.0,102000.0,1.0,1.0,-4.757916852374358,6718.474804618774,0.03154878458263255,0.09392663395908,0.0,0.0,0.16333333333333333,0.0,0.0,0.0,0.0,0.0,0.0,0.0,0.0
345.0,103500.0,1.0,0.0,-4.78946563695699,6724.7911746098625,0.0,0.0,0.0,0.0,0.16333333333333333,0.0,0.0,0.0,0.0,0.0,0.0,0.0,0.0
345.0,103500.0,1.0,0.25,-4.803946385710014,6723.241162946027,-0.014480748753023853,0.023049216304115598,0.0,0.0,0.16444444444444445,0.0,0.0,0.0,0.0,0.0,0.0,0.0,0.0
345.0,103500.0,1.0,0.5,-4.796200501332593,6721.690323043634,-0.006734864375602889,0.04611074880564908,0.0,0.0,0.16444444444444445,0.0,0.0,0.0,0.0,0.0,0.0,0.0,0.0
345.0,103500.0,1.0,0.75,-4.788450601840484,6720.1387717369,0.0010150351165059135,0.0691828601388897,0.0,0.0,0.16444444444444445,0.0,0.0,0.0,0.0,0.0,0.0,0.0,0.0
345.0,103500.0,1.0,1.0,-4.7584771070487974,6718.586918791803,0.030988529908192675,0.0922594569402246,0.0,0.0,0.16333333333333333,0.0,0.0,0.0,0.0,0.0,0.0,0.0,0.0
350.0,105000.0,1.0,0.0,-4.78946563695699,6724.7911746098625,0.0,0.0,0.0,0.0,0.16333333333333333,0.0,0.0,0.0,0.0,0.0,0.0,0.0,0.0
350.0,105000.0,1.0,0.25,-4.804385187570542,6723.328902520549,-0.01491955061355199,0.02174449810181339,0.0,0.0,0.16444444444444445,0.0,0.0,0.0,0.0,0.0,0.0,0.0,0.0
350.0,105000.0,1.0,0.5,-4.797070168806791,6721.864219633713,-0.007604531849801255,0.04352484560710727,0.0,0.0,0.16444444444444445,0.0,0.0,0.0,0.0,0.0,0.0,0.0,0.0
350.0,105000.0,1.0,0.75,-4.789742864860428,6720.397167655414,-0.0002772279034379821,0.06534042233220215,0.0,0.0,0.16444444444444445,0.0,0.0,0.0,0.0,0.0,0.0,0.0,0.0
350.0,105000.0,1.0,1.0,-4.7601807269121315,6718.927565758014,0.02928491004485867,0.0871939172473849,0.0,0.0,0.16333333333333333,0.0,0.0,0.0,0.0,0.0,0.0,0.0,0.0
355.0,106500.0,1.0,0.0,-4.78946563695699,6724.7911746098625,0.0,0.0,0.0,0.0,0.16333333333333333,0.0,0.0,0.0,0.0,0.0,0.0,0.0,0.0
355.0,106500.0,1.0,0.25,-4.803915406034549,6723.234940247986,-0.014449769077558905,0.023141750003367042,0.0,0.0,0.16444444444444445,0.0,0.0,0.0,0.0,0.0,0.0,0.0,0.0
355.0,106500.0,1.0,0.5,-4.79614360325716,6721.678896619732,-0.00667796630016948,0.046280663730963165,0.0,0.0,0.16444444444444445,0.0,0.0,0.0,0.0,0.0,0.0,0.0,0.0
355.0,106500.0,1.0,0.75,-4.788371768135957,6720.122933580966,0.0010938688210329062,0.06941837906464955,0.0,0.0,0.16444444444444445,0.0,0.0,0.0,0.0,0.0,0.0,0.0,0.0
355.0,106500.0,1.0,1.0,-4.758377581231333,6718.566916750248,0.031088055725657426,0.09255689430349227,0.0,0.0,0.16333333333333333,0.0,0.0,0.0,0.0,0.0,0.0,0.0,0.0
360.0,108000.0,1.0,0.0,-4.78946563695699,6724.7911746098625,0.0,0.0,0.0,0.0,0.16333333333333333,0.0,0.0,0.0,0.0,0.0,0.0,0.0,0.0
360.0,108000.0,1.0,0.25,-4.804129480685172,6723.277771105172,-0.01466384372818208,0.022504840156291676,0.0,0.0,0.16444444444444445,0.0,0.0,0.0,0.0,0.0,0.0,0.0,0.0
360.0,108000.0,1.0,0.5,-4.796580470346814,6721.766300378185,-0.007114833389823438,0.04498093923121142,0.0,0.0,0.16444444444444445,0.0,0.0,0.0,0.0,0.0,0.0,0.0,0.0
360.0,108000.0,1.0,0.75,-4.789042041856335,6720.257035119673,0.0004235951006554828,0.06742424221749636,0.0,0.0,0.16444444444444445,0.0,0.0,0.0,0.0,0.0,0.0,0.0,0.0
360.0,108000.0,1.0,1.0,-4.759294836229015,6718.750431933804,0.03017080072797551,0.08982795925122423,0.0,0.0,0.16333333333333333,0.0,0.0,0.0,0.0,0.0,0.0,0.0,0.0
365.0,109500.0,1.0,0.0,-4.78946563695699,6724.7911746098625,0.0,0.0,0.0,0.0,0.16333333333333333,0.0,0.0,0.0,0.0,0.0,0.0,0.0,0.0
365.0,109500.0,1.0,0.25,-4.803846661936287,6723.221197427854,-0.014381024979297052,0.023346110551890405,0.0,0.0,0.16444444444444445,0.0,0.0,0.0,0.0,0.0,0.0,0.0,0.0
365.0,109500.0,1.0,0.5,-4.796014671618871,6721.653122716278,-0.006549034661881059,0.04666393070215848,0.0,0.0,0.16444444444444445,0.0,0.0,0.0,0.0,0.0,0.0,0.0,0.0
365.0,109500.0,1.0,0.75,-4.7881894581707165,6720.086490568225,0.0012761787862736185,0.06996029942759953,0.0,0.0,0.16444444444444445,0.0,0.0,0.0,0.0,0.0,0.0,0.0,0.0
365.0,109500.0,1.0,1.0,-4.758151613993124,6718.52174948233,0.03131402296386643,0.09322854739643578,0.0,0.0,0.16333333333333333,0.0,0.0,0.0,0.0,0.0,0.0,0.0,0.0
370.0,111000.0,1.0,0.0,-4.78946563695699,6724.7911746098625,0.0,0.0,0.0,0.0,0.16333333333333333,0.0,0.0,0.0,0.0,0.0,0.0,0.0,0.0
370.0,111000.0,1.0,0.25,-4.803741335600752,6723.200151309679,-0.014275698643761991,0.023659073700166264,0.0,0.0,0.16444444444444445,0.0,0.0,0.0,0.0,0.0,0.0,0.0,0.0
370.0,111000.0,1.0,0.5,-4.795795762622297,6721.609378316196,-0.006330125665306774,0.04731442525204041,0.0,0.0,0.16444444444444445,0.0,0.0,0.0,0.0,0.0,0.0,0.0,0.0
370.0,111000.0,1.0,0.75,-4.7878669344470035,6720.022043609001,0.001598702509986616,0.07091864828260615,0.0,0.0,0.16444444444444445,0.0,0.0,0.0,0.0,0.0,0.0,0.0,0.0
370.0,111000.0,1.0,1.0,-4.77995676320834,6718.438413611581,0.009508873748649727,0.09446778098131367,0.0,0.0,0.16444444444444445,0.0,0.0,0.0,0.0,0.0,0.0,0.0,0.0
375.0,112500.0,1.0,0.0,-4.78946563695699,6724.7911746098625,0.0,0.0,0.0,0.0,0.16333333333333333,0.0,0.0,0.0,0.0,0.0,0.0,0.0,0.0
375.0,112500.0,1.0,0.25,-4.803861607794004,6723.22418379076,-0.014395970837013827,0.023301702289558617,0.0,0.0,0.16444444444444445,0.0,0.0,0.0,0.0,0.0,0.0,0.0,0.0
375.0,112500.0,1.0,0.5,-4.796046404305769,6721.659465776976,-0.006580767348778771,0.046569607168041594,0.0,0.0,0.16444444444444445,0.0,0.0,0.0,0.0,0.0,0.0,0.0,0.0
375.0,112500.0,1.0,0.75,-4.78824098542258,6720.096791055847,0.0012246515344100928,0.06980712756910744,0.0,0.0,0.16444444444444445,0.0,0.0,0.0,0.0,0.0,0.0,0.0,0.0
375.0,112500.0,1.0,1.0,-4.758224926443353,6718.536405257931,0.03124071051363675,0.09301061088034003,0.0,0.0,0.16333333333333333,0.0,0.0,0.0,0.0,0.0,0.0,0.0,0.0
380.0,114000.0,1.0,0.0,-4.78946563695699,6724.7911746098625,0.0,0.0,0.0,0.0,0.16333333333333333,0.0,0.0,0.0,0.0,0.0,0.0,0.0,0.0
380.0,114000.0,1.0,0.25,-4.803840210292138,6723.2199029952635,-0.014374573335147467,0.023365359217867223,0.0,0.0,0.16444444444444445,0.0,0.0,0.0,0.0,0.0,0.0,0.0,0.0
380.0,114000.0,1.0,0.5,-4.79598725032049,6721.647632333257,-0.0065216133634997675,0.0467455746205785,0.0,0.0,0.16444444444444445,0.0,0.0,0.0,0.0,0.0,0.0,0.0,0.0
380.0,114000.0,1.0,0.75,-4.78814478563843,6720.077548746441,0.001320851318560301,0.07009326744923494,0.0,0.0,0.16444444444444445,0.0,0.0,0.0,0.0,0.0,0.0,0.0,0.0
380.0,114000.0,1.0,1.0,-4.7580999051785104,6718.511400427721,0.03136573177847968,0.09338244146303516,0.0,0.0,0.16333333333333333,0.0,0.0,0.0,0.0,0.0,0.0,0.0,0.0
385.0,115500.0,1.0,0.0,-4.78946563695699,6724.7911746098625,0.0,0.0,0.0,0.0,0.16333333333333333,0.0,0.0,0.0,0.0,0.0,0.0,0.0,0.0
385.0,115500.0,1.0,0.25,-4.8038392867048145,6723.219725795417,-0.014373649747824402,0.023367994241650147,0.0,0.0,0.16444444444444445,0.0,0.0,0.0,0.0,0.0,0.0,0.0,0.0
385.0,115500.0,1.0,0.5,-4.795998591733238,6721.649911947402,-0.006532954776248268,0.04671167595985337,0.0,0.0,0.16444444444444445,0.0,0.0,0.0,0.0,0.0,0.0,0.0,0.0
385.0,115500.0,1.0,0.75,-4.788165973011897,6720.081803375014,0.0012996639450930658,0.07002999963224799,0.0,0.0,0.16444444444444445,0.0,0.0,0.0,0.0,0.0,0.0,0.0,0.0
385.0,115500.0,1.0,1.0,-4.780344571163167,6718.515911915644,0.009121065793823213,0.09331535405755384,0.0,0.0,0.16444444444444445,0.0,0.0,0.0,0.0,0.0,0.0,0.0,0.0
390.0,117000.0,1.0,0.0,-4.78946563695699,6724.7911746098625,0.0,0.0,0.0,0.0,0.16333333333333333,0.0,0.0,0.0,0.0,0.0,0.0,0.0,0.0
390.0,117000.0,1.0,0.25,-4.803781247566008,6723.208123502688,-0.014315610609018314,0.023540524398013147,0.0,0.0,0.16444444444444445,0.0,0.0,0.0,0.0,0.0,0.0,0.0,0.0
390.0,117000.0,1.0,0.5,-4.795892558471115,6721.628713207862,-0.006426921514124828,0.047026908641273305,0.0,0.0,0.16444444444444445,0.0,0.0,0.0,0.0,0.0,0.0,0.0,0.0
390.0,117000.0,1.0,0.75,-4.788020942243658,6720.052809268379,0.0014446947133324173,0.07046115215255709,0.0,0.0,0.16444444444444445,0.0,0.0,0.0,0.0,0.0,0.0,0.0,0.0
390.0,117000.0,1.0,1.0,-4.757946195316556,6718.480697624754,0.031519441640433854,0.09383900289624883,0.0,0.0,0.16333333333333333,0.0,0.0,0.0,0.0,0.0,0.0,0.0,0.0
395.0,118500.0,1.0,0.0,-4.78946563695699,6724.7911746098625,0.0,0.0,0.0,0.0,0.16333333333333333,0.0,0.0,0.0,0.0,0.0,0.0,0.0,0.0
395.0,118500.0,1.0,0.25,-4.804101514512006,6723.272182463524,-0.014635877555015497,0.02258794521492311,0.0,0.0,0.16444444444444445,0.0,0.0,0.0,0.0,0.0,0.0,0.0,0.0
395.0,118500.0,1.0,0.5,-4.796541122519513,6721.758437410031,-0.007075485562523021,0.04509786432153179,0.0,0.0,0.16444444444444445,0.0,0.0,0.0,0.0,0.0,0.0,0.0,0.0
395.0,118500.0,1.0,0.75,-4.789005343950812,6720.24970636917,0.00046029300617789204,0.0675332233042335,0.0,0.0,0.16444444444444445,0.0,0.0,0.0,0.0,0.0,0.0,0.0,0.0
395.0,118500.0,1.0,1.0,-4.781495445255191,6718.746124787263,0.00797019170179869,0.08989200802878228,0.0,0.0,0.16444444444444445,0.0,0.0,0.0,0.0,0.0,0.0,0.0,0.0
400.0,120000.0,1.0,0.0,-4.78946563695699,6724.7911746098625,0.0,0.0,0.0,0.0,0.16333333333333333,0.0,0.0,0.0,0.0,0.0,0.0,0.0,0.0
400.0,120000.0,1.0,0.25,-4.803963983433029,6723.24467105692,-0.014498346476038648,0.022997049466477456,0.0,0.0,0.16444444444444445,0.0,0.0,0.0,0.0,0.0,0.0,0.0,0.0
400.0,120000.0,1.0,0.5,-4.7962560058926735,6721.7014070244295,-0.006790368935683411,0.04594592612925694,0.0,0.0,0.16444444444444445,0.0,0.0,0.0,0.0,0.0,0.0,0.0,0.0
400.0,120000.0,1.0,0.75,-4.788570672701012,6720.162761401781,0.0008949642559779036,0.06882612542017492,0.0,0.0,0.16444444444444445,0.0,0.0,0.0,0.0,0.0,0.0,0.0,0.0
400.0,120000.0,1.0,1.0,-4.780908180352139,6718.628657479739,0.00855745660485141,0.09163878803242399,0.0,0.0,0.16444444444444445,0.0,0.0,0.0,0.0,0.0,0.0,0.0,0.0
405.0,121500.0,1.0,0.0,-4.78946563695699,6724.7911746098625,0.0,0.0,0.0,0.0,0.16333333333333333,0.0,0.0,0.0,0.0,0.0,0.0,0.0,0.0
405.0,121500.0,1.0,0.25,-4.803980498233783,6723.24798029537,-0.014514861276793134,0.022947839931724567,0.0,0.0,0.16444444444444445,0.0,0.0,0.0,0.0,0.0,0.0,0.0,0.0
405.0,121500.0,1.0,0.5,-4.79629247465441,6721.708710066684,-0.006826837697420096,0.045837327333176726,0.0,0.0,0.16444444444444445,0.0,0.0,0.0,0.0,0.0,0.0,0.0,0.0
405.0,121500.0,1.0,0.75,-4.788622386748959,6720.173118963292,0.0008432502080308879,0.06867210485295888,0.0,0.0,0.16444444444444445,0.0,0.0,0.0,0.0,0.0,0.0,0.0,0.0
405.0,121500.0,1.0,1.0,-4.758748747880456,6718.641236290736,0.030716889076534137,0.09145173670740031,0.0,0.0,0.16333333333333333,0.0,0.0,0.0,0.0,0.0,0.0,0.0,0.0
410.0,123000.0,1.0,0.0,-4.78946563695699,6724.7911746098625,0.0,0.0,0.0,0.0,0.16333333333333333,0.0,0.0,0.0,0.0,0.0,0.0,0.0,0.0
410.0,123000.0,1.0,0.25,-4.804057927441088,6723.2634637219235,-0.014592290484097603,0.022717595956095918,0.0,0.0,0.16444444444444445,0.0,0.0,0.0,0.0,0.0,0.0,0.0,0.0
410.0,123000.0,1.0,0.5,-4.796443999649143,6721.739011897621,-0.006978362692152906,0.04538672849449032,0.0,0.0,0.16444444444444445,0.0,0.0,0.0,0.0,0.0,0.0,0.0,0.0
410.0,123000.0,1.0,0.75,-4.788844584821765,6720.217553367028,0.0006210521352247866,0.06801134970707802,0.0,0.0,0.16444444444444445,0.0,0.0,0.0,0.0,0.0,0.0,0.0,0.0
410.0,123000.0,1.0,1.0,-4.781260543873297,6718.699143556412,0.008205093083692994,0.09059063538584387,0.0,0.0,0.16444444444444445,0.0,0.0,0.0,0.0,0.0,0.0,0.0,0.0
415.0,124500.0,1.0,0.0,-4.78946563695699,6724.7911746098625,0.0,0.0,0.0,0.0,0.16333333333333333,0.0,0.0,0.0,0.0,0.0,0.0,0.0,0.0
415.0,124500.0,1.0,0.25,-4.80383223211494,6723.218324331181,-0.014366595157949469,0.023388834505671027,0.0,0.0,0.16444444444444445,0.0,0.0,0.0,0.0,0.0,0.0,0.0,0.0
415.0,124500.0,1.0,0.5,-4.79601000226555,6721.652213034836,-0.006544365308560174,0.04667745798379941,0.0,0.0,0.16444444444444445,0.0,0.0,0.0,0.0,0.0,0.0,0.0,0.0
415.0,124500.0,1.0,0.75,-4.788220892311391,6720.092815781461,0.001244744645599205,0.06986624129149338,0.0,0.0,0.16444444444444445,0.0,0.0,0.0,0.0,0.0,0.0,0.0,0.0
415.0,124500.0,1.0,1.0,-4.780466623503319,6718.540360566739,0.008999013453671267,0.09295179405308927,0.0,0.0,0.16444444444444445,0.0,0.0,0.0,0.0,0.0,0.0,0.0,0.0
420.0,126000.0,1.0,0.0,-4.78946563695699,6724.7911746098625,0.0,0.0,0.0,0.0,0.16333333333333333,0.0,0.0,0.0,0.0,0.0,0.0,0.0,0.0
420.0,126000.0,1.0,0.25,-4.803732285264034,6723.198340173944,-0.014266648307043717,0.02368600592286093,0.0,0.0,0.16444444444444445,0.0,0.0,0.0,0.0,0.0,0.0,0.0,0.0
420.0,126000.0,1.0,0.5,-4.795788562407174,6721.607935855612,-0.0063229254501839804,0.047335875146123425,0.0,0.0,0.16444444444444445,0.0,0.0,0.0,0.0,0.0,0.0,0.0,0.0
420.0,126000.0,1.0,0.75,-4.787856828520865,6720.020020800069,0.0016088084361252086,0.07094872815988307,0.0,0.0,0.16444444444444445,0.0,0.0,0.0,0.0,0.0,0.0,0.0,0.0
420.0,126000.0,1.0,1.0,-4.757717113229442,6718.434928797894,0.031748523727547884,0.0945196013813377,0.0,0.0,0.16333333333333333,0.0,0.0,0.0,0.0,0.0,0.0,0.0,0.0
425.0,127500.0,1.0,0.0,-4.78946563695699,6724.7911746098625,0.0,0.0,0.0,0.0,0.16333333333333333,0.0,0.0,0.0,0.0,0.0,0.0,0.0,0.0
425.0,127500.0,1.0,0.25,-4.803655159678677,6723.182906861143,-0.014189522721687275,0.023915504689446403,0.0,0.0,0.16444444444444445,0.0,0.0,0.0,0.0,0.0,0.0,0.0,0.0
425.0,127500.0,1.0,0.5,-4.795659222813387,6721.582051866043,-0.006193585856396844,0.04772077913639766,0.0,0.0,0.16444444444444445,0.0,0.0,0.0,0.0,0.0,0.0,0.0,0.0
425.0,127500.0,1.0,0.75,-4.787701157833614,6719.988861478793,0.0017644791233761836,0.07141207818022462,0.0,0.0,0.16444444444444445,0.0,0.0,0.0,0.0,0.0,0.0,0.0,0.0
425.0,127500.0,1.0,1.0,-4.757560038395025,6718.403478784191,0.0319055985619654,0.09498727409988389,0.0,0.0,0.16333333333333333,0.0,0.0,0.0,0.0,0.0,0.0,0.0,0.0
430.0,129000.0,1.0,0.0,-4.78946563695699,6724.7911746098625,0.0,0.0,0.0,0.0,0.16333333333333333,0.0,0.0,0.0,0.0,0.0,0.0,0.0,0.0
430.0,129000.0,1.0,0.25,-4.8037067218726905,6723.19321893694,-0.01424108491570042,0.023762160510735646,0.0,0.0,0.16444444444444445,0.0,0.0,0.0,0.0,0.0,0.0,0.0,0.0
430.0,129000.0,1.0,0.5,-4.795769820797574,6721.604171455011,-0.0063041838405837325,0.04739185310146638,0.0,0.0,0.16444444444444445,0.0,0.0,0.0,0.0,0.0,0.0,0.0,0.0
430.0,129000.0,1.0,0.75,-4.787881603148187,6720.024951101208,0.0015840338088031203,0.07087541285519634,0.0,0.0,0.16444444444444445,0.0,0.0,0.0,0.0,0.0,0.0,0.0,0.0
430.0,129000.0,1.0,1.0,-4.757822346183881,6718.455942052681,0.031643290773109456,0.09420712692314803,0.0,0.0,0.16333333333333333,0.0,0.0,0.0,0.0,0.0,0.0,0.0,0.0
435.0,130500.0,1.0,0.0,-4.78946563695699,6724.7911746098625,0.0,0.0,0.0,0.0,0.16333333333333333,0.0,0.0,0.0,0.0,0.0,0.0,0.0,0.0
435.0,130500.0,1.0,0.25,-4.804017097556278,6723.25529062402,-0.01455146059928758,0.02283913278439915,0.0,0.0,0.16444444444444445,0.0,0.0,0.0,0.0,0.0,0.0,0.0,0.0
435.0,130500.0,1.0,0.5,-4.7963727214430865,6721.724743943985,-0.006907084486096338,0.04559889796213938,0.0,0.0,0.16444444444444445,0.0,0.0,0.0,0.0,0.0,0.0,0.0,0.0
435.0,130500.0,1.0,0.75,-4.788751156656718,6720.1988504051915,0.0007144803002718803,0.06828946929995162,0.0,0.0,0.16444444444444445,0.0,0.0,0.0,0.0,0.0,0.0,0.0,0.0
435.0,130500.0,1.0,1.0,-4.758929024566259,6718.677262667145,0.03053661239073069,0.09091601187261837,0.0,0.0,0.16333333333333333,0.0,0.0,0.0,0.0,0.0,0.0,0.0,0.0
440.0,132000.0,1.0,0.0,-4.78946563695699,6724.7911746098625,0.0,0.0,0.0,0.0,0.16333333333333333,0.0,0.0,0.0,0.0,0.0,0.0,0.0,0.0
440.0,132000.0,1.0,0.25,-4.804003065774178,6723.25250425778,-0.01453742881718778,0.02288056702625946,0.0,0.0,0.16444444444444445,0.0,0.0,0.0,0.0,0.0,0.0,0.0,0.0
440.0,132000.0,1.0,0.5,-4.796276397378592,6721.705516751993,-0.006810760421601891,0.04588481304103254,0.0,0.0,0.16444444444444445,0.0,0.0,0.0,0.0,0.0,0.0,0.0,0.0
440.0,132000.0,1.0,0.75,-4.788510364859448,6720.1507495813285,0.0009552720975420925,0.06900474539721742,0.0,0.0,0.16444444444444445,0.0,0.0,0.0,0.0,0.0,0.0,0.0,0.0
440.0,132000.0,1.0,1.0,-4.758488512183803,6718.589238248252,0.03097712477318737,0.09222496581049205,0.0,0.0,0.16333333333333333,0.0,0.0,0.0,0.0,0.0,0.0,0.0,0.0
445.0,133500.0,1.0,0.0,-4.78946563695699,6724.7911746098625,0.0,0.0,0.0,0.0,0.16333333333333333,0.0,0.0,0.0,0.0,0.0,0.0,0.0,0.0
445.0,133500.0,1.0,0.25,-4.803876200578304,6723.227131703922,-0.014410563621313877,0.023257865788391657,0.0,0.0,0.16444444444444445,0.0,0.0,0.0,0.0,0.0,0.0,0.0,0.0
445.0,133500.0,1.0,0.5,-4.796051388371448,6721.660514775546,-0.006585751414458052,0.046554008191903036,0.0,0.0,0.16444444444444445,0.0,0.0,0.0,0.0,0.0,0.0,0.0,0.0
445.0,133500.0,1.0,0.75,-4.788215529374226,6720.0917822780575,0.001250107582763782,0.06988160984906217,0.0,0.0,0.16444444444444445,0.0,0.0,0.0,0.0,0.0,0.0,0.0,0.0
445.0,133500.0,1.0,1.0,-4.7581505679701666,6718.521649208263,0.03131506898682357,0.09323003850693619,0.0,0.0,0.16333333333333333,0.0,0.0,0.0,0.0,0.0,0.0,0.0,0.0
450.0,135000.0,1.0,0.0,-4.78946563695699,6724.7911746098625,0.0,0.0,0.0,0.0,0.16333333333333333,0.0,0.0,0.0,0.0,0.0,0.0,0.0,0.0
450.0,135000.0,1.0,0.25,-4.803675601044308,6723.187000069306,-0.014209964087317672,0.023854637250493957,0.0,0.0,0.16444444444444445,0.0,0.0,0.0,0.0,0.0,0.0,0.0,0.0
450.0,135000.0,1.0,0.5,-4.7956645319087885,6721.583124368753,-0.006198894951798373,0.04770483064548206,0.0,0.0,0.16444444444444445,0.0,0.0,0.0,0.0,0.0,0.0,0.0,0.0
450.0,135000.0,1.0,0.75,-4.787656268723882,6719.979900195937,0.0018093682331077332,0.0715453355948172,0.0,0.0,0.16444444444444445,0.0,0.0,0.0,0.0,0.0,0.0,0.0,0.0
450.0,135000.0,1.0,1.0,-4.7574315475206355,6718.377803219707,0.03203408943635466,0.09536907873615362,0.0,0.0,0.16333333333333333,0.0,0.0,0.0,0.0,0.0,0.0,0.0,0.0
455.0,136500.0,1.0,0.0,-4.78946563695699,6724.7911746098625,0.0,0.0,0.0,0.0,0.16333333333333333,0.0,0.0,0.0,0.0,0.0,0.0,0.0,0.0
455.0,136500.0,1.0,0.25,-4.804457081356487,6723.343313494422,-0.014991444399496956,0.021530201873144385,0.0,0.0,0.16444444444444445,0.0,0.0,0.0,0.0,0.0,0.0,0.0,0.0
455.0,136500.0,1.0,0.5,-4.797229821009654,6721.896210464681,-0.0077641840526636585,0.0430491307464243,0.0,0.0,0.16444444444444445,0.0,0.0,0.0,0.0,0.0,0.0,0.0,0.0
455.0,136500.0,1.0,0.75,-4.79000556976971,6720.4498042698715,-0.0005399328127202452,0.06455769744021692,0.0,0.0,0.16444444444444445,0.0,0.0,0.0,0.0,0.0,0.0,0.0,0.0
455.0,136500.0,1.0,1.0,-4.760564588352895,6719.004471943157,0.02890104860409526,0.0860502953393365,0.0,0.0,0.16333333333333333,0.0,0.0,0.0,0.0,0.0,0.0,0.0,0.0
460.0,138000.0,1.0,0.0,-4.78946563695699,6724.7911746098625,0.0,0.0,0.0,0.0,0.16333333333333333,0.0,0.0,0.0,0.0,0.0,0.0,0.0,0.0
460.0,138000.0,1.0,0.25,-4.8037344816633505,6723.198830375378,-0.014268844706360362,0.02367871645586197,0.0,0.0,0.16444444444444445,0.0,0.0,0.0,0.0,0.0,0.0,0.0,0.0
460.0,138000.0,1.0,0.5,-4.795811699189071,6721.612658321174,-0.006346062232080563,0.04726565042924945,0.0,0.0,0.16444444444444445,0.0,0.0,0.0,0.0,0.0,0.0,0.0,0.0
460.0,138000.0,1.0,0.75,-4.787927370712764,6720.034274285738,0.0015382662442258166,0.07073677383595763,0.0,0.0,0.16444444444444445,0.0,0.0,0.0,0.0,0.0,0.0,0.0,0.0
460.0,138000.0,1.0,1.0,-4.757868075798612,6718.465317656053,0.031597561158378085,0.09406770841737402,0.0,0.0,0.16333333333333333,0.0,0.0,0.0,0.0,0.0,0.0,0.0,0.0
465.0,139500.0,1.0,0.0,-4.78946563695699,6724.7911746098625,0.0,0.0,0.0,0.0,0.16333333333333333,0.0,0.0,0.0,0.0,0.0,0.0,0.0,0.0
465.0,139500.0,1.0,0.25,-4.803798460802363,6723.211614448958,-0.014332823845372822,0.023488612804336353,0.0,0.0,0.16444444444444445,0.0,0.0,0.0,0.0,0.0,0.0,0.0,0.0
465.0,139500.0,1.0,0.5,-4.795934000900038,6721.637089423526,-0.006468363943048061,0.046902351380739664,0.0,0.0,0.16444444444444445,0.0,0.0,0.0,0.0,0.0,0.0,0.0,0.0
465.0,139500.0,1.0,0.75,-4.788087987228537,6720.06635347446,0.001377649728453001,0.07025974506452604,0.0,0.0,0.16444444444444445,0.0,0.0,0.0,0.0,0.0,0.0,0.0,0.0
465.0,139500.0,1.0,1.0,-4.758033516864815,6718.498347044541,0.031432120092175,0.09357654984262438,0.0,0.0,0.16333333333333333,0.0,0.0,0.0,0.0,0.0,0.0,0.0,0.0
470.0,141000.0,1.0,0.0,-4.78946563695699,6724.7911746098625,0.0,0.0,0.0,0.0,0.16333333333333333,0.0,0.0,0.0,0.0,0.0,0.0,0.0,0.0
470.0,141000.0,1.0,0.25,-4.804058810630763,6723.2636820259,-0.014593173673772775,0.02271434969950237,0.0,0.0,0.16444444444444445,0.0,0.0,0.0,0.0,0.0,0.0,0.0,0.0
470.0,141000.0,1.0,0.5,-4.796443333074071,6721.738954081332,-0.006977696117080434,0.045387588242956425,0.0,0.0,0.16444444444444445,0.0,0.0,0.0,0.0,0.0,0.0,0.0,0.0
470.0,141000.0,1.0,0.75,-4.788839349534279,6720.216621728826,0.0006262874227109805,0.06802520349343107,0.0,0.0,0.16444444444444445,0.0,0.0,0.0,0.0,0.0,0.0,0.0,0.0
470.0,141000.0,1.0,1.0,-4.759025534914648,6718.696742663639,0.030440102042342154,0.09062633750224719,0.0,0.0,0.16333333333333333,0.0,0.0,0.0,0.0,0.0,0.0,0.0,0.0
475.0,142500.0,1.0,0.0,-4.78946563695699,6724.7911746098625,0.0,0.0,0.0,0.0,0.16333333333333333,0.0,0.0,0.0,0.0,0.0,0.0,0.0,0.0
475.0,142500.0,1.0,0.25,-4.803751594976809,6723.202284734524,-0.014285958019819134,0.023627348925529437,0.0,0.0,0.16444444444444445,0.0,0.0,0.0,0.0,0.0,0.0,0.0,0.0
475.0,142500.0,1.0,0.5,-4.795818951479223,6721.6141620899,-0.006353314522232978,0.04724328886163646,0.0,0.0,0.16444444444444445,0.0,0.0,0.0,0.0,0.0,0.0,0.0,0.0
475.0,142500.0,1.0,0.75,-4.78789502543988,6720.027885391911,0.00157061151710991,0.07083177892476479,0.0,0.0,0.16444444444444445,0.0,0.0,0.0,0.0,0.0,0.0,0.0,0.0
475.0,142500.0,1.0,1.0,-4.7577561336279155,6718.443036427806,0.03170950332907463,0.09439903808499836,0.0,0.0,0.16333333333333333,0.0,0.0,0.0,0.0,0.0,0.0,0.0,0.0
480.0,144000.0,1.0,0.0,-4.78946563695699,6724.7911746098625,0.0,0.0,0.0,0.0,0.16333333333333333,0.0,0.0,0.0,0.0,0.0,0.0,0.0,0.0
480.0,144000.0,1.0,0.25,-4.8049834366468325,6723.449113472851,-0.015517799689842349,0.01995691913941066,0.0,0.0,0.16444444444444445,0.0,0.0,0.0,0.0,0.0,0.0,0.0,0.0
480.0,144000.0,1.0,0.5,-4.798293178964223,6722.109861481379,-0.008827542007233014,0.039872065300808515,0.0,0.0,0.16444444444444445,0.0,0.0,0.0,0.0,0.0,0.0,0.0,0.0
480.0,144000.0,1.0,0.75,-4.791597780850034,6720.7696426183875,-0.0021321438930437253,0.05980158918032673,0.0,0.0,0.16444444444444445,0.0,0.0,0.0,0.0,0.0,0.0,0.0,0.0
480.0,144000.0,1.0,1.0,-4.7626504897499675,6719.423523921618,0.026815147207022605,0.07981884565443323,0.0,0.0,0.16333333333333333,0.0,0.0,0.0,0.0,0.0,0.0,0.0,0.0
485.0,145500.0,1.0,0.0,-4.78946563695699,6724.7911746098625,0.0,0.0,0.0,0.0,0.16333333333333333,0.0,0.0,0.0,0.0,0.0,0.0,0.0,0.0
485.0,145500.0,1.0,0.25,-4.804254942761884,6723.303467539076,-0.014789305804893793,0.022122725184436816,0.0,0.0,0.16444444444444445,0.0,0.0,0.0,0.0,0.0,0.0,0.0,0.0
485.0,145500.0,1.0,0.5,-4.796857935292513,6721.822919074614,-0.007392298335522796,0.04413899938566524,0.0,0.0,0.16444444444444445,0.0,0.0,0.0,0.0,0.0,0.0,0.0,0.0
485.0,145500.0,1.0,0.75,-4.789484898549516,6720.347196389812,-1.9261592526298443e-05,0.06608351255321297,0.0,0.0,0.16444444444444445,0.0,0.0,0.0,0.0,0.0,0.0,0.0,0.0
485.0,145500.0,1.0,1.0,-4.759895044353848,6718.8726090096425,0.02957059260314221,0.08801114334324928,0.0,0.0,0.16333333333333333,0.0,0.0,0.0,0.0,0.0,0.0,0.0,0.0
490.0,147000.0,1.0,0.0,-4.78946563695699,6724.7911746098625,0.0,0.0,0.0,0.0,0.16333333333333333,0.0,0.0,0.0,0.0,0.0,0.0,0.0,0.0
490.0,147000.0,1.0,0.25,-4.803790205324549,6723.210546853264,-0.014324568367558577,0.023504488326220995,0.0,0.0,0.16444444444444445,0.0,0.0,0.0,0.0,0.0,0.0,0.0,0.0
490.0,147000.0,1.0,0.5,-4.795916488092559,6721.634688145245,-0.006450851135569202,0.04693805922978833,0.0,0.0,0.16444444444444445,0.0,0.0,0.0,0.0,0.0,0.0,0.0,0.0
490.0,147000.0,1.0,0.75,-4.788066592707406,6720.063601578476,0.001399044249583703,0.07030066672161091,0.0,0.0,0.16444444444444445,0.0,0.0,0.0,0.0,0.0,0.0,0.0,0.0
490.0,147000.0,1.0,1.0,-4.78023669608116,6718.496591188586,0.009228940875829927,0.09360266003564179,0.0,0.0,0.16444444444444445,0.0,0.0,0.0,0.0,0.0,0.0,0.0,0.0
495.0,148500.0,1.0,0.0,-4.78946563695699,6724.7911746098625,0.0,0.0,0.0,0.0,0.16333333333333333,0.0,0.0,0.0,0.0,0.0,0.0,0.0,0.0
495.0,148500.0,1.0,0.25,-4.8037749422201985,6723.207422528572,-0.014309305263208394,0.023550948128617046,0.0,0.0,0.16444444444444445,0.0,0.0,0.0,0.0,0.0,0.0,0.0,0.0
495.0,148500.0,1.0,0.5,-4.795895679997412,6721.630380768761,-0.006430043040421829,0.04700211142667928,0.0,0.0,0.16444444444444445,0.0,0.0,0.0,0.0,0.0,0.0,0.0,0.0
495.0,148500.0,1.0,0.75,-4.7880494797406,6720.060004748455,0.0014161572163899905,0.07035415284374325,0.0,0.0,0.16444444444444445,0.0,0.0,0.0,0.0,0.0,0.0,0.0,0.0
495.0,148500.0,1.0,1.0,-4.78023351145978,6718.495717408175,0.009232125497209864,0.09361565345637853,0.0,0.0,0.16444444444444445,0.0,0.0,0.0,0.0,0.0,0.0,0.0,0.0
500.0,150000.0,1.0,0.0,-4.78946563695699,6724.7911746098625,0.0,0.0,0.0,0.0,0.16333333333333333,0.0,0.0,0.0,0.0,0.0,0.0,0.0,0.0
500.0,150000.0,1.0,0.25,-4.803099442484517,6723.072410339243,-0.01363380552752691,0.025558626669461522,0.0,0.0,0.16444444444444445,0.0,0.0,0.0,0.0,0.0,0.0,0.0,0.0
500.0,150000.0,1.0,0.5,-4.794486791717429,6721.348776879907,-0.005021154760439295,0.0511896598804856,0.0,0.0,0.16444444444444445,0.0,0.0,0.0,0.0,0.0,0.0,0.0,0.0
500.0,150000.0,1.0,0.75,-4.785847826347248,6719.619924268031,0.0036178106097422003,0.07689830371767926,0.0,0.0,0.16444444444444445,0.0,0.0,0.0,0.0,0.0,0.0,0.0,0.0
500.0,150000.0,1.0,1.0,-4.777179855018832,6717.885316717445,0.012285781938158102,0.10269252550906777,0.0,0.0,0.16444444444444445,0.0,0.0,0.0,0.0,0.0,0.0,0.0,0.0
