scenario,second,X2,P2,P100,F200,q_candidate_P100,q_candidate_F200,q_safe_P100,q_safe_F200,Omega_member_before,Omega_member_next,robust_outer_10pct,F200_robust_upper,economic_stage_cost
pressure_positive,0,25.39,51.125,186.90079935548286,245.16107317555907,-0.0796064361280952,0.28884419670335715,-0.0796064361280952,0.28884419670335715,True,True,False,False,5975.139004287306
pressure_positive,1,25.38038450097316,51.122049448147756,180.60923520724225,249.52860663022335,-0.14252207761050129,0.33251953125,-0.14252207761050129,0.33251953125,True,True,True,True,5828.969909702398
pressure_positive,2,25.365724388704923,51.11800038931342,175.63634759083968,249.52860663022335,-0.19225095377452703,0.33251953125,-0.19225095377452703,0.33251953125,True,True,True,True,5711.847175378826
pressure_positive,3,25.347114921158873,51.11316667353574,169.4986261878534,249.52860663022335,-0.25362816780438974,0.33251953125,-0.25362816780438974,0.33251953125,True,True,True,True,5567.300236076695
pressure_positive,4,25.32363992251755,51.10736452935396,167.2835740513783,249.52860663022335,-0.2757786891691407,0.33251953125,-0.2757786891691407,0.33251953125,True,True,True,True,5516.292158645003
pressure_positive,5,25.29849747515977,51.1012225211674,169.21169110394723,249.52860663022335,-0.2564975186434515,0.33251953125,-0.2564975186434515,0.33251953125,True,True,True,True,5563.8551670584875
pressure_positive,6,25.27503908656244,51.095402699821385,173.39126294705534,249.52860663022335,-0.21470180021237043,0.33251953125,-0.21470180021237043,0.33251953125,True,True,True,True,5664.8148234185155
pressure_positive,7,25.255066905350034,51.09026345782013,177.65570225267132,249.52860663022335,-0.17205740715621062,0.33251953125,-0.17205740715621062,0.33251953125,True,True,True,True,5767.564889264184
pressure_positive,8,25.238627081140198,51.08581648833172,181.40195973629295,249.52860663022335,-0.13459483231999428,0.33251953125,-0.13459483231999428,0.33251953125,True,True,True,True,5857.770676167945
pressure_positive,9,25.2252816884474,51.08197722454627,185.07218102047304,249.52860663022335,-0.09789261947819342,0.33251953125,-0.09789261947819342,0.33251953125,True,True,True,True,5945.968038635441
pressure_positive,10,25.21495227284791,51.07873188719011,188.14492971479652,249.52860663022335,-0.06716513253495862,0.33251953125,-0.06716513253495862,0.33251953125,True,True,True,True,6019.770005705461
pressure_positive,11,25.207142678044608,51.07598352774016,190.80493381905933,249.52860663022335,-0.04056509149233051,0.33251953125,-0.04056509149233051,0.33251953125,True,True,True,True,6083.598843817541
pressure_positive,12,25.201508682663473,51.07366493929658,193.89448573515645,249.52860663022335,-0.00966957233135929,0.33251953125,-0.00966957233135929,0.33251953125,True,True,True,True,6157.493915849135
pressure_positive,13,25.19838529618322,51.07184350812409,197.69412706169635,249.52860663022335,0.028326840934039695,0.33251953125,0.028326840934039695,0.33251953125,True,True,True,True,6248.100273281197
pressure_positive,14,25.19833215559984,51.07063120865494,202.5711921291035,249.52860663022335,0.07709749160811129,0.33251953125,0.07709749160811129,0.33251953125,True,True,True,True,6364.110884190428
pressure_positive,15,25.202202892325964,51.07019833356885,209.15674857479053,249.52860663022335,0.14295305606498146,0.33251953125,0.14295305606498146,0.33251953125,True,True,True,True,6520.467041264457
pressure_positive,16,25.211357247064466,51.07081542238687,212.3311669045782,249.52860663022335,0.17469723936285816,0.33251953125,0.17469723936285816,0.33251953125,True,True,True,True,6595.412240274574
pressure_positive,17,25.223035387160486,51.07193531224053,213.78749322986474,249.52860663022335,0.18926050261572358,0.33251953125,0.18926050261572358,0.33251953125,True,True,True,True,6629.361960743857
pressure_positive,18,25.235847763331535,51.07328248517117,212.82007345878108,249.52860663022335,0.17958630490488703,0.33251953125,0.17958630490488703,0.33251953125,True,True,True,True,6605.637351745225
pressure_positive,19,25.247839726340924,51.074469559444125,210.8701101904505,249.52860663022335,0.16008667222158124,0.33251953125,0.16008667222158124,0.33251953125,True,True,True,True,6558.616205092667
pressure_positive,20,25.258221884650105,52.075340179742746,195.713144329432,249.52860663022335,0.00851701361139618,0.33251953125,0.00851701361139618,0.33251953125,True,True,True,True,6111.205229424482
pressure_positive,21,25.253202745913956,52.07284877987553,187.2952545858717,249.52860663022335,-0.07566188382420677,0.33251953125,-0.07566188382420677,0.33251953125,True,True,True,True,5911.612889681648
pressure_positive,22,25.24143180019759,52.06901816435413,185.17067630108733,249.52860663022335,-0.09690766667205054,0.33251953125,-0.09690766667205054,0.33251953125,True,True,True,True,5862.02101829698
pressure_positive,23,25.228008907349537,52.06485620367524,185.0868645025605,249.52860663022335,-0.09774578465731878,0.33251953125,-0.09774578465731878,0.33251953125,True,True,True,True,5861.035872791206
pressure_positive,24,25.21458450987544,52.06068944216201,186.20175194172532,249.52860663022335,-0.0865969102656706,0.33251953125,-0.0865969102656706,0.33251953125,True,True,True,True,5888.538194407128
pressure_positive,25,25.20212215444019,52.05670916969212,187.9651089217323,249.52860663022335,-0.06896334046560071,0.33251953125,-0.06896334046560071,0.33251953125,True,True,True,True,5931.388929281579
pressure_positive,26,25.19113759093512,52.05301835778936,189.96660568645993,249.52860663022335,-0.048948372818324516,0.33251953125,-0.048948372818324516,0.33251953125,True,True,True,True,5979.802890637461
pressure_positive,27,25.18181423540283,52.049654222848716,191.8444496870051,249.52860663022335,-0.030169932812872845,0.33251953125,-0.030169932812872845,0.33251953125,True,True,True,True,6025.170037302909
pressure_positive,28,25.174044301881544,52.04659614871035,193.51494546944826,249.52860663022335,-0.013464974988441156,0.33251953125,-0.013464974988441156,0.33251953125,True,True,True,True,6065.508306080259
pressure_positive,29,25.16765367940974,52.04381022008515,195.27361553408113,249.52860663022335,0.00412172565788751,0.33251953125,0.00412172565788751,0.33251953125,True,True,True,True,6107.852083365709
pressure_positive,30,25.162706541134007,52.04130977266018,196.99290591926163,249.52860663022335,0.02131462950969251,0.33251953125,0.02131462950969251,0.33251953125,True,True,True,True,6149.165797566811
pressure_positive,31,25.159164633210825,52.03908775254311,198.6976465646339,249.52860663022335,0.038362035963415336,0.33251953125,0.038362035963415336,0.33251953125,True,True,True,True,6190.041972536918
pressure_positive,32,25.15701003455542,52.03714108801464,200.00196569691224,249.52860663022335,0.05140522728619857,0.33251953125,0.05140522728619857,0.33251953125,True,True,True,True,6221.311490695301
pressure_positive,33,25.155915534115017,52.03540514005531,200.8777669202323,249.52860663022335,0.0601632395193991,0.33251953125,0.0601632395193991,0.33251953125,True,True,True,True,6242.327988560334
pressure_positive,34,25.15553291694767,52.03381096051959,201.4701082526629,249.52860663022335,0.06608665284370517,0.33251953125,0.06608665284370517,0.33251953125,True,True,True,True,6256.56150454457
pressure_positive,35,25.155631857400454,52.0323129350197,201.82437088186046,249.52860663022335,0.0696292791356808,0.33251953125,0.0696292791356808,0.33251953125,True,True,True,True,6265.105563663481
pressure_positive,36,25.156019402396993,52.0308728138807,201.9930290157655,249.52860663022335,0.07131586047473121,0.33251953125,0.07131586047473121,0.33251953125,True,True,True,True,6269.219820075956
pressure_positive,37,25.15654548202575,52.02946082412184,202.05387952647385,249.52860663022335,0.0719243655818147,0.33251953125,0.0719243655818147,0.33251953125,True,True,True,True,6270.762921539346
pressure_positive,38,25.157123044194893,52.028059687511494,202.0457046423946,249.52860663022335,0.07184261674102231,0.33251953125,0.07184261674102231,0.33251953125,True,True,True,True,6270.662216297102
pressure_positive,39,25.157696498470948,52.02665836107294,201.99903254022294,249.52860663022335,0.07137589571930562,0.33251953125,0.07137589571930562,0.33251953125,True,True,True,True,6269.646839811408
pressure_positive,40,25.15823496909385,53.02525070313118,208.56924383272826,249.52860663022335,0.13707800864435882,0.33251953125,0.13707800864435882,0.33251953125,True,True,True,True,6339.25034456917
pressure_positive,41,25.16090500128538,53.0239537406692,222.42593685818775,249.52860663022335,0.27564493889895375,0.33251953125,0.27564493889895375,0.33251953125,True,True,True,True,6668.5378762875625
pressure_positive,42,25.174693700669632,53.02486828032352,225.27057329417187,249.52860663022335,0.30409130325879485,0.33251953125,0.30409130325879485,0.33251953125,True,True,True,True,6735.396838220682
pressure_positive,43,25.190725487768276,53.02623110456517,228.36887195090205,249.52860663022335,0.33507428982609666,0.33251953125,0.33507428982609666,0.33251953125,True,True,True,True,6808.136991980731
pressure_positive,44,25.20919956028511,53.02808149049978,228.78544927662892,249.52860663022335,0.33924006308336546,0.33251953125,0.33924006308336546,0.33251953125,True,True,True,True,6816.986277536175
pressure_positive,45,25.227953590719277,53.02999018938646,226.45572421125775,249.52860663022335,0.31594281242965366,0.33251953125,0.31594281242965366,0.33251953125,True,True,True,True,6760.551554026642
pressure_positive,46,25.24477578736569,53.031518802785406,223.3067257926469,249.52860663022335,0.28445282824354506,0.33251953125,0.28445282824354506,0.33251953125,True,True,True,True,6684.773090616294
pressure_positive,47,25.259010067731797,53.03253762296,220.27963612804177,249.52860663022335,0.2541819315974939,0.33251953125,0.2541819315974939,0.33251953125,True,True,True,True,6612.06076732152
pressure_positive,48,25.270760757812955,53.03306748294878,217.38501743514306,249.52860663022335,0.22523574466850677,0.33251953125,0.22523574466850677,0.33251953125,True,True,True,True,6542.658718598651
pressure_positive,49,25.280141220802413,53.033130845272765,215.20657018762302,249.52860663022335,0.20345127219330636,0.33251953125,0.20345127219330636,0.33251953125,True,True,True,True,6490.43101042241
pressure_positive,50,25.28773598051281,53.032843256721854,213.48557041216327,249.52860663022335,0.1862412744387089,0.33251953125,0.1862412744387089,0.33251953125,True,True,True,True,6449.190911613907
pressure_positive,51,25.293919657071683,53.0322786658701,211.98943714038845,249.52860663022335,0.17127994172096067,0.33251953125,0.17127994172096067,0.33251953125,True,True,True,True,6413.386712786997
pressure_positive,52,25.29887834146442,53.03147370702871,210.56020265385808,249.52860663022335,0.15698759685565705,0.33251953125,0.15698759685565705,0.33251953125,True,True,True,True,6379.252197976772
pressure_positive,53,25.302670235195052,53.03043970741364,209.32650361459403,249.52860663022335,0.14465060646301653,0.33251953125,0.14465060646301653,0.33251953125,True,True,True,True,6349.840591590015
pressure_positive,54,25.30545732730795,53.029208490718425,208.19129209280925,249.52860663022335,0.13329849124516868,0.33251953125,0.13329849124516868,0.33251953125,True,True,True,True,6322.8350062753825
pressure_positive,55,25.307322825716977,53.02779630783159,206.9436147369083,249.52860663022335,0.12082171768615922,0.33251953125,0.12082171768615922,0.33251953125,True,True,True,True,6293.216767892141
pressure_positive,56,25.308179456440275,53.026185702241115,205.3947429085827,249.52860663022335,0.10533299940290335,0.33251953125,0.10533299940290335,0.33251953125,True,True,True,True,6256.506498390095
pressure_positive,57,25.307788063248832,53.0243291475064,202.8581379597968,249.52860663022335,0.07996694991504427,0.33251953125,0.07996694991504427,0.33251953125,True,True,True,True,6196.404404051914
pressure_positive,58,25.305356527508707,53.02206968952694,202.26065213715975,249.52860663022335,0.07399209168867373,0.33251953125,0.07399209168867373,0.33251953125,True,True,True,True,6182.518127844674
pressure_positive,59,25.302458469094763,53.01971785366627,202.8739020080878,249.52860663022335,0.0801245903979543,0.33251953125,0.0801245903979543,0.33251953125,True,True,True,True,6197.435156198783
pressure_positive,60,25.300072878313024,53.017467093799645,203.08293149449185,249.52860663022335,0.08221488526199465,0.33251953125,0.08221488526199465,0.33251953125,True,True,True,True,6202.712554604946
pressure_positive,61,25.297871399958552,53.01525263278996,203.37529179904897,249.52860663022335,0.08513848830756586,0.33251953125,0.08513848830756586,0.33251953125,True,True,True,True,6209.9582815919775
pressure_positive,62,25.29592047569467,53.01308767018987,203.6055206576723,249.52860663022335,0.08744077689379907,0.33251953125,0.08744077689379907,0.33251953125,True,True,True,True,6215.711117722956
pressure_positive,63,25.294168915492598,53.01096215769679,203.81494402707872,249.52860663022335,0.08953501058786344,0.33251953125,0.08953501058786344,0.33251953125,True,True,True,True,6220.956499621643
pressure_positive,64,25.292599091816783,53.008872668890916,203.99724369183267,249.52860663022335,0.09135800723540285,0.33251953125,0.09135800723540285,0.33251953125,True,True,True,True,6225.545421664986
pressure_positive,65,25.291188359853134,53.00681477845819,204.1577560084019,249.52860663022335,0.0929631304010951,0.33251953125,0.0929631304010951,0.33251953125,True,True,True,True,6229.606174656884
pressure_positive,66,25.28991847837326,53.004784924669046,204.29840060839908,249.52860663022335,0.09436957640106698,0.33251953125,0.09436957640106698,0.33251953125,True,True,True,True,6233.185564929858
pressure_positive,67,25.28877283392636,53.00277986180766,204.42042488584477,249.52860663022335,0.09558981917552387,0.33251953125,0.09558981917552387,0.33251953125,True,True,True,True,6236.314317533551
pressure_positive,68,25.287735890860215,53.000796552036135,204.5235738451538,249.52860663022335,0.09662130876861426,0.33251953125,0.09662130876861426,0.33251953125,True,True,True,True,6238.987383692598
pressure_positive,69,25.2867919743774,52.99883192507855,204.61492448611574,249.52860663022335,0.0975348151782336,0.33251953125,0.0975348151782336,0.33251953125,True,True,True,True,6241.3739674336275
pressure_positive,70,25.285931183565182,52.9968840483146,204.69440045396664,249.52860663022335,0.09832957485674257,0.33251953125,0.09832957485674257,0.33251953125,True,True,True,True,6243.472898326758
pressure_positive,71,25.28514359793967,52.99495098219628,204.7637446444365,249.52860663022335,0.09902301676144135,0.33251953125,0.09902301676144135,0.33251953125,True,True,True,True,6245.326241592461
pressure_positive,72,25.28442074432263,52.993031070571014,204.81882156880468,249.52860663022335,0.099573786005123,0.33251953125,0.099573786005123,0.33251953125,True,True,True,True,6246.8362696856375
pressure_positive,73,25.28375085023417,52.99112200185989,204.86475623917093,249.52860663022335,0.1000331327087855,0.33251953125,0.1000331327087855,0.33251953125,True,True,True,True,6248.12554453037
pressure_positive,74,25.283126324892095,52.98922228857934,204.90514007372445,249.52860663022335,0.10043697105432074,0.33251953125,0.10043697105432074,0.33251953125,True,True,True,True,6249.279909780047
pressure_positive,75,25.282542505041697,52.98733102038783,204.93973187516195,249.52860663022335,0.10078288906869574,0.33251953125,0.10078288906869574,0.33251953125,True,True,True,True,6250.293936837447
pressure_positive,76,25.281994552319148,52.9854472509304,204.96945405655399,249.52860663022335,0.10108011088261605,0.33251953125,0.10108011088261605,0.33251953125,True,True,True,True,6251.189861613984
pressure_positive,77,25.281478392162473,52.9835701836184,204.99476555119006,249.52860663022335,0.10133322582897676,0.33251953125,0.10133322582897676,0.33251953125,True,True,True,True,6251.978855771303
pressure_positive,78,25.28099033689332,52.98169909726274,205.01617258320806,249.52860663022335,0.10154729614915681,0.33251953125,0.10154729614915681,0.33251953125,True,True,True,True,6252.673189668646
pressure_positive,79,25.280527122210657,52.97983335341517,205.03408834951546,249.52860663022335,0.10172645381223078,0.33251953125,0.10172645381223078,0.33251953125,True,True,True,True,6253.28289533942
pressure_positive,80,25.280085830408083,52.97797238129835,205.04892129007627,249.52860663022335,0.10187478321783885,0.33251953125,0.10187478321783885,0.33251953125,True,True,True,True,6253.817869218439
pressure_positive,81,25.279663885087203,52.97611567686278,205.06099245641943,249.52860663022335,0.10199549488127048,0.33251953125,0.10199549488127048,0.33251953125,True,True,True,True,6254.285908757695
pressure_positive,82,25.27925897927754,52.97426278866031,205.07061422126446,249.52860663022335,0.10209171252972084,0.33251953125,0.10209171252972084,0.33251953125,True,True,True,True,6254.6945876289765
pressure_positive,83,25.27886906731767,52.972413316316135,205.0749268905281,249.52860663022335,0.10213483922235725,0.33251953125,0.10213483922235725,0.33251953125,True,True,True,True,6254.9760789885095
pressure_positive,84,25.278489806346318,52.970566404202316,205.07877094896554,249.52860663022335,0.10217327980673162,0.33251953125,0.10217327980673162,0.33251953125,True,True,True,True,6255.245699206851
pressure_positive,85,25.27812077376287,52.96872197143242,205.08068172402906,249.52860663022335,0.10219238755736683,0.33251953125,0.10219238755736683,0.33251953125,True,True,True,True,6255.468668000586
pressure_positive,86,25.27776036786316,52.96687970361542,205.081399544348,249.52860663022335,0.10219956576055608,0.33251953125,0.10219956576055608,0.33251953125,True,True,True,True,6255.662683492743
pressure_positive,87,25.277407590339077,52.96503940535148,205.08086846378734,249.52860663022335,0.1021942549549496,0.33251953125,0.1021942549549496,0.33251953125,True,True,True,True,6255.826481135922
pressure_positive,88,25.2770614018564,52.96320087284366,205.07927460552932,249.52860663022335,0.1021783163723694,0.33251953125,0.1021783163723694,0.33251953125,True,True,True,True,6255.9645518135885
pressure_positive,89,25.276720917371705,52.96136393254862,205.07671108725086,249.52860663022335,0.10215268118958477,0.33251953125,0.10215268118958477,0.33251953125,True,True,True,True,6256.07916610179
pressure_positive,90,25.276385330521293,52.959528426253115,205.07329180790356,249.52860663022335,0.10211848839611179,0.33251953125,0.10211848839611179,0.33251953125,True,True,True,True,6256.173083322565
pressure_positive,91,25.276053930051095,52.9576942143484,205.06909452616773,249.52860663022335,0.10207651557875351,0.33251953125,0.10207651557875351,0.33251953125,True,True,True,True,6256.248197740114
pressure_positive,92,25.27572607029246,52.95586117001258,205.0642032273856,249.52860663022335,0.10202760259093224,0.33251953125,0.10202760259093224,0.33251953125,True,True,True,True,6256.306547328056
pressure_positive,93,25.275401175912922,52.95402918016944,205.0586857181625,249.52860663022335,0.10197242749870128,0.33251953125,0.10197242749870128,0.33251953125,True,True,True,True,6256.3497809978235
pressure_positive,94,25.27507872858613,52.95219814286931,205.05260272244686,249.52860663022335,0.10191159754154483,0.33251953125,0.10191159754154483,0.33251953125,True,True,True,True,6256.379375633947
pressure_positive,95,25.274758261049147,52.950367966128574,205.04602837872412,249.52860663022335,0.10184585410431737,0.33251953125,0.10184585410431737,0.33251953125,True,True,True,True,6256.397123592412
pressure_positive,96,25.2744393677071,52.94853857004324,205.03898589742505,249.52860663022335,0.1017754292913267,0.33251953125,0.1017754292913267,0.33251953125,True,True,True,True,6256.403602918179
pressure_positive,97,25.274121663328252,52.94670987862918,205.03153304740596,249.52860663022335,0.10170090079113578,0.33251953125,0.10170090079113578,0.33251953125,True,True,True,True,6256.4002116100755
pressure_positive,98,25.273804810817868,52.94488182532612,205.0237351583423,249.52860663022335,0.10162292190049925,0.33251953125,0.10162292190049925,0.33251953125,True,True,True,True,6256.388524213888
pressure_positive,99,25.273488527116097,52.94305435417857,205.0147004947571,249.52860663022335,0.10153257526464728,0.33251953125,0.10153257526464728,0.33251953125,True,True,True,True,6256.347367292286
pressure_positive,100,25.27317181152202,52.94122726708185,205.0054421379547,249.52860663022335,0.10143999169662322,0.33251953125,0.10143999169662322,0.33251953125,True,True,True,True,6256.300881871943
pressure_positive,101,25.272854484013735,52.939400528129326,204.9959168304512,249.52860663022335,0.10134473862158813,0.33251953125,0.10134473862158813,0.33251953125,True,True,True,True,6256.248051726994
pressure_positive,102,25.27253633043718,52.93757409460779,204.98447879371656,249.52860663022335,0.10123035825424181,0.33251953125,0.10123035825424181,0.33251953125,True,True,True,True,6256.14977926961
pressure_positive,103,25.272215810961388,52.93574766129076,204.97374638438052,249.52860663022335,0.10112303416088139,0.33251953125,0.10112303416088139,0.33251953125,True,True,True,True,6256.068389820915
pressure_positive,104,25.27189350249316,52.93392134160233,204.9626327165934,249.52860663022335,0.10101189748301011,0.33251953125,0.10101189748301011,0.33251953125,True,True,True,True,6255.978016145676
pressure_positive,105,25.27156910354569,52.93209507521788,204.95159940002736,249.52860663022335,0.10090156431734983,0.33251953125,0.10090156431734983,0.33251953125,True,True,True,True,6255.889648051157
pressure_positive,106,25.27124268592318,52.93026887563641,204.94046280787654,249.52860663022335,0.10079019839584163,0.33251953125,0.10079019839584163,0.33251953125,True,True,True,True,6255.798917055096
pressure_positive,107,25.27091417313826,52.928442727016694,204.9292941939178,249.52860663022335,0.10067851225625418,0.33251953125,0.10067851225625418,0.33251953125,True,True,True,True,6255.707521545145
pressure_positive,108,25.270583546447824,52.926616624929444,204.9180846255894,249.52860663022335,0.10056641657297007,0.33251953125,0.10056641657297007,0.33251953125,True,True,True,True,6255.615250526971
pressure_positive,109,25.270250779988952,52.9247905635306,204.9068265866879,249.52860663022335,0.10045383618395533,0.33251953125,0.10045383618395533,0.33251953125,True,True,True,True,6255.521927131136
pressure_positive,110,25.269915841949626,52.92296453579118,204.8955437846871,249.52860663022335,0.10034100816394727,0.33251953125,0.10034100816394727,0.33251953125,True,True,True,True,6255.428116901956
pressure_positive,111,25.269578719757817,52.92113853848302,204.88421317035093,249.52860663022335,0.10022770202058552,0.33251953125,0.10022770202058552,0.33251953125,True,True,True,True,6255.333272963831
pressure_positive,112,25.269239382319757,52.91931256470723,204.87286259219644,249.52860663022335,0.10011419623904061,0.33251953125,0.10011419623904061,0.33251953125,True,True,True,True,6255.238059226333
pressure_positive,113,25.268897821115697,52.917486612026195,204.8614596025403,249.52860663022335,0.10000016634247913,0.33251953125,0.10000016634247913,0.33251953125,True,True,True,True,6255.141705197915
pressure_positive,114,25.268554001513817,52.915660672829645,204.8500477690455,249.52860663022335,0.09988604800753109,0.33251953125,0.09988604800753109,0.33251953125,True,True,True,True,6255.045248582673
pressure_positive,115,25.268207924138373,52.91383474647889,204.83860783366868,249.52860663022335,0.09977164865376295,0.33251953125,0.09977164865376295,0.33251953125,True,True,True,True,6254.948231742111
pressure_positive,116,25.267859574094466,52.912008829262476,204.8269927387643,249.52860663022335,0.0996554977047191,0.33251953125,0.0996554977047191,0.33251953125,True,True,True,True,6254.847160918103
pressure_positive,117,25.26750881804012,52.91018289401065,204.81500609367976,249.52860663022335,0.09953563125387375,0.33251953125,0.09953563125387375,0.33251953125,True,True,True,True,6254.737377698953
pressure_positive,118,25.267155364915737,52.90835688228617,204.8031910676704,249.52860663022335,0.09941748099378031,0.33251953125,0.09941748099378031,0.33251953125,True,True,True,True,6254.63180947739
pressure_positive,119,25.26679936257267,52.90653082248499,204.79130590496396,249.52860663022335,0.09929862936671582,0.33251953125,0.09929862936671582,0.33251953125,True,True,True,True,6254.524701393396
pressure_positive,120,25.266440763443704,52.904704704346415,204.77943750442853,249.52860663022335,0.09917994536136149,0.33251953125,0.09917994536136149,0.33251953125,True,True,True,True,6254.418121761624
pressure_positive,121,25.266079590186095,52.902878531502964,204.76759223575615,249.52860663022335,0.09906149267463775,0.33251953125,0.09906149267463775,0.33251953125,True,True,True,True,6254.312220550807
pressure_positive,122,25.265715870501246,52.90105230859232,204.7557089406523,249.52860663022335,0.09894265972359932,0.33251953125,0.09894265972359932,0.33251953125,True,True,True,True,6254.20554260975
pressure_positive,123,25.26534958269899,52.899226030478744,204.7438371608845,249.52860663022335,0.09882394192592131,0.33251953125,0.09882394192592131,0.33251953125,True,True,True,True,6254.099266778665
pressure_positive,124,25.264980745102456,52.897399699944565,204.7319583725815,249.52860663022335,0.09870515404289108,0.33251953125,0.09870515404289108,0.33251953125,True,True,True,True,6253.992951717746
pressure_positive,125,25.264609361037355,52.895573316807145,204.72007527952505,249.52860663022335,0.09858632311232668,0.33251953125,0.09858632311232668,0.33251953125,True,True,True,True,6253.88666153749
pressure_positive,126,25.264235435998255,52.893746881314335,204.70819015011233,249.52860663022335,0.0984674718181995,0.33251953125,0.0984674718181995,0.33251953125,True,True,True,True,6253.780449859823
pressure_positive,127,25.26385897728886,52.89192039407382,204.69628772302124,249.52860663022335,0.09834844754728862,0.33251953125,0.09834844754728862,0.33251953125,True,True,True,True,6253.673953597832
pressure_positive,128,25.263479979889922,52.89009385325483,204.68439167033108,249.52860663022335,0.09822948702038702,0.33251953125,0.09822948702038702,0.33251953125,True,True,True,True,6253.567735714372
pressure_positive,129,25.2630984578801,52.88826726080756,204.67248751985215,249.52860663022335,0.09811044551559775,0.33251953125,0.09811044551559775,0.33251953125,True,True,True,True,6253.461451433555
pressure_positive,130,25.2627144136236,52.88644061636606,204.66057278941426,249.52860663022335,0.09799129821121881,0.33251953125,0.09799129821121881,0.33251953125,True,True,True,True,6253.355041684862
pressure_positive,131,25.26232784747879,52.8846139191678,204.64864432156145,249.52860663022335,0.09787201353269069,0.33251953125,0.09787201353269069,0.33251953125,True,True,True,True,6253.248431480673
pressure_positive,132,25.261938757262385,52.882787167946994,204.63671126509377,249.52860663022335,0.09775268296801386,0.33251953125,0.09775268296801386,0.33251953125,True,True,True,True,6253.141838455297
pressure_positive,133,25.261547148174913,52.880960362899735,204.62477485628622,249.52860663022335,0.09763331887993842,0.33251953125,0.09763331887993842,0.33251953125,True,True,True,True,6253.035291721117
pressure_positive,134,25.261153026395455,52.879133504417396,204.61167312803082,249.52860663022335,0.09750230159738436,0.33251953125,0.09750230159738436,0.33251953125,True,True,True,True,6252.901177007927
pressure_positive,135,25.26075546192261,52.87730640746595,204.5985851992526,249.52860663022335,0.09737142230960216,0.33251953125,0.09737142230960216,0.33251953125,True,True,True,True,6252.767576678603
pressure_positive,136,25.26035447852685,52.87547907566838,204.58557940848812,249.52860663022335,0.09724136440195735,0.33251953125,0.09724136440195735,0.33251953125,True,True,True,True,6252.636113327611
pressure_positive,137,25.259950154943116,52.873651523541234,204.57266055703167,249.52860663022335,0.09711217588739288,0.33251953125,0.09711217588739288,0.33251953125,True,True,True,True,6252.506896007717
pressure_positive,138,25.259542573457477,52.87182376632624,204.55977479970377,249.52860663022335,0.09698331831411394,0.33251953125,0.09698331831411394,0.33251953125,True,True,True,True,6252.37863981486
pressure_positive,139,25.259131772645837,52.869995810629746,204.54694567227097,249.52860663022335,0.09685502703978585,0.33251953125,0.09685502703978585,0.33251953125,True,True,True,True,6252.251901642353
pressure_positive,140,25.258717809891685,52.86816766679427,204.5341543329679,249.52860663022335,0.09672711364675507,0.33251953125,0.09672711364675507,0.33251953125,True,True,True,True,6252.126230059617
pressure_positive,141,25.25830072716982,52.866339342125954,204.5214182707381,249.52860663022335,0.0965997530244573,0.33251953125,0.0965997530244573,0.33251953125,True,True,True,True,6252.002038034025
pressure_positive,142,25.257880580376714,52.864510846700306,204.50870391569526,249.52860663022335,0.09647260947402884,0.33251953125,0.09647260947402884,0.33251953125,True,True,True,True,6251.878524218506
pressure_positive,143,25.25745739814209,52.86268218520697,204.49602390423883,249.52860663022335,0.09634580935946445,0.33251953125,0.09634580935946445,0.33251953125,True,True,True,True,6251.7559871298945
pressure_positive,144,25.25703121916237,52.86085336433771,204.4833813525819,249.52860663022335,0.09621938384289506,0.33251953125,0.09621938384289506,0.33251953125,True,True,True,True,6251.634498381247
pressure_positive,145,25.256602084490353,52.85902439126182,204.47074993704808,249.52860663022335,0.09609306968755703,0.33251953125,0.09609306968755703,0.33251953125,True,True,True,True,6251.5134297969325
pressure_positive,146,25.256170013810983,52.85719526892695,204.45813763493416,249.52860663022335,0.09596694666641781,0.33251953125,0.09596694666641781,0.33251953125,True,True,True,True,6251.392969752671
pressure_positive,147,25.255735033158864,52.855366001544134,204.44555330087454,249.52860663022335,0.09584110332582156,0.33251953125,0.09584110332582156,0.33251953125,True,True,True,True,6251.273327058768
pressure_positive,148,25.255297175598784,52.85353659472438,204.43300009380965,249.52860663022335,0.09571557125517273,0.33251953125,0.09571557125517273,0.33251953125,True,True,True,True,6251.1545747085365
pressure_positive,149,25.254856476608953,52.851707054566035,204.42044099273915,249.52860663022335,0.09558998024446766,0.33251953125,0.09558998024446766,0.33251953125,True,True,True,True,6251.0358306673925
pressure_positive,150,25.25441294170746,52.84987738124169,204.40788786629057,249.52860663022335,0.09546444897998185,0.33251953125,0.09546444897998185,0.33251953125,True,True,True,True,6250.917376710528
pressure_positive,151,25.253966585953744,52.84804757681581,204.3953571155053,249.52860663022335,0.09533914147212925,0.33251953125,0.09533914147212925,0.33251953125,True,True,True,True,6250.799601701812
pressure_positive,152,25.253517437559854,52.84621764596291,204.3854224164882,249.52860663022335,0.09523979448195831,0.33251953125,0.09523979448195831,0.33251953125,True,True,True,True,6250.74366685652
pressure_positive,153,25.253067597522193,52.8443880040422,204.37569603436526,249.52860663022335,0.09514253066072882,0.33251953125,0.09514253066072882,0.33251953125,True,True,True,True,6250.6926909009635
pressure_positive,154,25.25261723512683,52.84255868426542,204.36555205136875,249.52860663022335,0.09504109083076372,0.33251953125,0.09504109083076372,0.33251953125,True,True,True,True,6250.631787974985
pressure_positive,155,25.252166014856922,52.84072961987233,204.35541474206636,249.52860663022335,0.09493971773773978,0.33251953125,0.09493971773773978,0.33251953125,True,True,True,True,6250.571062833161
pressure_positive,156,25.251713944274137,52.838900811986385,204.34505629845202,249.52860663022335,0.09483613330159642,0.33251953125,0.09483613330159642,0.33251953125,True,True,True,True,6250.505101194523
pressure_positive,157,25.251260847442072,52.837072225374506,204.3346170342071,249.52860663022335,0.09473174065914719,0.33251953125,0.09473174065914719,0.33251953125,True,True,True,True,6250.437249114924
pressure_positive,158,25.250806662148797,52.83524384728866,204.32403218742436,249.52860663022335,0.09462589219131985,0.33251953125,0.09462589219131985,0.33251953125,True,True,True,True,6250.365971638414
pressure_positive,159,25.250351274284064,52.83341565467992,204.3133675100455,249.52860663022335,0.09451924541753129,0.33251953125,0.09451924541753129,0.33251953125,True,True,True,True,6250.2928388407645
pressure_positive,160,25.249894623158717,52.831587635053154,204.30257080877783,249.52860663022335,0.0944112784048545,0.33251953125,0.0944112784048545,0.33251953125,True,True,True,True,6250.216614361781
pressure_positive,161,25.24943660630277,52.829759767617226,204.29170336573702,249.52860663022335,0.09430260397444641,0.33251953125,0.09430260397444641,0.33251953125,True,True,True,True,6250.138761296503
pressure_positive,162,25.248977171018435,52.82793204141536,204.2807457236997,249.52860663022335,0.0941930275540733,0.33251953125,0.0941930275540733,0.33251953125,True,True,True,True,6250.058820733959
pressure_positive,163,25.248516249157706,52.826104442414454,204.26971476553646,249.52860663022335,0.09408271797244083,0.33251953125,0.09408271797244083,0.33251953125,True,True,True,True,6249.977198390152
pressure_positive,164,25.248053786449418,52.82427695931241,204.2586085117969,249.52860663022335,0.09397165543504514,0.33251953125,0.09397165543504514,0.33251953125,True,True,True,True,6249.893850816242
pressure_positive,165,25.247589727253338,52.82244958052071,204.24742418214976,249.52860663022335,0.09385981213857378,0.33251953125,0.09385981213857378,0.33251953125,True,True,True,True,6249.808715621306
pressure_positive,166,25.24712401392102,52.820622294037406,204.23619050941093,249.52860663022335,0.09374747541118551,0.33251953125,0.09374747541118551,0.33251953125,True,True,True,True,6249.722479451891
pressure_positive,167,25.24665661217912,52.81879509247695,204.22445198378546,249.52860663022335,0.09363009015493078,0.33251953125,0.09363009015493078,0.33251953125,True,True,True,True,6249.624319479861
pressure_positive,168,25.24618712111968,52.81696789578384,204.2110988116934,249.52860663022335,0.09349655843401024,0.33251953125,0.09349655843401024,0.33251953125,True,True,True,True,6249.4878878759355
pressure_positive,169,25.245714247890213,52.81514044701984,204.19884048232058,249.52860663022335,0.09337397514028196,0.33251953125,0.09337397514028196,0.33251953125,True,True,True,True,6249.377659741682
pressure_positive,170,25.245238886553164,52.81331292230907,204.18593768053782,249.52860663022335,0.09324494712245439,0.33251953125,0.09324494712245439,0.33251953125,True,True,True,True,6249.252242213198
pressure_positive,171,25.24476052708465,52.81148521974509,204.17011147648358,249.52860663022335,0.09308668508191204,0.33251953125,0.09308668508191204,0.33251953125,True,True,True,True,6249.057510263547
pressure_positive,172,25.244276826696343,52.809656874030104,204.15476144119336,249.52860663022335,0.09293318472900979,0.33251953125,0.09293318472900979,0.33251953125,True,True,True,True,6248.874407298026
pressure_positive,173,25.243788189307296,52.80782796361046,204.13941547432688,249.52860663022335,0.09277972506034501,0.33251953125,0.09277972506034501,0.33251953125,True,True,True,True,6248.691687678066
pressure_positive,174,25.24329463709434,52.80599849138214,204.12434066121583,249.52860663022335,0.09262897692923446,0.33251953125,0.09262897692923446,0.33251953125,True,True,True,True,6248.515697326822
pressure_positive,175,25.242796407180766,52.804168502851326,204.10936746250408,249.52860663022335,0.09247924494211703,0.33251953125,0.09247924494211703,0.33251953125,True,True,True,True,6248.342391806387
pressure_positive,176,25.24229359923176,52.80233801634448,204.0945554578921,249.52860663022335,0.09233112489599733,0.33251953125,0.09233112489599733,0.33251953125,True,True,True,True,6248.17318063226
pressure_positive,177,25.24178636047642,52.80050705964373,204.07986783462883,249.52860663022335,0.09218424866336448,0.33251953125,0.09218424866336448,0.33251953125,True,True,True,True,6248.007179458329
pressure_positive,178,25.24127480791066,52.79867565457948,204.0653285261782,249.52860663022335,0.09203885557885826,0.33251953125,0.09203885557885826,0.33251953125,True,True,True,True,6247.844949534638
pressure_positive,179,25.240759077324185,52.79684382674019,204.0508708122992,249.52860663022335,0.09189427844006814,0.33251953125,0.09189427844006814,0.33251953125,True,True,True,True,6247.684896508879
pressure_positive,180,25.240239250245107,52.79501159099605,204.03654715617063,249.52860663022335,0.09175104187878247,0.33251953125,0.09175104187878247,0.33251953125,True,True,True,True,6247.528261946483
pressure_positive,181,25.23971545010602,52.793178970546876,204.0223211948318,249.52860663022335,0.0916087822653941,0.33251953125,0.0916087822653941,0.33251953125,True,True,True,True,6247.374173733337
pressure_positive,182,25.239187770567344,52.7913459827251,204.0081743043923,249.52860663022335,0.09146731336099918,0.33251953125,0.09146731336099918,0.33251953125,True,True,True,True,6247.222183263648
pressure_positive,183,25.23865628991939,52.78951264184235,203.99355770250028,249.52860663022335,0.09132114734207902,0.33251953125,0.09132114734207902,0.33251953125,True,True,True,True,6247.059243794755
pressure_positive,184,25.238120644396975,52.787678874596665,203.97912658149437,249.52860663022335,0.0911768361320199,0.33251953125,0.0911768361320199,0.33251953125,True,True,True,True,6246.900949744544
pressure_positive,185,25.23758099912055,52.7858447124349,203.96480943756163,249.52860663022335,0.09103366469269247,0.33251953125,0.09103366469269247,0.33251953125,True,True,True,True,6246.74559115961
pressure_positive,186,25.237037460983974,52.78401017530662,203.95059573263185,249.52860663022335,0.09089152764339474,0.33251953125,0.09089152764339474,0.33251953125,True,True,True,True,6246.592910728505
pressure_positive,187,25.236490127965876,52.78217528142386,203.936454175238,249.52860663022335,0.09075011206945618,0.33251953125,0.09075011206945618,0.33251953125,True,True,True,True,6246.442158518088
pressure_positive,188,25.235939072462354,52.780340043954105,203.92241329281305,249.52860663022335,0.09060970324520667,0.33251953125,0.09060970324520667,0.33251953125,True,True,True,True,6246.294007851807
pressure_positive,189,25.235384389538325,52.778504480579606,203.90844237294962,249.52860663022335,0.09046999404657242,0.33251953125,0.09046999404657242,0.33251953125,True,True,True,True,6246.14772274395
pressure_positive,190,25.234826149154888,52.77666860403198,203.89452429269886,249.52860663022335,0.09033081324406482,0.33251953125,0.09033081324406482,0.33251953125,True,True,True,True,6246.002891798079
pressure_positive,191,25.23426440721011,52.77483242427415,203.88069623170418,249.52860663022335,0.09019253263411799,0.33251953125,0.09019253263411799,0.33251953125,True,True,True,True,6245.860395028375
pressure_positive,192,25.23369924930005,52.77299595717324,203.86691970738116,249.52860663022335,0.09005476739088777,0.33251953125,0.09005476739088777,0.33251953125,True,True,True,True,6245.719312405078
pressure_positive,193,25.233130729703703,52.77115921241079,203.8532096898532,249.52860663022335,0.08991766721560822,0.33251953125,0.08991766721560822,0.33251953125,True,True,True,True,6245.579996238575
pressure_positive,194,25.232558914529545,52.769322202029265,203.83956376835462,249.52860663022335,0.08978120800062243,0.33251953125,0.08978120800062243,0.33251953125,True,True,True,True,6245.442385010649
pressure_positive,195,25.23198386767912,52.76748493765215,203.8259563679868,249.52860663022335,0.08964513399694425,0.33251953125,0.08964513399694425,0.33251953125,True,True,True,True,6245.30586685315
pressure_positive,196,25.231405632215118,52.76564742678861,203.81241220369802,249.52860663022335,0.08950969235405637,0.33251953125,0.08950969235405637,0.33251953125,True,True,True,True,6245.17102638928
pressure_positive,197,25.230824270916468,52.76380968086974,203.7989316720275,249.52860663022335,0.08937488703735114,0.33251953125,0.08937488703735114,0.33251953125,True,True,True,True,6245.03786902934
pressure_positive,198,25.230239846627633,52.76197171135735,203.78547438600484,249.52860663022335,0.08924031417712457,0.33251953125,0.08924031417712457,0.33251953125,True,True,True,True,6244.905430963115
pressure_positive,199,25.229652389440705,52.760133523235794,203.7720692546484,249.52860663022335,0.08910626286356006,0.33251953125,0.08910626286356006,0.33251953125,True,True,True,True,6244.774397328708
pressure_positive,200,25.22906195259051,52.758295126087525,203.75872447669383,249.52860663022335,0.08897281508401449,0.33251953125,0.08897281508401449,0.33251953125,True,True,True,True,6244.644959574338
pressure_positive,201,25.22846859569431,52.75645653077579,203.74540406163052,249.52860663022335,0.08883961093338144,0.33251953125,0.08883961093338144,0.33251953125,True,True,True,True,6244.5162585782455
pressure_positive,202,25.227872349169722,52.754617742389684,203.73213792411474,249.52860663022335,0.08870694955822359,0.33251953125,0.08870694955822359,0.33251953125,True,True,True,True,6244.389003352725
pressure_positive,203,25.22727326738295,52.7527787707766,203.71889648399704,249.52860663022335,0.08857453515704662,0.33251953125,0.08857453515704662,0.33251953125,True,True,True,True,6244.262487458227
pressure_positive,204,25.226671380681037,52.7509396210355,203.70571503298223,249.52860663022335,0.08844272064689847,0.33251953125,0.08844272064689847,0.33251953125,True,True,True,True,6244.137547694517
pressure_positive,205,25.226066747684726,52.74910030388174,203.69256743236843,249.52860663022335,0.08831124464076055,0.33251953125,0.08831124464076055,0.33251953125,True,True,True,True,6244.013559127511
pressure_positive,206,25.22545940574779,52.7472608258291,203.67944144080718,249.52860663022335,0.08817998472514801,0.33251953125,0.08817998472514801,0.33251953125,True,True,True,True,6243.890228480015
pressure_positive,207,25.224849382225873,52.74542119141882,203.66637348105928,249.52860663022335,0.08804930512766901,0.33251953125,0.08804930512766901,0.33251953125,True,True,True,True,6243.768419623669
pressure_positive,208,25.22423673366829,52.7435814109906,203.65332602384802,249.52860663022335,0.08791883055555644,0.33251953125,0.08791883055555644,0.33251953125,True,True,True,True,6243.647237061005
pressure_positive,209,25.22362148620365,52.741741488865955,203.64032393363686,249.52860663022335,0.08778880965344485,0.33251953125,0.08778880965344485,0.33251953125,True,True,True,True,6243.527270060335
pressure_positive,210,25.223003685859492,52.739901433321066,203.62736718379224,249.52860663022335,0.08765924215499865,0.33251953125,0.08765924215499865,0.33251953125,True,True,True,True,6243.408515055302
pressure_positive,211,25.222383378456115,52.738061252604076,203.61442199252699,249.52860663022335,0.08752979024234606,0.33251953125,0.08752979024234606,0.33251953125,True,True,True,True,6243.290166304794
pressure_positive,212,25.221760582453914,52.73622094954867,203.6015485478318,249.52860663022335,0.08740105579539431,0.33251953125,0.08740105579539431,0.33251953125,True,True,True,True,6243.1736530347625
pressure_positive,213,25.221135364656522,52.73438053658405,203.58867240310565,249.52860663022335,0.08727229434813268,0.33251953125,0.08727229434813268,0.33251953125,True,True,True,True,6243.057201736913
pressure_positive,214,25.220507731712132,52.73254001422459,203.57585771062708,249.52860663022335,0.08714414742334696,0.33251953125,0.08714414742334696,0.33251953125,True,True,True,True,6242.942336617873
pressure_positive,215,25.219877741847103,52.73069939321907,203.56254518081843,249.52860663022335,0.08701102212526052,0.33251953125,0.08701102212526052,0.33251953125,True,True,True,True,6242.815762490917
pressure_positive,216,25.219245003190306,52.72885859503622,203.54912844009905,249.52860663022335,0.08687685471806673,0.33251953125,0.08687685471806673,0.33251953125,True,True,True,True,6242.686859515425
pressure_positive,217,25.218609442095314,52.72701760416846,203.50894656954765,249.52860663022335,0.08647503601255266,0.33251953125,0.08647503601255266,0.33251953125,True,True,True,True,6241.922038893801
pressure_positive,218,25.21794954178026,52.725172150680166,203.3712653822486,249.52860663022335,0.08509822413956215,0.33251953125,0.08509822413956215,0.33251953125,True,True,True,True,6238.841716687444
pressure_positive,219,25.217186984440072,52.72330668857954,203.1518965582088,249.52860663022335,0.0829045358991641,0.33251953125,0.0829045358991641,0.33251953125,True,True,True,True,6233.826773589018
pressure_positive,220,25.21625649463121,52.72140823688037,202.86528963837367,249.52860663022335,0.08003846670081288,0.33251953125,0.08003846670081288,0.33251953125,True,True,True,True,6227.224868837177
pressure_positive,221,25.215104692754498,52.7194661552926,202.54835259129226,249.52860663022335,0.07686909622999877,0.33251953125,0.07686909622999877,0.33251953125,True,True,True,True,6219.916608035444
pressure_positive,222,25.21370810935815,52.71747572173607,202.21609850325729,249.52860663022335,0.07354655534964906,0.33251953125,0.07354655534964906,0.33251953125,True,True,True,True,6212.260314336373
pressure_positive,223,25.212055453967604,52.71543462246556,201.87553568194923,249.52860663022335,0.07014092713656851,0.33251953125,0.07014092713656851,0.33251953125,True,True,True,True,6204.4232831059635
pressure_positive,224,25.210141127551207,52.71334166819676,201.35050815350723,249.52860663022335,0.06489065185214855,0.33251953125,0.06489065185214855,0.33251953125,True,True,True,True,6192.219557236096
pressure_positive,225,25.20781793768012,52.711167562264265,200.42377218129923,249.52860663022335,0.055623292130068475,0.33251953125,0.055623292130068475,0.33251953125,True,True,True,True,6170.495982870203
pressure_positive,226,25.204764716658207,52.70884841956833,198.90510848900757,249.52860663022335,0.04043665520715194,0.33251953125,0.04043665520715194,0.33251953125,True,True,True,True,6134.753006873894
pressure_positive,227,25.200508907292267,52.70629017199826,196.3109468405017,249.52860663022335,0.01449503872209334,0.33251953125,0.01449503872209334,0.33251953125,True,True,True,True,6073.529504901214
pressure_positive,228,25.19419173927758,52.7033218372749,193.16029607245918,249.52860663022335,-0.017011468958332044,0.33251953125,-0.017011468958332044,0.33251953125,True,True,True,True,5999.215796992483
pressure_positive,229,25.185376057433153,52.6998557139796,191.95032428787786,249.52860663022335,-0.029111186804145178,0.33251953125,-0.029111186804145178,0.33251953125,True,True,True,True,5971.185552328567
pressure_positive,230,25.175632780304994,52.69620282585164,192.5345966679734,249.52860663022335,-0.023268463003189764,0.33251953125,-0.023268463003189764,0.33251953125,True,True,True,True,5985.856257642223
pressure_positive,231,25.166406863528266,52.6926499910912,193.1860746972043,249.52860663022335,-0.016753682710880752,0.33251953125,-0.016753682710880752,0.33251953125,True,True,True,True,6002.0905477534925
pressure_positive,232,25.157749603495585,52.689207660461506,193.604362683821,249.52860663022335,-0.012570802844713853,0.33251953125,-0.012570802844713853,0.33251953125,True,True,True,True,6012.746147854636
pressure_positive,233,25.149471098291542,52.68583832074521,194.0501209595193,249.52860663022335,-0.008113220087730895,0.33251953125,-0.008113220087730895,0.33251953125,True,True,True,True,6024.030033613197
pressure_positive,234,25.141591495476728,52.68254615541653,194.6052063713004,249.52860663022335,-0.002562365969919824,0.33251953125,-0.002562365969919824,0.33251953125,True,True,True,True,6037.886201935171
pressure_positive,235,25.13419647123263,52.67934839952129,195.1513317714845,249.52860663022335,0.002898888031921274,0.33251953125,0.002898888031921274,0.33251953125,True,True,True,True,6051.497940423405
pressure_positive,236,25.127276481918898,52.67624336618641,195.68513164693823,249.52860663022335,0.008236886786458513,0.33251953125,0.008236886786458513,0.33251953125,True,True,True,True,6064.7858715414295
pressure_positive,237,25.120819361110375,52.6732288363746,196.02205486314872,249.52860663022335,0.011606118948563449,0.33251953125,0.011606118948563449,0.33251953125,True,True,True,True,6073.364905697662
pressure_positive,238,25.114665200166428,52.670273147144165,196.16487348150298,249.52860663022335,0.013034305132106,0.33251953125,0.013034305132106,0.33251953125,True,True,True,True,6077.311356696957
pressure_positive,239,25.10865712475077,52.6673451632112,196.42025027551236,249.52860663022335,0.01558807307219979,0.33251953125,0.01558807307219979,0.33251953125,True,True,True,True,6083.923329295946
pressure_positive,240,25.102884569398793,52.664462769547676,196.68593158162545,249.52860663022335,0.018244886133330737,0.33251953125,0.018244886133330737,0.33251953125,True,True,True,True,6090.76490523074
pressure_positive,241,25.09735468115453,52.66162748585463,196.9828838081305,249.52860663022335,0.021214408398381294,0.33251953125,0.021214408398381294,0.33251953125,True,True,True,True,6098.333877025949
pressure_positive,242,25.09209135706771,52.658844173691286,197.2954060769056,249.52860663022335,0.024339631086132272,0.33251953125,0.024339631086132272,0.33251953125,True,True,True,True,6106.255540558528
pressure_positive,243,25.087105822204794,52.65611517623592,197.62092106320156,249.52860663022335,0.027594780949091843,0.33251953125,0.027594780949091843,0.33251953125,True,True,True,True,6114.4679019226305
pressure_positive,244,25.08240719366143,52.65344241928039,197.9511843716266,249.52860663022335,0.03089741403334216,0.33251953125,0.03089741403334216,0.33251953125,True,True,True,True,6122.774426227736
pressure_positive,245,25.07799795942484,52.650826508016166,198.2826943439217,249.52860663022335,0.034212513756293104,0.33251953125,0.034212513756293104,0.33251953125,True,True,True,True,6131.091723577425
pressure_positive,246,25.073877804379354,52.648267487413385,198.61297628726268,249.52860663022335,0.03751533318970303,0.33251953125,0.03751533318970303,0.33251953125,True,True,True,True,6139.360993430718
pressure_positive,247,25.070044445215345,52.64576500760189,198.9464433965777,249.52860663022335,0.040850004282853264,0.33251953125,0.040850004282853264,0.33251953125,True,True,True,True,6147.68725564114
pressure_positive,248,25.06649914644105,52.64331942407994,199.27378493512308,249.52860663022335,0.04412341966830695,0.33251953125,0.04412341966830695,0.33251953125,True,True,True,True,6155.849147281675
pressure_positive,249,25.063235733115597,52.640929605783896,199.5921545773592,249.52860663022335,0.04730711609066816,0.33251953125,0.04730711609066816,0.33251953125,True,True,True,True,6163.7794198188385
pressure_positive,250,25.06024579225364,52.6385939706465,199.89769123918245,249.52860663022335,0.0503624827089007,0.33251953125,0.0503624827089007,0.33251953125,True,True,True,True,6171.386855669611
pressure_positive,251,25.057517871457282,52.63631032486542,200.19006275125645,249.52860663022335,0.05328619782964068,0.33251953125,0.05328619782964068,0.33251953125,True,True,True,True,6178.664301728976
pressure_positive,252,25.055040311804415,52.63407642767097,200.51534394823693,249.52860663022335,0.056539009799445525,0.33251953125,0.056539009799445525,0.33251953125,True,True,True,True,6186.707487909647
pressure_positive,253,25.05283832853107,52.63189739697292,200.80189270149384,249.52860663022335,0.05940449733201461,0.33251953125,0.05940449733201461,0.33251953125,True,True,True,True,6193.812171112764
pressure_positive,254,25.05087979422944,52.62976690460962,201.0561899532576,249.52860663022335,0.06194746984965207,0.33251953125,0.06194746984965207,0.33251953125,True,True,True,True,6200.134466437916
pressure_positive,255,25.049137905897403,52.627679673743735,201.28431338585042,249.52860663022335,0.06422870417558045,0.33251953125,0.06422870417558045,0.33251953125,True,True,True,True,6205.820558180216
pressure_positive,256,25.04759083687759,52.625631411673254,201.4887581365592,249.52860663022335,0.06627315168266819,0.33251953125,0.06627315168266819,0.33251953125,True,True,True,True,6210.93116617428
pressure_positive,257,25.046218851524944,52.62361823548278,201.6717503617901,249.52860663022335,0.0681030739349771,0.33251953125,0.0681030739349771,0.33251953125,True,True,True,True,6215.520481783914
pressure_positive,258,25.045004079878765,52.6216366280087,201.83533938267044,249.52860663022335,0.06973896414378061,0.33251953125,0.06973896414378061,0.33251953125,True,True,True,True,6219.638372402856
pressure_positive,259,25.043930367250223,52.61968340862836,201.9813976399549,249.52860663022335,0.07119954671662526,0.33251953125,0.07119954671662526,0.33251953125,True,True,True,True,6223.330390141866
pressure_positive,260,25.042983124695688,52.617755704121706,202.11163978535907,249.52860663022335,0.07250196817066694,0.33251953125,0.07250196817066694,0.33251953125,True,True,True,True,6226.6382352497185
pressure_positive,261,25.04214919560192,52.615850922658815,202.2276449971627,249.52860663022335,0.07366202028870333,0.33251953125,0.07366202028870333,0.33251953125,True,True,True,True,6229.6002951151495
pressure_positive,262,25.041416740844014,52.61396673141925,202.3308283848121,249.52860663022335,0.07469385416519714,0.33251953125,0.07469385416519714,0.33251953125,True,True,True,True,6232.250972153721
pressure_positive,263,25.040775101740277,52.61210102970912,202.4224940711781,249.52860663022335,0.07561051102885727,0.33251953125,0.07561051102885727,0.33251953125,True,True,True,True,6234.621954237827
pressure_positive,264,25.040214706096997,52.61025193062184,202.50381745240063,249.52860663022335,0.07642374484108246,0.33251953125,0.07642374484108246,0.33251953125,True,True,True,True,6236.741799206984
pressure_positive,265,25.039726960576623,52.608417739917705,202.57585593583357,249.52860663022335,0.07714412967541193,0.33251953125,0.07714412967541193,0.33251953125,True,True,True,True,6238.636197065281
pressure_positive,266,25.039304152168615,52.60659693667433,202.63957932034762,249.52860663022335,0.07778136352055241,0.33251953125,0.07778136352055241,0.33251953125,True,True,True,True,6240.328698391717
pressure_positive,267,25.038939374393962,52.604788158837486,202.6958587649978,249.52860663022335,0.07834415796705428,0.33251953125,0.07834415796705428,0.33251953125,True,True,True,True,6241.840456981512
pressure_positive,268,25.038626445056625,52.602990187050835,202.74546173589323,249.52860663022335,0.07884018767600849,0.33251953125,0.07884018767600849,0.33251953125,True,True,True,True,6243.190115117016
pressure_positive,269,25.038359820339686,52.60120192772301,202.78909918105012,249.52860663022335,0.07927656212757739,0.33251953125,0.07927656212757739,0.33251953125,True,True,True,True,6244.394930287733
pressure_positive,270,25.038134546959192,52.59942240366856,202.82739859474506,249.52860663022335,0.07965955626452682,0.33251953125,0.07965955626452682,0.33251953125,True,True,True,True,6245.470138173764
pressure_positive,271,25.03794619303072,52.59765074047598,202.86092638977826,249.52860663022335,0.07999483421485877,0.33251953125,0.07999483421485877,0.33251953125,True,True,True,True,6246.429488835356
pressure_positive,272,25.037790797104865,52.595886156482656,202.89019162514842,249.52860663022335,0.08028748656856038,0.33251953125,0.08028748656856038,0.33251953125,True,True,True,True,6247.285338623582
pressure_positive,273,25.03766482040406,52.59412795337186,202.91564265800557,249.52860663022335,0.08054199689713187,0.33251953125,0.08054199689713187,0.33251953125,True,True,True,True,6248.048573727476
pressure_positive,274,25.03756509659353,52.592375506260844,202.93769218268,249.52860663022335,0.08076249214387615,0.33251953125,0.08076249214387615,0.33251953125,True,True,True,True,6248.729208507638
pressure_positive,275,25.037488801761626,52.590628257811396,202.95670605184404,249.52860663022335,0.08095263083551657,0.33251953125,0.08095263083551657,0.33251953125,True,True,True,True,6249.336121784767
pressure_positive,276,25.03743341560367,52.588885710572484,202.97300243566846,249.52860663022335,0.08111559467376082,0.33251953125,0.08111559467376082,0.33251953125,True,True,True,True,6249.877039389156
pressure_positive,277,25.0373966820982,52.58714741920937,202.98687683158002,249.52860663022335,0.0812543386328764,0.33251953125,0.0812543386328764,0.33251953125,True,True,True,True,6250.359131088348
pressure_positive,278,25.037376590318914,52.58541298674476,202.9985887250443,249.52860663022335,0.0813714575675192,0.33251953125,0.0813714575675192,0.33251953125,True,True,True,True,6250.788694827908
pressure_positive,279,25.03737134467642,52.583682058681404,203.00837181671983,249.52860663022335,0.0814692884842745,0.33251953125,0.0814692884842745,0.33251953125,True,True,True,True,6251.171401723523
pressure_positive,280,25.03737934345026,52.58195431877273,203.01642972130244,249.52860663022335,0.08154986753010064,0.33251953125,0.08154986753010064,0.33251953125,True,True,True,True,6251.512195243409
pressure_positive,281,25.037399153975464,52.58022948411841,203.02295379149965,249.52860663022335,0.08161510823207266,0.33251953125,0.08161510823207266,0.33251953125,True,True,True,True,6251.8157164177555
pressure_positive,282,25.03742950216435,52.57850730311755,203.02810804162098,249.52860663022335,0.08166665073328602,0.33251953125,0.08166665073328602,0.33251953125,True,True,True,True,6252.085946227203
pressure_positive,283,25.03746925003301,52.57678755102154,203.03203363028317,249.52860663022335,0.08170590661990787,0.33251953125,0.08170590661990787,0.33251953125,True,True,True,True,6252.326313602534
pressure_positive,284,25.0375173768991,52.57507002621429,203.03487192270336,249.52860663022335,0.0817342895441098,0.33251953125,0.0817342895441098,0.33251953125,True,True,True,True,6252.54024473155
pressure_positive,285,25.037572979072632,52.57335455018267,203.036734511267,249.52860663022335,0.08175291542974633,0.33251953125,0.08175291542974633,0.33251953125,True,True,True,True,6252.730450610359
pressure_positive,286,25.0376352456087,52.57164096270306,203.0377273641166,249.52860663022335,0.08176284395824211,0.33251953125,0.08176284395824211,0.33251953125,True,True,True,True,6252.899502523208
pressure_positive,287,25.03770345344216,52.569929120894415,203.03646692452415,249.52860663022335,0.0817502395623177,0.33251953125,0.0817502395623177,0.33251953125,True,True,True,True,6253.014567218
pressure_positive,288,25.03777577756458,52.5682186614761,203.0331885035082,249.52860663022335,0.0817174553521582,0.33251953125,0.0817174553521582,0.33251953125,True,True,True,True,6253.081356260736
pressure_positive,289,25.037850588205373,52.566509259693596,203.02962698506406,249.52860663022335,0.08168184016771676,0.33251953125,0.08168184016771676,0.33251953125,True,True,True,True,6253.141206073918
pressure_positive,290,25.037927647547644,52.564800868513196,203.02762152562778,249.52860663022335,0.08166178557335399,0.33251953125,0.08166178557335399,0.33251953125,True,True,True,True,6253.237840037488
pressure_positive,291,25.03800818741158,52.563093734516876,203.02548658076077,249.52860663022335,0.0816404361246839,0.33251953125,0.0816404361246839,0.33251953125,True,True,True,True,6253.331120228752
pressure_positive,292,25.038092088652945,52.56138783465105,203.0228832794304,249.52860663022335,0.08161440311138023,0.33251953125,0.08161440311138023,0.33251953125,True,True,True,True,6253.4130010574045
pressure_positive,293,25.038178961993086,52.559683091848854,203.01987425395424,249.52860663022335,0.08158431285661863,0.33251953125,0.08158431285661863,0.33251953125,True,True,True,True,6253.484996414156
pressure_positive,294,25.038268469731307,52.557979439245884,203.0165011197248,249.52860663022335,0.08155058151432427,0.33251953125,0.08155058151432427,0.33251953125,True,True,True,True,6253.548117351319
pressure_positive,295,25.038360308754363,52.55627681679883,203.012809322134,249.52860663022335,0.0815136635384161,0.33251953125,0.0815136635384161,0.33251953125,True,True,True,True,6253.6034636851655
pressure_positive,296,25.038454213456284,52.55457517187822,203.00883682515905,249.52860663022335,0.0814739385686667,0.33251953125,0.0814739385686667,0.33251953125,True,True,True,True,6253.651954986354
pressure_positive,297,25.038549949613476,52.55287445805459,203.0046153330925,249.52860663022335,0.08143172364800108,0.33251953125,0.08143172364800108,0.33251953125,True,True,True,True,6253.69436001468
pressure_positive,298,25.03864730926006,52.551174634082784,203.0001734585261,249.52860663022335,0.08138730490233712,0.33251953125,0.08138730490233712,0.33251953125,True,True,True,True,6253.731372341515
pressure_positive,299,25.038746108113656,52.54947566339465,202.99553079849449,249.52860663022335,0.08134087830202105,0.33251953125,0.08134087830202105,0.33251953125,True,True,True,True,6253.763469736303
