alpha,episode,best_episode,empirical_safe,economic_improvement_pct,economic_degradation_pct,economic_comparable_0p5pct,economic_comparable_1pct,worst_economic_improvement_pct,X2_IAE_ratio,P2_IAE_ratio,X2_ISE_ratio,P2_ISE_ratio,G_X2_ratio,G_P2_ratio,X2_std_ratio,P2_std_ratio,minimum_X2_margin,X2_margin_p1,X2_margin_p5,X2_margin_mean,X2_margin_p50,X2_margin_fraction_lt_0p05,X2_margin_fraction_lt_0p10,X2_margin_fraction_lt_0p20,P100_TV_ratio,F200_TV_ratio,P100_RMS_du_ratio,F200_RMS_du_ratio,physical_violation,input_violation,QP_infeasible,Omega_exit,W_exceedance_rate,raw_actor_saturation_fraction,scaled_action_norm_mean,residual_requested_norm_mean,residual_applied_norm_mean,residual_requested_applied_ratio,authority_joint_candidate,global_step,post_warmup,P100_sign_change_ratio,F200_sign_change_ratio,X2_peak_deviation_ratio,P2_peak_deviation_ratio,mean_IAE_ratio,mean_ISE_ratio,mean_TV_ratio,mean_RMS_du_ratio,baseline_J_econ,SAC_J_econ,positive_economic,level_B,level_C,eligible_empirical_joint_checkpoint,pareto_nondominated,certification_status,residual_applied_ratio,action_collapse_fraction,QP_modification_rate,Z_mode_fraction,Omega_mode_fraction,outside_Omega_fraction,supervisor_modification_rate,applied_displacement_physical_mean,any_outer_10pct_fraction,joint_performance_score,distance_to_joint,worst_economic_degradation_pct,margin_quantile_aggregation,stochastic_residual_scale,validation_seed_count,physical_state_violation,baseline_minimum_X2_margin,baseline_X2_margin_p1,baseline_X2_margin_p5,raw_actor_mean_0,raw_actor_mean_1,raw_actor_std_0,raw_actor_std_1,validation_quality_within_1p10,baseline_P100_TV,SAC_P100_TV,baseline_P100_delta_RMS,SAC_P100_delta_RMS,baseline_P100_input_sign_changes,SAC_P100_input_sign_changes,baseline_P100_lower_bound_steps,SAC_P100_lower_bound_steps,baseline_P100_upper_bound_steps,SAC_P100_upper_bound_steps,baseline_P100_outer_10pct_steps,SAC_P100_outer_10pct_steps,raw_actor_saturation_fraction_0,baseline_F200_TV,SAC_F200_TV,baseline_F200_delta_RMS,SAC_F200_delta_RMS,baseline_F200_input_sign_changes,SAC_F200_input_sign_changes,baseline_F200_lower_bound_steps,SAC_F200_lower_bound_steps,baseline_F200_upper_bound_steps,SAC_F200_upper_bound_steps,baseline_F200_outer_10pct_steps,SAC_F200_outer_10pct_steps,raw_actor_saturation_fraction_1,checkpoint,authority_pareto_nondominated
0.1,5.0,,True,-0.024738297649600012,0.024738297649600012,True,True,-0.033275231190354984,1.1899498891487026,1.0701467805113969,1.4011215880423815,1.134443026409452,1.1825826147875125,1.060645903570785,1.1339189150593594,1.0151877504753561,0.20192795460159374,0.27060339589808163,0.31068809869699743,0.4066558868848501,0.40695125325769155,0.0,0.0,0.0,0.7615643643127588,1.9581532119111913,0.7992630445951823,2.109062033909202,0.0,0.0,0.0,0.0,0.9828999999999999,0.0413,0.09925819337368011,0.03038839068137575,0.03038839068137575,1.0,False,5000.0,True,0.9794274886417321,1.03509255523478,1.0855068271939041,1.0306400700140537,1.1300483348300498,1.2677823072259167,1.359858788111975,1.454162539252192,6217912.95173295,6219450.983718468,False,False,False,False,False,empirical_only_under_ECC2019_stochastic_disturbance,1.0,0.0,0.0,0.43129999999999996,0.5687,0.0,0.0,3.0388390681375754,0.0,1.2449535614710125,0.9845890197006784,0.033275231190354984,"worst per-seed quantile, not pooled quantile",0.1,10.0,0.0,0.21237140815124533,0.2635450197744851,0.3046122697384918,-0.40899787843227386,-0.46885603964328765,0.5606902778148651,0.5633773922920227,False,3838.0581113596563,2923.14723095934,4.821259692848423,3.8539255704845723,525.3,514.2,0.0,0.0,0.0,0.0,0.0,0.0,0.024200000000000003,823.5702747512623,1612.7362471871315,1.0348186127297079,2.1822921828248956,520.3,538.4,0.0,0.0,0.0,0.0,0.0,0.0,0.0171,evaporation\evaporation_safe_sac\authority_cuda_seed42_100x1000\outputs_zanon2019_alpha010_seed42_100x1000\models\evaluation\episode_0005_actor.pth,True
0.1,10.0,,True,0.002786107808707495,-0.002786107808707495,True,True,-0.006203022893614759,1.1163366218767254,0.9996130626112694,1.2411035146604477,1.0094805053153106,1.113923240104468,1.0040634343256787,1.1131312591249898,1.0062281426788025,0.1910031423348606,0.2461072840025286,0.2923429089333759,0.3824507493357637,0.38240957872293696,0.0,0.0,0.0002,0.8337267577735723,1.7304327914640723,0.8682594045500833,1.8949624878278084,0.0,0.0,0.0,0.0,0.9827,0.0942,0.08337568268179893,0.027288937665119695,0.027288937665119695,1.0,False,10000.0,True,1.0107168525622154,1.1705062311777836,1.1055868003949523,1.0085099102189194,1.0579748422439974,1.1252920099878791,1.2820797746188224,1.3816109461889459,6217912.95173295,6217739.506341358,True,False,False,False,True,empirical_only_under_ECC2019_stochastic_disturbance,1.0,0.0,0.0,0.4366,0.5633999999999999,0.0,0.0,2.7288937665119692,0.0,1.17002730843141,0.6483248541020241,0.006203022893614759,"worst per-seed quantile, not pooled quantile",0.1,10.0,0.0,0.21237140815124533,0.2635450197744851,0.3046122697384918,-0.5549922347068786,-0.004076532855106052,0.519777974486351,0.42116313576698305,False,3838.0581113596563,3199.882277556403,4.821259692848423,4.186154685949312,525.3,530.4,0.0,0.0,0.0,0.0,0.0,0.0,0.0933,823.5702747512623,1425.604071139515,1.0348186127297079,1.9615121476831558,520.3,608.3,0.0,0.0,0.0,0.0,0.0,0.0,0.001,evaporation\evaporation_safe_sac\authority_cuda_seed42_100x1000\outputs_zanon2019_alpha010_seed42_100x1000\models\evaluation\episode_0010_actor.pth,True
0.1,15.0,,True,0.007989901063493836,-0.007989901063493836,True,True,3.0303407166634262e-05,1.1293891362065813,0.9960178361163979,1.2777707713713604,1.0126301926915509,1.1302317262344537,1.004529869816259,1.1102859896330208,1.006410109607537,0.18272268441979378,0.24339361003403848,0.2875231907887715,0.3781607625593886,0.37842810564087637,0.0,0.0,0.0005,0.8375013713727213,1.5112568353190976,0.8652511381806441,1.6176295450612284,0.0,0.0,0.0,0.0,0.9827,0.0419,0.07647145465016365,0.025996294892706596,0.025996294892706596,1.0,False,15000.0,True,1.0099268142295506,1.172739694056815,1.1338975085075016,1.0185833757041247,1.0627034861614897,1.1452004820314556,1.1743791033459094,1.2414403416209363,6217912.95173295,6217415.874110655,True,False,False,False,True,empirical_only_under_ECC2019_stochastic_disturbance,1.0,0.0,0.0,0.44000000000000006,0.56,0.0,0.0,2.5996294892706597,0.0,1.1185412947536997,0.442461475322976,-3.0303407166634262e-05,"worst per-seed quantile, not pooled quantile",0.1,10.0,0.0,0.21237140815124533,0.2635450197744851,0.3046122697384918,-0.543027526140213,0.04091449605766684,0.4903422236442566,0.3369578570127487,False,3838.0581113596563,3213.4207188305513,4.821259692848423,4.170552987562592,525.3,530.2,0.0,0.0,0.0,0.0,0.0,0.0,0.040999999999999995,823.5702747512623,1244.78672738202,1.0348186127297079,1.6740859149236862,520.3,609.5,0.0,0.0,0.0,0.0,0.0,0.0,0.0009000000000000001,evaporation\evaporation_safe_sac\authority_cuda_seed42_100x1000\outputs_zanon2019_alpha010_seed42_100x1000\models\evaluation\episode_0015_actor.pth,True
0.1,20.0,,True,0.017234582161383398,-0.017234582161383398,True,True,0.01072201045775961,1.1755010099607446,0.9930744272779505,1.3712613855413291,1.0034365683026585,1.1706010293008335,1.0004034984417942,1.1076790771199865,1.0073729980668538,0.18035912239604812,0.2391463020307139,0.28236395954978766,0.371792434609966,0.3715837875610843,0.0,0.0,0.0005,0.8431343410919474,1.504783045468141,0.8732538314973336,1.6499351265231126,0.0,0.0,0.0,0.0,0.9827999999999999,0.0050999999999999995,0.07997075617313384,0.02799486639523872,0.02799486639523872,1.0,False,20000.0,True,1.0193767127824997,1.186613230314631,1.1707054780683122,1.0131613706261244,1.0842877186193476,1.1873489769219938,1.1739586932800443,1.2615944790102231,6217912.95173295,6216841.1878004335,True,False,False,False,False,empirical_only_under_ECC2019_stochastic_disturbance,1.0,0.0,0.0,0.44090000000000007,0.5590999999999999,0.0,0.0,2.799486639523873,0.0002,1.1291232059496958,0.48028405542888564,-0.01072201045775961,"worst per-seed quantile, not pooled quantile",0.1,10.0,0.0,0.21237140815124533,0.2635450197744851,0.3046122697384918,-0.48303040862083435,-0.018248855229467155,0.5570165038108825,0.39213536977767943,False,3838.0581113596563,3235.3895729019923,4.821259692848423,4.20928312764144,525.3,535.1,0.0,0.0,0.0,0.0,0.0,0.2,0.0047,823.5702747512623,1239.2863548872306,1.0348186127297079,1.7073829043245652,520.3,616.7,0.0,0.0,0.0,0.0,0.0,0.0,0.0004,evaporation\evaporation_safe_sac\authority_cuda_seed42_100x1000\outputs_zanon2019_alpha010_seed42_100x1000\models\evaluation\episode_0020_actor.pth,True
0.1,25.0,,True,0.02432939654371427,-0.02432939654371427,True,True,0.016356797460315844,1.2287272557855973,0.9862934352307059,1.4992957424560607,1.0050957234868905,1.2233485777520734,0.99928351587777,1.1111383085935804,1.0059520398440323,0.17610463047797253,0.22674918825498852,0.27591922904442506,0.3664707452340861,0.36630443393089196,0.0,0.0,0.0009000000000000001,0.8408197793847547,1.40166604726801,0.8689054395303624,1.5565519541606694,0.0,0.0,0.0,0.0,0.9827,0.024,0.08490403667092324,0.02954343819709985,0.02954343819709985,1.0,False,25000.0,True,1.0119978504324902,1.1967037466038004,1.2158835212940688,1.0219148918876886,1.1075103455081516,1.2521957329714755,1.1212429133263824,1.2127286968455158,6217912.95173295,6216399.851484595,True,False,False,False,True,empirical_only_under_ECC2019_stochastic_disturbance,1.0,0.0,0.0,0.4393999999999999,0.5605999999999999,0.0,0.0,2.954343819709985,0.0,1.114376629417267,0.4346403314007713,-0.016356797460315844,"worst per-seed quantile, not pooled quantile",0.1,10.0,0.0,0.21237140815124533,0.2635450197744851,0.3046122697384918,-0.6468935132026672,0.035870236018672584,0.446336954832077,0.40698922574520113,False,3838.0581113596563,3226.4869964996333,4.821259692848423,4.188353277389621,525.3,531.4,0.0,0.0,0.0,0.0,0.0,0.0,0.0235,823.5702747512623,1154.4771015764823,1.0348186127297079,1.6109722823161707,520.3,622.0,0.0,0.0,0.0,0.0,0.0,0.0,0.0005,evaporation\evaporation_safe_sac\authority_cuda_seed42_100x1000\outputs_zanon2019_alpha010_seed42_100x1000\models\evaluation\episode_0025_actor.pth,True
0.1,30.0,,True,0.021127126368608463,-0.021127126368608463,True,True,0.012043438973708796,1.18400234679986,1.0047431209856441,1.3936813820005083,1.009061444625492,1.1800699267465746,1.0044158432473769,1.1131267660386504,1.0070744622941867,0.17657280245500573,0.2359181477632251,0.2834906775265399,0.3712497417896874,0.3712939234468191,0.0,0.0,0.0005,0.8175626367344269,1.5529699919334512,0.8551053611125141,1.7370258254966395,0.0,0.0,0.0,0.0,0.9828999999999999,0.015399999999999997,0.08435439839959144,0.02770886293219286,0.02770886293219286,1.0,False,30000.0,True,0.9969703583676877,1.126787498688596,1.185759321540272,1.0037471343483642,1.094372733892752,1.2013714133130002,1.185266314333939,1.2960655933045768,6217912.95173295,6216599.2525691595,True,False,False,False,False,empirical_only_under_ECC2019_stochastic_disturbance,1.0,0.0,0.0,0.4377,0.5623,0.0,0.0,2.7708862932192857,0.0002,1.1398195241133455,0.5369723387333108,-0.012043438973708796,"worst per-seed quantile, not pooled quantile",0.1,10.0,0.0,0.21237140815124533,0.2635450197744851,0.3046122697384918,-0.600497943162918,-0.24408962577581406,0.4057099521160126,0.4285629361867905,False,3838.0581113596563,3137.050492451578,4.821259692848423,4.121816465532775,525.3,523.3,0.0,0.0,0.0,0.0,0.0,0.2,0.013300000000000001,823.5702747512623,1278.3293717020583,1.0348186127297079,1.796459288185374,520.3,585.8,0.0,0.0,0.0,0.0,0.0,0.0,0.0021000000000000003,evaporation\evaporation_safe_sac\authority_cuda_seed42_100x1000\outputs_zanon2019_alpha010_seed42_100x1000\models\evaluation\episode_0030_actor.pth,True
0.1,35.0,,True,0.022106869384828427,-0.022106869384828427,True,True,0.011708786408083498,1.2161672767636353,0.9927678634530782,1.4689646835661767,1.00679328288131,1.2115201439699723,1.0017625114294417,1.1221479055610566,1.0086645884190901,0.1774934886786852,0.2342080453371215,0.2788761597805635,0.3685544405111033,0.3681511557149834,0.0,0.0,0.0006000000000000001,0.8052912045434193,1.577337900059593,0.8394502877043666,1.778984050139789,0.0,0.0,0.0,0.0,0.9827999999999999,0.011099999999999999,0.08287068009376526,0.029243923617658967,0.029243923617658967,1.0,False,35000.0,True,1.0204999955519252,1.1778947772089507,1.2008328800323371,1.0143567305416679,1.1044675701083568,1.2378789832237433,1.191314552301506,1.309217168922078,6217912.95173295,6216538.426918035,True,False,False,False,False,empirical_only_under_ECC2019_stochastic_disturbance,1.0,0.0,0.0,0.44089999999999996,0.5590999999999999,0.0,0.0,2.924392361765897,0.0002,1.1478910612049313,0.5946418348460181,-0.011708786408083498,"worst per-seed quantile, not pooled quantile",0.1,10.0,0.0,0.21237140815124533,0.2635450197744851,0.3046122697384918,-0.5781138896942138,-0.04446210470050573,0.49260686337947845,0.4040812522172928,False,3838.0581113596563,3090.4615762496273,4.821259692848423,4.046232703270037,525.3,535.8,0.0,0.0,0.0,0.0,0.0,0.2,0.0109,823.5702747512623,1299.090485959336,1.0348186127297079,1.8408617877856712,520.3,612.3,0.0,0.0,0.0,0.0,0.0,0.0,0.0002,evaporation\evaporation_safe_sac\authority_cuda_seed42_100x1000\outputs_zanon2019_alpha010_seed42_100x1000\models\evaluation\episode_0035_actor.pth,True
0.1,40.0,,True,0.022239949910642605,-0.022239949910642605,True,True,0.012071118487123021,1.1902524760233895,0.9981550033996458,1.4052802585822297,1.013169060090752,1.1850641045574297,1.0053403603451343,1.099007368059301,1.012154920624139,0.17922456781161245,0.23772109622917387,0.2803482462325983,0.3690880752101131,0.3688274835811887,0.0,0.0,0.0004,0.8311730264330359,1.4361479989119137,0.8612633023929884,1.604743271722647,0.0,0.0,0.0,0.0,0.9827,0.006500000000000001,0.07840604856610298,0.02678661643541433,0.02678661643541433,1.0,False,40000.0,True,0.9993179377939138,1.1877154114783477,1.1866618829975475,1.0157267577857985,1.0942037397115176,1.2092246593364908,1.1336605126724748,1.2330032870578178,6217912.95173295,6216530.263442107,True,False,False,False,False,empirical_only_under_ECC2019_stochastic_disturbance,1.0,0.0,0.0,0.4407,0.5593000000000001,0.0,0.0,2.6786616435414334,0.00030000000000000003,1.113932126191996,0.42695883091317677,-0.012071118487123021,"worst per-seed quantile, not pooled quantile",0.1,10.0,0.0,0.21237140815124533,0.2635450197744851,0.3046122697384918,-0.5780883193016052,-0.05739407725632191,0.42263696789741517,0.40270722210407256,False,3838.0581113596563,3189.345738149964,4.821259692848423,4.151383716006767,525.3,524.7,0.0,0.0,0.0,0.0,0.0,0.3,0.006500000000000001,823.5702747512623,1182.7809472979914,1.0348186127297079,1.660671289845751,520.3,617.4,0.0,0.0,0.0,0.0,0.0,0.0,0.0,evaporation\evaporation_safe_sac\authority_cuda_seed42_100x1000\outputs_zanon2019_alpha010_seed42_100x1000\models\evaluation\episode_0040_actor.pth,True
0.1,45.0,,True,0.02593283920863653,-0.02593283920863653,True,True,0.01832405667260157,1.226100838390877,0.9881775934953444,1.4854088021366096,1.001287608269568,1.2178654531918738,0.9985460830740245,1.0980807420873915,1.0055012252929187,0.18038572396354624,0.23131509642503292,0.2754548127479802,0.3658518238321533,0.3655190953547137,0.0,0.0,0.0004,0.8346483691662051,1.468772450000865,0.8583472219562516,1.639669054048961,0.0,0.0,0.0,0.0,0.9827,0.0125,0.08074969351291657,0.027625622342905377,0.027625622342905377,1.0,False,45000.0,True,0.9968765786576306,1.1770410119300632,1.211405611252643,1.0147269960230691,1.1071392159431106,1.2433482052030889,1.151710409583535,1.2490081380026061,6217912.95173295,6216300.385330229,True,False,False,False,True,empirical_only_under_ECC2019_stochastic_disturbance,1.0,0.0,0.0,0.4407,0.5593,0.0,0.0,2.762562234290537,0.0002,1.1294248127633228,0.4965780658527984,-0.01832405667260157,"worst per-seed quantile, not pooled quantile",0.1,10.0,0.0,0.21237140815124533,0.2635450197744851,0.3046122697384918,-0.6085328698158264,-0.023159095854498445,0.4165742188692093,0.4067934095859528,False,3838.0581113596563,3202.817121425235,4.821259692848423,4.1373280964861205,525.3,523.4,0.0,0.0,0.0,0.0,0.0,0.2,0.012400000000000001,823.5702747512623,1209.6408142779828,1.0348186127297079,1.6968742545171835,520.3,611.9,0.0,0.0,0.0,0.0,0.0,0.0,0.0001,evaporation\evaporation_safe_sac\authority_cuda_seed42_100x1000\outputs_zanon2019_alpha010_seed42_100x1000\models\evaluation\episode_0045_actor.pth,True
0.1,50.0,,True,0.02361472078511675,-0.02361472078511675,True,True,0.012919760363818983,1.1994179989116986,0.9954084947796448,1.4273473346628216,1.003343229850098,1.1940985582324433,1.0008023296937911,1.1009271760733352,1.0068611330968689,0.17790735401020896,0.23560750398042787,0.28044268045475834,0.36849058781148303,0.36809631605044524,0.0,0.0,0.0004,0.8368370157675724,1.4533984813250336,0.8727693197693936,1.649872514257345,0.0,0.0,0.0,0.0,0.9827999999999999,0.0658,0.0809186726808548,0.02700674865688052,0.02700674865688052,1.0,False,50000.0,True,1.0050157003560616,1.1756903188364158,1.1835093759068802,1.0083994375160024,1.0974132468456717,1.2153452822564597,1.145117748546303,1.2613209170133692,6217912.95173295,6216444.617044501,True,False,False,False,True,empirical_only_under_ECC2019_stochastic_disturbance,1.0,0.0,0.0,0.4384,0.5616,0.0,0.0,2.7006748656880517,0.00030000000000000003,1.1212654976959873,0.45281648023673204,-0.012919760363818983,"worst per-seed quantile, not pooled quantile",0.1,10.0,0.0,0.21237140815124533,0.2635450197744851,0.3046122697384918,-0.6322228372097015,-0.10347374901175499,0.4180858671665192,0.3686426430940628,False,3838.0581113596563,3211.2850846487527,4.821259692848423,4.206957757648311,525.3,527.6,0.0,0.0,0.0,0.0,0.0,0.3,0.0646,823.5702747512623,1196.871144314502,1.0348186127297079,1.7072152767127906,520.3,611.2,0.0,0.0,0.0,0.0,0.0,0.0,0.0015,evaporation\evaporation_safe_sac\authority_cuda_seed42_100x1000\outputs_zanon2019_alpha010_seed42_100x1000\models\evaluation\episode_0050_actor.pth,True
0.1,55.0,,True,0.022175021859895207,-0.022175021859895207,True,True,0.010093380839245682,1.2252360858067324,0.984960669501924,1.4854778497124035,0.9958044104906435,1.218032563487598,0.9954839886841581,1.1212340588330054,1.0026673607528713,0.17653781199956242,0.23375130686320403,0.2760673432780253,0.36795119785727437,0.3675252904706031,0.0,0.0,0.0007,0.7940939551140065,1.4967552393204753,0.8225115563758523,1.6362440380627734,0.0,0.0,0.0,0.0,0.9827,0.0261,0.08037126511335373,0.029010399656985753,0.029010399656985746,1.0,False,55000.0,True,0.996884786681344,1.181358601706035,1.2066522762515173,1.013245293874418,1.1050983776543282,1.2406411301015234,1.1454245972172408,1.2293777972193127,6217912.95173295,6216533.711710679,True,False,False,False,False,empirical_only_under_ECC2019_stochastic_disturbance,1.0,0.0,0.0,0.4353000000000001,0.5647,0.0,0.0,2.9010399656985753,0.0002,1.1252614874357845,0.5234350569504368,-0.010093380839245682,"worst per-seed quantile, not pooled quantile",0.1,10.0,0.0,0.21237140815124533,0.2635450197744851,0.3046122697384918,-0.5505535304546356,0.01912054850254208,0.49644225239753725,0.3989150643348694,False,3838.0581113596563,3047.535841919362,4.821259692848423,3.9648561360154964,525.3,523.3,0.0,0.0,0.0,0.0,0.0,0.2,0.0261,823.5702747512623,1232.7312403471137,1.0348186127297079,1.693232814922857,520.3,614.1,0.0,0.0,0.0,0.0,0.0,0.0,0.0001,evaporation\evaporation_safe_sac\authority_cuda_seed42_100x1000\outputs_zanon2019_alpha010_seed42_100x1000\models\evaluation\episode_0055_actor.pth,True
0.1,60.0,,True,0.021258814352506154,-0.021258814352506154,True,True,0.011319329558078921,1.1912870922079803,0.9941459857091599,1.40902501292774,0.9967689132985365,1.1862199732856398,0.9980482675609276,1.1019339448558267,1.0025933285713091,0.18095923025681415,0.23565247737760622,0.2777764520365567,0.3695634581927768,0.3692406573520028,0.0,0.0,0.0007,0.8249610725486765,1.2887284503569112,0.858253613186724,1.4416726353320368,0.0,0.0,0.0,0.0,0.9827999999999999,0.0019,0.07322606146335602,0.025180347369459177,0.025180347369459177,1.0,False,60000.0,True,1.0094872276607236,1.1312948641497844,1.1919736017972868,1.0045261233543956,1.09271653895857,1.202896963113138,1.0568447614527938,1.1499631242593804,6217912.95173295,6216590.742270733,True,False,False,False,True,empirical_only_under_ECC2019_stochastic_disturbance,1.0,0.0,0.0,0.4405,0.5595000000000001,0.0,0.0,2.518034736945918,0.0001,1.0747806502056818,0.2800155425648915,-0.011319329558078921,"worst per-seed quantile, not pooled quantile",0.1,10.0,0.0,0.21237140815124533,0.2635450197744851,0.3046122697384918,-0.5368986457586289,-0.13484055995941163,0.43228256404399873,0.3327420800924301,False,3838.0581113596563,3166.1446379954136,4.821259692848423,4.137405407542781,525.3,529.9,0.0,0.0,0.0,0.0,0.0,0.1,0.0006000000000000001,823.5702747512623,1061.0591742163185,1.0348186127297079,1.49141376354419,520.3,588.1,0.0,0.0,0.0,0.0,0.0,0.0,0.0013999999999999998,evaporation\evaporation_safe_sac\authority_cuda_seed42_100x1000\outputs_zanon2019_alpha010_seed42_100x1000\models\evaluation\episode_0060_actor.pth,True
0.1,65.0,,True,0.02053450336023766,-0.02053450336023766,True,True,0.009857227396146816,1.2064947642168278,0.9813280974139469,1.4406013901409378,0.9785529326911415,1.1988623462512586,0.9883715868192999,1.1109519808194162,0.9951169875587367,0.17833012920322133,0.23475795876308841,0.27665011202125295,0.36942284201675957,0.36904240216909817,0.0,0.0,0.0007,0.8093452916841721,1.281052579359004,0.8421657489928839,1.45790967440681,0.0,0.0,0.0,0.0,0.9827999999999999,0.0103,0.07337381765246391,0.026123021190831548,0.026123021190831548,1.0,False,65000.0,True,1.0101276384751152,1.147217046076053,1.1991963080160093,0.9976055978690223,1.0939114308153872,1.2095771614160395,1.045198935521588,1.150037711699847,6217912.95173295,6216635.48952947,True,False,False,False,True,empirical_only_under_ECC2019_stochastic_disturbance,1.0,0.0,0.0,0.4383,0.5617,0.0,0.0,2.6123021190831546,0.00030000000000000003,1.0695551831684877,0.2875473435758318,-0.009857227396146816,"worst per-seed quantile, not pooled quantile",0.1,10.0,0.0,0.21237140815124533,0.2635450197744851,0.3046122697384918,-0.5229162514209748,-0.05711487047374249,0.4665393322706223,0.3356622695922852,False,3838.0581113596563,3106.130639309728,4.821259692848423,4.059859883034546,525.3,530.3,0.0,0.0,0.0,0.0,0.0,0.3,0.0101,823.5702747512623,1054.8459805701837,1.0348186127297079,1.5082843983392613,520.3,596.3,0.0,0.0,0.0,0.0,0.0,0.0,0.0004,evaporation\evaporation_safe_sac\authority_cuda_seed42_100x1000\outputs_zanon2019_alpha010_seed42_100x1000\models\evaluation\episode_0065_actor.pth,True
0.1,70.0,,True,0.01765494702477116,-0.01765494702477116,True,True,0.006161578700037002,1.1782874370077825,0.9958736981243353,1.377021017293049,0.9995408556882074,1.1727498776712328,0.9995060415373768,1.1082763101774844,1.0040646744856618,0.18333684995820576,0.24029249611508818,0.27936619634719423,0.37205473372990394,0.3715453908628863,0.0,0.0,0.0004,0.8043658729761025,1.3053195381984604,0.8391581284337736,1.4362658411290772,0.0,0.0,0.0,0.0,0.9827999999999999,0.016800000000000002,0.07396454140543937,0.02590392643908247,0.02590392643908247,1.0,False,70000.0,True,1.0080077779019165,1.1235172480087108,1.1629181162142195,1.0004069328247631,1.0870805675660589,1.1882809364906282,1.0548427055872813,1.1377119847814254,6217912.95173295,6216814.715889098,True,False,False,False,True,empirical_only_under_ECC2019_stochastic_disturbance,1.0,0.0,0.0,0.4373,0.5626999999999999,0.0,0.0,2.5903926439082463,0.0002,1.07096163657667,0.2844722564714573,-0.006161578700037002,"worst per-seed quantile, not pooled quantile",0.1,10.0,0.0,0.21237140815124533,0.2635450197744851,0.3046122697384918,-0.500093686580658,-0.11460498943924904,0.48642965257167814,0.3503162175416946,False,3838.0581113596563,3086.832684455781,4.821259692848423,4.0453863122260305,525.3,529.3,0.0,0.0,0.0,0.0,0.0,0.2,0.0147,823.5702747512623,1074.269486839797,1.0348186127297079,1.4851963004322488,520.3,584.1,0.0,0.0,0.0,0.0,0.0,0.0,0.0024000000000000002,evaporation\evaporation_safe_sac\authority_cuda_seed42_100x1000\outputs_zanon2019_alpha010_seed42_100x1000\models\evaluation\episode_0070_actor.pth,True
0.1,75.0,,True,0.021821757278794707,-0.021821757278794707,True,True,0.00956660131132364,1.2053610911031098,0.991245549885457,1.4395519435724744,0.9990891553365424,1.1987876659282846,0.9985580670623395,1.1041071904879178,1.004609392694705,0.18046315915941946,0.23551683962534142,0.27957853972440694,0.36864316020578036,0.36820216593445904,0.0,0.0,0.0006000000000000001,0.7995371620256695,1.2946318501777294,0.8304400144327584,1.4800079686222092,0.0,0.0,0.0,0.0,0.9828999999999999,0.009600000000000001,0.07243508249521255,0.02565090189792644,0.02565090189792644,1.0,False,75000.0,True,0.9831214505709187,1.1381229531138268,1.2019844414234582,1.0059714925486338,1.0983033204942834,1.2193205494545083,1.0470845061016996,1.1552239915274838,6217912.95173295,6216555.5569107365,True,False,False,False,True,empirical_only_under_ECC2019_stochastic_disturbance,1.0,0.0,0.0,0.442,0.5579999999999999,0.0,0.0,2.5650901897926435,0.0002,1.0726939132979916,0.29999294128083887,-0.00956660131132364,"worst per-seed quantile, not pooled quantile",0.1,10.0,0.0,0.21237140815124533,0.2635450197744851,0.3046122697384918,-0.517640870809555,-0.08879113495349884,0.4655217319726944,0.31632576882839203,False,3838.0581113596563,3067.9182175929386,4.821259692848423,4.0029597564229356,525.3,516.3,0.0,0.0,0.0,0.0,0.0,0.2,0.0071,823.5702747512623,1066.1091254987607,1.0348186127297079,1.5314082277273562,520.3,591.6,0.0,0.0,0.0,0.0,0.0,0.0,0.0026000000000000003,evaporation\evaporation_safe_sac\authority_cuda_seed42_100x1000\outputs_zanon2019_alpha010_seed42_100x1000\models\evaluation\episode_0075_actor.pth,True
0.1,80.0,,True,0.018869011939139348,-0.018869011939139348,True,True,0.008619993532640357,1.1857448778451052,0.9893838440119829,1.394500835482117,0.9929613130029014,1.1799332549020907,0.9957893108162027,1.106406318308193,1.0027329123220576,0.184963516787235,0.23748853601378994,0.2807867414280402,0.37103816767847464,0.37064698231180293,0.0,0.0,0.0006000000000000001,0.7967825984729933,1.3411349171746163,0.8277479659686886,1.5474964613111233,0.0,0.0,0.0,0.0,0.9828999999999999,0.016300000000000002,0.07262828126549721,0.025389455131756604,0.025389455131756604,1.0,False,80000.0,True,0.9896359332937816,1.136943798630365,1.1769076443410589,1.00105793916499,1.087564360928544,1.1937310742425091,1.068958757823805,1.187622213639906,6217912.95173295,6216739.100545275,True,False,False,False,True,empirical_only_under_ECC2019_stochastic_disturbance,1.0,0.0,0.0,0.4401,0.5599,0.0,0.0,2.5389455131756606,0.0,1.0782615593761744,0.3280945969463578,-0.008619993532640357,"worst per-seed quantile, not pooled quantile",0.1,10.0,0.0,0.21237140815124533,0.2635450197744851,0.3046122697384918,-0.4894526958465576,-0.04325221888720989,0.4626005172729492,0.3773022532463074,False,3838.0581113596563,3057.7598184777307,4.821259692848423,3.9903349840258273,525.3,519.6,0.0,0.0,0.0,0.0,0.0,0.0,0.011600000000000001,823.5702747512623,1104.4109372915432,1.0348186127297079,1.601441139932033,520.3,591.0,0.0,0.0,0.0,0.0,0.0,0.0,0.0047,evaporation\evaporation_safe_sac\authority_cuda_seed42_100x1000\outputs_zanon2019_alpha010_seed42_100x1000\models\evaluation\episode_0080_actor.pth,True
0.1,85.0,,True,0.017532360015532097,-0.017532360015532097,True,True,0.005465757157103605,1.17046450160802,0.9921612487205943,1.3670513730935272,0.9930159440432625,1.1681790851100697,0.9963005439154321,1.1037990513878069,1.00120395824545,0.18023127849893328,0.2319012116416535,0.27872143196025634,0.3724467353835915,0.3723799727890624,0.0,0.0,0.0006000000000000001,0.8012185751359178,1.3377736099057942,0.8285505398171777,1.5113654165400676,0.0,0.0,0.0,0.0,0.9828999999999999,0.025,0.07407039925456047,0.025509571380433044,0.025509571380433044,1.0,False,85000.0,True,0.9971946880555969,1.1257686285772288,1.179831087976143,0.9989064090591947,1.081312875164307,1.1800336585683948,1.0694960925208559,1.1699579781786227,6217912.95173295,6216821.9851089325,True,False,False,False,True,empirical_only_under_ECC2019_stochastic_disturbance,1.0,0.0,0.0,0.43879999999999997,0.5611999999999999,0.0,0.0,2.5509571380433047,0.0,1.0754044838425814,0.3095122919010124,-0.005465757157103605,"worst per-seed quantile, not pooled quantile",0.1,10.0,0.0,0.21237140815124533,0.2635450197744851,0.3046122697384918,-0.5219576627016067,-0.11609371900558471,0.44785737693309785,0.35925323367118833,False,3838.0581113596563,3074.821821116058,4.821259692848423,3.994417342967592,525.3,523.6,0.0,0.0,0.0,0.0,0.0,0.0,0.0214,823.5702747512623,1101.4208411121094,1.0348186127297079,1.5635533721299328,520.3,585.3,0.0,0.0,0.0,0.0,0.0,0.0,0.0036000000000000003,evaporation\evaporation_safe_sac\authority_cuda_seed42_100x1000\outputs_zanon2019_alpha010_seed42_100x1000\models\evaluation\episode_0085_actor.pth,True
0.1,90.0,,True,0.014342143544804592,-0.014342143544804592,True,True,0.0021841724816218993,1.1448137805389926,0.9985019616112893,1.3073063992144494,1.0044403418448409,1.1429803679276507,1.002077221908836,1.1005574369601245,1.005784775044842,0.18584784387250508,0.2367434968143254,0.2859377599298137,0.375186083255935,0.37477003116747587,0.0,0.0,0.0005,0.8142931447498063,1.2676683386165344,0.8386168969494652,1.4342146500765351,0.0,0.0,0.0,0.0,0.9828999999999999,0.009399999999999999,0.07153713777661323,0.024592491834767652,0.024592491834767655,1.0,False,90000.0,True,0.9905772656188117,1.1357521202380678,1.156350479917836,1.0054486309635124,1.071657871075141,1.1558733705296451,1.0409807416831702,1.1364157735130003,6217912.95173295,6217020.50907631,True,False,False,False,True,empirical_only_under_ECC2019_stochastic_disturbance,1.0,0.0,0.0,0.44049999999999995,0.5595,0.0,0.0,2.459249183476765,0.0,1.0563193063791556,0.21397498434033277,-0.0021841724816218993,"worst per-seed quantile, not pooled quantile",0.1,10.0,0.0,0.21237140815124533,0.2635450197744851,0.3046122697384918,-0.44427210092544556,-0.10882853269577027,0.48388645946979525,0.36621418297290803,False,3838.0581113596563,3124.2947457898736,4.821259692848423,4.04204447411184,525.3,519.9,0.0,0.0,0.0,0.0,0.0,0.0,0.0083,823.5702747512623,1043.7740590533592,1.0348186127297079,1.4836956442693363,520.3,590.4,0.0,0.0,0.0,0.0,0.0,0.0,0.0011,evaporation\evaporation_safe_sac\authority_cuda_seed42_100x1000\outputs_zanon2019_alpha010_seed42_100x1000\models\evaluation\episode_0090_actor.pth,True
0.1,95.0,,True,0.016413011961983803,-0.016413011961983803,True,True,0.0037644543419782343,1.156188882334624,0.9990958940542713,1.3325352085803956,1.0043557778016807,1.1536793371556915,1.0020978793728414,1.1018436267129876,1.0061979714485068,0.1838039937756868,0.23607114086530495,0.2828012817693423,0.3740260438409536,0.37388802722869735,0.0,0.0,0.0006000000000000001,0.8065939820999539,1.2523492885726761,0.8280064581803218,1.4202171587951704,0.0,0.0,0.0,0.0,0.9827999999999999,0.0037000000000000006,0.07081151455640793,0.024238393489428696,0.024238393489428696,1.0,False,95000.0,True,0.994999673917006,1.149131729288666,1.1705923866909447,1.0023374603785626,1.0776423881944477,1.1684454931910382,1.0294716353363151,1.1241118084877462,6217912.95173295,6216891.572783893,True,False,False,False,True,empirical_only_under_ECC2019_stochastic_disturbance,1.0,0.0,0.0,0.4405,0.5595000000000001,0.0,0.0,2.42383934894287,0.0,1.0535570117653814,0.2104431080207106,-0.0037644543419782343,"worst per-seed quantile, not pooled quantile",0.1,10.0,0.0,0.21237140815124533,0.2635450197744851,0.3046122697384918,-0.46392440497875215,-0.13881086707115173,0.46102974116802214,0.36811337172985076,False,3838.0581113596563,3094.793219639599,4.821259692848423,3.9910416863116134,525.3,522.5,0.0,0.0,0.0,0.0,0.0,0.0,0.0018000000000000002,823.5702747512623,1031.0768239917427,1.0348186127297079,1.469224868413164,520.3,597.3,0.0,0.0,0.0,0.0,0.0,0.0,0.0019000000000000002,evaporation\evaporation_safe_sac\authority_cuda_seed42_100x1000\outputs_zanon2019_alpha010_seed42_100x1000\models\evaluation\episode_0095_actor.pth,True
0.1,100.0,,True,0.023160883810746373,-0.023160883810746373,True,True,0.0094783965268545,1.1814623692834296,0.9890781867478611,1.390131262960892,0.9870894554136387,1.1770751424423447,0.9933839790184894,1.082130143730467,1.0006482523266311,0.17867556336036472,0.22868600899337085,0.2734106160609372,0.3692945747044461,0.3693548258414653,0.0,0.0,0.0006000000000000001,0.8257423187834704,1.315386010901846,0.8452016093635812,1.4961234985007155,0.0,0.0,0.0,0.0,0.9827999999999999,0.010100000000000001,0.06911458000540734,0.022758024042224757,0.022758024042224757,1.0,False,100000.0,True,0.9774724740695204,1.1277561939135723,1.1961876034011636,0.997219541708833,1.0852702780156454,1.1886103591872654,1.0705641648426583,1.1706625539321482,6217912.95173295,6216471.784832834,True,False,False,False,True,empirical_only_under_ECC2019_stochastic_disturbance,1.0,0.0,0.0,0.445,0.5549999999999999,0.0,0.0,2.2758024042224756,0.0,1.0779172214291517,0.2980594614197347,-0.0094783965268545,"worst per-seed quantile, not pooled quantile",0.1,10.0,0.0,0.21237140815124533,0.2635450197744851,0.3046122697384918,-0.5223831564188004,-0.15311568081378937,0.376534241437912,0.3462679982185364,False,3838.0581113596563,3168.7326819210116,4.821259692848423,4.07439452476188,525.3,513.1,0.0,0.0,0.0,0.0,0.0,0.0,0.0081,823.5702747512623,1082.970044048845,1.0348186127297079,1.5478263373564922,520.3,586.2,0.0,0.0,0.0,0.0,0.0,0.0,0.002,evaporation\evaporation_safe_sac\authority_cuda_seed42_100x1000\outputs_zanon2019_alpha010_seed42_100x1000\models\evaluation\episode_0100_actor.pth,True
0.2,10.0,,True,0.03608600304591253,-0.03608600304591253,True,True,0.02225056860563759,1.4718017142907396,0.9837630247093199,2.1592426687972686,1.0548479215722755,1.467274347193291,1.0111486270901564,1.2650615233360702,1.003628425288755,0.13193860262008528,0.19362999314476873,0.2517842697843108,0.35622987169648535,0.3576218093089906,0.0,0.0,0.0037000000000000006,0.7903315896609728,2.519679310529713,0.8196274824903405,2.845875905482838,0.0,0.0,0.0,0.0,0.9827,0.04429999999999999,0.15697780400514602,0.05929448105220318,0.05929448105220318,1.0,False,10000.0,True,1.0282620921595327,1.136210357391263,1.3982429217028662,1.0380951199845083,1.2277823695000296,1.607045295184772,1.6550054500953428,1.832751693986589,6217912.95173295,6215668.707766534,True,False,False,False,True,empirical_only_under_ECC2019_stochastic_disturbance,1.0,0.0,0.0,0.3811,0.6189,0.0,0.0,5.9294481052203185,0.0,1.4413939097976862,1.8236070431069222,-0.02225056860563759,"worst per-seed quantile, not pooled quantile",0.2,10.0,0.0,0.21237140815124533,0.2635450197744851,0.3046122697384918,-0.5803728580474854,0.04766191149537917,0.4497101902961731,0.3818860113620758,False,3838.0581113596563,3031.211709165025,4.821259692848423,3.948949894964765,525.3,539.7,0.0,0.0,0.0,0.0,0.0,0.0,0.030500000000000006,823.5702747512623,2074.8314392248403,1.0348186127297079,2.944501962061706,520.3,590.5,0.0,0.0,0.0,0.0,0.0,0.0,0.013900000000000001,evaporation\evaporation_safe_sac\authority_cuda_seed42_100x1000\outputs_zanon2019_alpha020_seed42_100x1000\models\evaluation\episode_0010_actor.pth,True
0.2,15.0,,True,0.05941331099559092,-0.05941331099559092,True,True,0.03578977658486789,1.6818587737815638,1.0210347108824702,2.748077993420069,1.0849707431783817,1.6534967934752764,1.0366492535433676,1.3059302675262727,1.0441856385463084,0.12510402154084943,0.18263795187881388,0.22650496885206603,0.34457014875119885,0.3458093877557884,0.0,0.0,0.0060999999999999995,0.8204855091014395,1.9388702183260211,0.8408031083078805,2.13359004727009,0.0,0.0,0.0,0.0,0.9822,0.0098,0.1610886797308922,0.061305989020986704,0.061305989020986704,1.0,False,15000.0,True,1.0185093036468178,1.158454775981207,1.471233797955009,1.04786884113186,1.351446742332017,1.9165243682992255,1.3796778637137304,1.4871965777889853,6217912.95173295,6214218.511332383,True,False,False,False,True,empirical_only_under_ECC2019_stochastic_disturbance,1.0,0.0,0.0,0.37479999999999997,0.6252000000000001,0.0,0.0,6.130598902098671,0.00030000000000000003,1.3655623030228736,1.437232623526083,-0.03578977658486789,"worst per-seed quantile, not pooled quantile",0.2,10.0,0.0,0.21237140815124533,0.2635450197744851,0.3046122697384918,-0.6073731780052185,-0.17412225753068925,0.47307286858558656,0.29303796887397765,False,3838.0581113596563,3147.3698588521506,4.821259692848423,4.051954412659594,525.3,534.6,0.0,0.0,0.0,0.0,0.0,0.3,0.008900000000000002,823.5702747512623,1596.4211053444856,1.0348186127297079,2.2072672802052504,520.3,602.2,0.0,0.0,0.0,0.0,0.0,0.0,0.0009000000000000001,evaporation\evaporation_safe_sac\authority_cuda_seed42_100x1000\outputs_zanon2019_alpha020_seed42_100x1000\models\evaluation\episode_0015_actor.pth,True
0.2,20.0,,True,0.040776780614965466,-0.040776780614965466,True,True,0.017903649909351022,1.4763960406657557,0.9989460377605701,2.1462979773618787,1.0257187599138,1.4622299846879918,1.0107964045007598,1.262901185515461,1.020609345321377,0.15879518993811104,0.21002133202175138,0.24887261628348956,0.35667984641202455,0.356826320568101,0.0,0.0,0.0026000000000000003,0.8225446314963298,2.1549361860310334,0.850800987243975,2.360304260149546,0.0,0.0,0.0,0.0,0.9827999999999999,0.004200000000000001,0.1523972600698471,0.054968902525181385,0.054968902525181385,1.0,False,20000.0,True,0.9760810943716833,1.1207213972291588,1.3524388528006337,1.0194559902740346,1.237671039213163,1.5860083686378394,1.4887404087636815,1.6055526236967606,6217912.95173295,6215376.673233543,True,False,False,False,True,empirical_only_under_ECC2019_stochastic_disturbance,1.0,0.0,0.0,0.3943,0.6056999999999999,0.0,0.0,5.496890252518137,0.0002,1.3632057239884223,1.4331909438380368,-0.017903649909351022,"worst per-seed quantile, not pooled quantile",0.2,10.0,0.0,0.21237140815124533,0.2635450197744851,0.3046122697384918,-0.4156044632196426,-0.18520282804965973,0.5623676419258118,0.35419792830944063,False,3838.0581113596563,3154.511595591699,4.821259692848423,4.0988486789728835,525.3,512.2,0.0,0.0,0.0,0.0,0.0,0.2,0.0038,823.5702747512623,1774.6805362685707,1.0348186127297079,2.4420109430911223,520.3,582.3,0.0,0.0,0.0,0.0,0.0,0.0,0.0004,evaporation\evaporation_safe_sac\authority_cuda_seed42_100x1000\outputs_zanon2019_alpha020_seed42_100x1000\models\evaluation\episode_0020_actor.pth,True
0.2,25.0,,True,0.0684821999914205,-0.0684821999914205,True,True,0.04771818762892403,1.8509408476004041,0.9876303957673598,3.2139462826404497,1.0717010571273238,1.7865162676733521,1.0154696156559606,1.2935235897129913,1.0064133477187285,0.10489319650972107,0.17432595660810826,0.2296281177426783,0.33535575421183716,0.33561763654013854,0.0,0.0,0.0091,0.7629655310594405,2.0733586162751463,0.7961754340349276,2.3001584085581355,0.0,0.0,0.0,0.0,0.9824999999999999,0.0722,0.16537994891405106,0.06480291099803033,0.06480291099803034,1.0,False,25000.0,True,1.030693756789112,1.145733380763624,1.5421868173910105,1.0402266679820789,1.419285621683882,2.142823669883887,1.4181620736672933,1.5481669212965317,6217912.95173295,6213653.497058076,True,False,False,False,True,empirical_only_under_ECC2019_stochastic_disturbance,1.0,0.0,0.0,0.3645,0.6355000000000001,0.0,0.0,6.480291099803033,0.0,1.4187238476755877,1.7628465018623654,-0.04771818762892403,"worst per-seed quantile, not pooled quantile",0.2,10.0,0.0,0.21237140815124533,0.2635450197744851,0.3046122697384918,-0.6784889459609985,-0.042996928095817566,0.4186512380838394,0.3240723431110382,False,3838.0581113596563,2927.483329040742,4.821259692848423,3.8377055806925577,525.3,541.0,0.0,0.0,0.0,0.0,0.0,0.0,0.0718,823.5702747512623,1707.4728375744412,1.0348186127297079,2.3795831635824247,520.3,595.5,0.0,0.0,0.0,0.0,0.0,0.0,0.0004,evaporation\evaporation_safe_sac\authority_cuda_seed42_100x1000\outputs_zanon2019_alpha020_seed42_100x1000\models\evaluation\episode_0025_actor.pth,True
0.2,30.0,,True,0.06290761076594875,-0.06290761076594875,True,True,0.03833717188313897,1.709722907302845,1.003034773943937,2.832764789620262,1.0338478919275782,1.6779755265778458,1.0139708887712067,1.3217360546028882,1.0247426205329138,0.11415014237817545,0.1738043900527762,0.22506358816758762,0.34375633463717853,0.3441571221601455,0.0,0.0,0.0075,0.7379200460542766,2.200022856568234,0.7709882704395883,2.4884984089385638,0.0,0.0,0.0,0.0,0.9828999999999999,0.033900000000000007,0.16399636268615722,0.062722040946974,0.062722040946974,1.0,False,30000.0,True,1.018517751570256,1.1165369480318115,1.5014857312443701,1.0149496589667941,1.356378840623391,1.9333063407739202,1.4689714513112553,1.629743339689076,6217912.95173295,6214001.202685173,True,False,False,False,True,empirical_only_under_ECC2019_stochastic_disturbance,1.0,0.0,0.0,0.3747,0.6253000000000001,0.0,0.0,6.2722040946974005,0.0,1.4126751459673232,1.7150130858957169,-0.03833717188313897,"worst per-seed quantile, not pooled quantile",0.2,10.0,0.0,0.21237140815124533,0.2635450197744851,0.3046122697384918,-0.573101282119751,-0.23390957117080688,0.4681752771139145,0.3511958599090576,False,3838.0581113596563,2830.0793605176927,4.821259692848423,3.714583399711011,525.3,534.6,0.0,0.0,0.0,0.0,0.0,0.0,0.032900000000000006,823.5702747512623,1811.0478374569425,1.0348186127297079,2.5735485182477307,520.3,580.6,0.0,0.0,0.0,0.0,0.0,0.0,0.0010000000000000002,evaporation\evaporation_safe_sac\authority_cuda_seed42_100x1000\outputs_zanon2019_alpha020_seed42_100x1000\models\evaluation\episode_0030_actor.pth,True
0.2,35.0,,True,0.0631490622297693,-0.0631490622297693,True,True,0.04067474584604993,1.8098842469177838,1.0054698909033648,3.090370445521774,1.0927133242383156,1.753254593464788,1.0302831566869792,1.3359646082498953,1.0231202610134664,0.11052349518080362,0.18648324752666576,0.23126031974908354,0.33956321614860924,0.3393040923130746,0.0,0.0,0.0079,0.7324856365784641,2.2962272739789915,0.7560794654872882,2.580653384581888,0.0,0.0,0.0,0.0,0.9824999999999999,0.034199999999999994,0.16530545353889464,0.06583145241228557,0.06583145241228557,1.0,False,35000.0,True,1.0009691488380885,1.1519698770483418,1.5002770683687616,1.0504728693161942,1.4076770689105742,2.091541884880045,1.5143564552787279,1.6683664250345882,6217912.95173295,6213985.538400201,True,False,False,False,True,empirical_only_under_ECC2019_stochastic_disturbance,1.0,0.0,0.0,0.368,0.632,0.0,0.0,6.583145241228555,0.0,1.461016762094651,1.9424512573645345,-0.04067474584604993,"worst per-seed quantile, not pooled quantile",0.2,10.0,0.0,0.21237140815124533,0.2635450197744851,0.3046122697384918,-0.591569572687149,-0.0824394803494215,0.5060318827629089,0.35297679603099824,False,3838.0581113596563,2809.169862192943,4.821259692848423,3.6422932367318266,525.3,525.6,0.0,0.0,0.0,0.0,0.0,0.0,0.0341,823.5702747512623,1890.9349955657526,1.0348186127297079,2.669918267996718,520.3,598.9,0.0,0.0,0.0,0.0,0.0,0.0,0.0001,evaporation\evaporation_safe_sac\authority_cuda_seed42_100x1000\outputs_zanon2019_alpha020_seed42_100x1000\models\evaluation\episode_0035_actor.pth,True
0.2,40.0,,True,0.05186936597837753,-0.05186936597837753,True,True,0.03585684807540101,1.6264840699364562,1.0241963922442832,2.579908429672738,1.0820566579670468,1.6011937085523489,1.037070773672932,1.3194435908637694,1.0473650116293298,0.11605768542702677,0.18876608700713568,0.23978539554461786,0.34921733691730295,0.34959551248983073,0.0,0.0,0.005699999999999999,0.7316335688349508,2.33206377728346,0.7578075754389821,2.608946888534322,0.0,0.0,0.0,0.0,0.9824999999999999,0.0107,0.1625821605324745,0.060797907865766734,0.060797907865766734,1.0,False,40000.0,True,0.973410690165012,1.1372438609399835,1.462622894180018,1.058296575426666,1.3253402310903697,1.8309825438198923,1.5318486730592054,1.6833772319866522,6217912.95173295,6214687.649897171,True,False,False,False,True,empirical_only_under_ECC2019_stochastic_disturbance,1.0,0.0,0.0,0.3872,0.6128,0.0,0.0,6.079790786576674,0.0,1.4285944520747875,1.766844108551036,-0.03585684807540101,"worst per-seed quantile, not pooled quantile",0.2,10.0,0.0,0.21237140815124533,0.2635450197744851,0.3046122697384918,-0.535291901230812,-0.21672146618366242,0.4833291620016098,0.3835902750492096,False,3838.0581113596563,2806.038136138196,4.821259692848423,3.6509361935575955,525.3,511.3,0.0,0.0,0.0,0.0,0.0,0.0,0.0085,823.5702747512623,1919.5410304690351,1.0348186127297079,2.6978686338136386,520.3,591.2,0.0,0.0,0.0,0.0,0.0,0.0,0.0021999999999999997,evaporation\evaporation_safe_sac\authority_cuda_seed42_100x1000\outputs_zanon2019_alpha020_seed42_100x1000\models\evaluation\episode_0040_actor.pth,True
0.2,45.0,,True,0.07766349266202557,-0.07766349266202557,True,True,0.049157644709640784,1.9407854871750068,1.0021298193777788,3.523506158366696,1.0483292526077435,1.8676133747901527,1.0182121454268722,1.3541216393485123,1.0311312435506197,0.10437424298763887,0.16389370670436573,0.21331166055706882,0.33302861069829903,0.3332578087063512,0.0,0.0,0.0154,0.7086240698826798,2.043321190565598,0.7320885608277098,2.3139503376669928,0.0,0.0,0.0,0.0,0.9827999999999999,0.014499999999999999,0.16172243654727936,0.06368698157168177,0.06368698157168177,1.0,False,45000.0,True,0.9877624191422292,1.1442183345339247,1.596150811845932,1.0328758612420408,1.4714576532763928,2.2859177054872197,1.375972630224139,1.5230194492473512,6217912.95173295,6213083.389990101,True,False,False,False,True,empirical_only_under_ECC2019_stochastic_disturbance,1.0,0.0,0.0,0.3719,0.6281,0.0,0.0,6.368698157168177,0.0,1.4237151417502658,1.7955444571870784,-0.049157644709640784,"worst per-seed quantile, not pooled quantile",0.2,10.0,0.0,0.21237140815124533,0.2635450197744851,0.3046122697384918,-0.5742923974990845,-0.19212041050195694,0.4727745682001114,0.34988386929035187,False,3838.0581113596563,2717.8982482945307,4.821259692848423,3.5276054804927233,525.3,518.7,0.0,0.0,0.0,0.0,0.0,0.0,0.014299999999999998,823.5702747512623,1681.5839979099096,1.0348186127297079,2.3924646008271937,520.3,594.8,0.0,0.0,0.0,0.0,0.0,0.0,0.0002,evaporation\evaporation_safe_sac\authority_cuda_seed42_100x1000\outputs_zanon2019_alpha020_seed42_100x1000\models\evaluation\episode_0045_actor.pth,True
0.2,50.0,,True,0.09378725064973129,-0.09378725064973129,True,True,0.06735943024222771,2.229478713820907,0.9733353085538562,4.450670524087113,1.0175746745214982,2.1021330573896955,0.9959094200683449,1.374825687290205,1.000097526205606,0.09220340289570927,0.15131013883807998,0.20299036898185568,0.319753331619789,0.3192049195426282,0.0,0.00030000000000000003,0.023,0.7375174083509765,2.1121914119954663,0.7485597616157061,2.3565520308348575,0.0,0.0,0.0,0.0,0.9827999999999999,0.1802,0.17552550733089448,0.07081436083708335,0.07081436083708335,1.0,False,50000.0,True,1.0468543273051825,1.1202816137031353,1.6567037468276236,1.0131265160378815,1.6014070111873817,2.7341225993043055,1.4248544101732215,1.552555896225282,6217912.95173295,6212080.857019542,True,False,False,False,True,empirical_only_under_ECC2019_stochastic_disturbance,1.0,0.0,0.0,0.3579,0.6421,0.0,0.0,7.081436083708337,0.0,1.5131307106803016,2.1603085538666247,-0.06735943024222771,"worst per-seed quantile, not pooled quantile",0.2,10.0,0.0,0.21237140815124533,0.2635450197744851,0.3046122697384918,-0.7031271696090698,-0.17840627878904342,0.4249379068613052,0.3382054716348648,False,3838.0581113596563,2830.315102839418,4.821259692848423,3.608546403253107,525.3,549.6,0.0,0.0,0.0,0.0,0.0,0.0,0.17559999999999998,823.5702747512623,1738.7595187090615,1.0348186127297079,2.4371653338850296,520.3,582.4,0.0,0.0,0.0,0.0,0.0,0.0,0.0046,evaporation\evaporation_safe_sac\authority_cuda_seed42_100x1000\outputs_zanon2019_alpha020_seed42_100x1000\models\evaluation\episode_0050_actor.pth,True
0.2,55.0,,True,0.059020415580009075,-0.059020415580009075,True,True,0.027534748044087225,1.7383945465688124,1.0015020289399705,2.921252666574806,1.0323384872476598,1.7059771115161637,1.013978023762929,1.3971797534411583,1.0264471974052918,0.1167299958570851,0.1741232468222718,0.23152515414810146,0.34599926594409497,0.3463982912698803,0.0,0.0,0.0091,0.6439826685550332,1.9544473077352849,0.6705729954889221,2.2408186940074644,0.0,0.0,0.0,0.0,0.9823999999999999,0.0269,0.1480542689561844,0.05979097522509963,0.05979097522509963,1.0,False,55000.0,True,0.9881569724141448,1.1495917252292576,1.5202785449861564,1.010717811856661,1.3699482877543914,1.9767955769112329,1.2992149881451591,1.4556958447481931,6217912.95173295,6214243.42286284,True,False,False,False,True,empirical_only_under_ECC2019_stochastic_disturbance,1.0,0.0,0.0,0.3665,0.6335,0.0,0.0,5.979097522509964,0.0,1.3345816379497752,1.4942773722586207,-0.027534748044087225,"worst per-seed quantile, not pooled quantile",0.2,10.0,0.0,0.21237140815124533,0.2635450197744851,0.3046122697384918,-0.4428319275379181,-0.1696561262011528,0.554667741060257,0.31262003183364867,False,3838.0581113596563,2470.4427229213734,4.821259692848423,3.2316131619692428,525.3,518.8,0.0,0.0,0.0,0.0,0.0,0.0,0.0262,823.5702747512623,1608.8568100406133,1.0348186127297079,2.317459435070891,520.3,597.6,0.0,0.0,0.0,0.0,0.0,0.0,0.0007,evaporation\evaporation_safe_sac\authority_cuda_seed42_100x1000\outputs_zanon2019_alpha020_seed42_100x1000\models\evaluation\episode_0055_actor.pth,True
0.2,60.0,,True,0.04170557067474634,-0.04170557067474634,True,True,0.015621026937567718,1.5060602755048014,1.037577820303949,2.2752958417576172,1.089161764751698,1.504737294834203,1.0430112793949156,1.3277320448393215,1.0467118423458324,0.13484962569923198,0.19101313940732292,0.24425836789003394,0.3575866804222419,0.3587868427928768,0.0,0.0,0.004999999999999999,0.6593192942597702,1.7370870228764574,0.6889747871794188,2.0373265808087453,0.0,0.0,0.0,0.0,0.9823999999999999,0.010499999999999999,0.14504776895046234,0.0536238301031816,0.05362383010318159,1.0,False,60000.0,True,0.9622524373757984,1.1270267929390811,1.4237314454525452,1.0400715992621996,1.2718190479043752,1.6822288032546577,1.1982031585681139,1.3631506839940821,6217912.95173295,6215320.017089931,True,False,False,False,True,empirical_only_under_ECC2019_stochastic_disturbance,1.0,0.0,0.0,0.3867,0.6133,0.0,0.0,5.36238301031816,0.0,1.2350111032362445,1.044636345199547,-0.015621026937567718,"worst per-seed quantile, not pooled quantile",0.2,10.0,0.0,0.21237140815124533,0.2635450197744851,0.3046122697384918,-0.4667226344347,-0.21029509752988815,0.4898223102092743,0.31347976326942445,False,3838.0581113596563,2529.0588312169243,4.821259692848423,3.3203231773024817,525.3,505.0,0.0,0.0,0.0,0.0,0.0,0.0,0.009899999999999999,823.5702747512623,1429.3288978298094,1.0348186127297079,2.106270923742423,520.3,585.7,0.0,0.0,0.0,0.0,0.0,0.0,0.0006000000000000001,evaporation\evaporation_safe_sac\authority_cuda_seed42_100x1000\outputs_zanon2019_alpha020_seed42_100x1000\models\evaluation\episode_0060_actor.pth,True
0.2,65.0,,True,0.08047262471115117,-0.08047262471115117,True,True,0.05606618633289058,2.039893360053859,0.9944402834963968,3.850006123615242,1.0618822306485813,1.9581799913160096,1.0184146580768745,1.383177021124986,1.016284526694029,0.10454040005925691,0.16154969397075813,0.21305716215005432,0.3284722377089335,0.3289518487973117,0.0,0.0,0.0171,0.6544815707638085,1.828961131317163,0.68146165812664,2.0355631152551767,0.0,0.0,0.0,0.0,0.9824999999999999,0.0566,0.15167091637849808,0.06256408176683176,0.06256408176683174,1.0,False,65000.0,True,0.98602025161223,1.137855261109852,1.633612803199664,1.0332561993183946,1.517166821775128,2.4559441771319115,1.2417213510404856,1.3585123866909083,6217912.95173295,6212908.806449756,True,False,False,False,True,empirical_only_under_ECC2019_stochastic_disturbance,1.0,0.0,0.0,0.3658,0.6342,0.0,0.0,6.256408176683175,0.0,1.3794440864078068,1.6948206923464006,-0.05606618633289058,"worst per-seed quantile, not pooled quantile",0.2,10.0,0.0,0.21237140815124533,0.2635450197744851,0.3046122697384918,-0.5795288681983948,-0.10962573364377022,0.4728365808725357,0.26891546994447707,False,3838.0581113596563,2510.7781517884787,4.821259692848423,3.284356305153351,525.3,517.6,0.0,0.0,0.0,0.0,0.0,0.0,0.056499999999999995,823.5702747512623,1505.7511330398852,1.0348186127297079,2.1054923356170123,520.3,591.6,0.0,0.0,0.0,0.0,0.0,0.0,0.0001,evaporation\evaporation_safe_sac\authority_cuda_seed42_100x1000\outputs_zanon2019_alpha020_seed42_100x1000\models\evaluation\episode_0065_actor.pth,True
0.2,70.0,,True,0.07470701528660909,-0.07470701528660909,True,True,0.04932317463850544,1.9525267507707298,1.0047313988965945,3.5930667451687484,1.0628840371749733,1.8848279958122205,1.025268451990289,1.3759050544317077,1.03965255362204,0.10990541258341224,0.16166995753292807,0.20929084080536686,0.33280714237792175,0.33328277033512743,0.0,0.0,0.017900000000000003,0.6623147019614184,1.6664520054692928,0.6847523569916014,1.894392046616386,0.0,0.0,0.0,0.0,0.9825999999999999,0.0091,0.14994024485349655,0.05929619692009787,0.059296196920097854,1.0,False,70000.0,True,0.9608545025595525,1.1487593640440983,1.609416464733713,1.0459065294763532,1.4786290748336621,2.3279753911718606,1.1643833537153556,1.2895722018039937,6217912.95173295,6213266.9178546425,True,False,False,False,True,empirical_only_under_ECC2019_stochastic_disturbance,1.0,0.0,0.0,0.3887,0.6113000000000001,0.0,0.0,5.929619692009786,0.0001,1.3215062142745089,1.4293667976882842,-0.04932317463850544,"worst per-seed quantile, not pooled quantile",0.2,10.0,0.0,0.21237140815124533,0.2635450197744851,0.3046122697384918,-0.5011306524276733,-0.16831341981887818,0.5156493484973907,0.28654957115650176,False,3838.0581113596563,2540.353745330588,4.821259692848423,3.2994039138186553,525.3,504.5,0.0,0.0,0.0,0.0,0.0,0.1,0.0085,823.5702747512623,1371.541185606705,1.0348186127297079,1.9590177636021042,520.3,597.2,0.0,0.0,0.0,0.0,0.0,0.0,0.0006000000000000001,evaporation\evaporation_safe_sac\authority_cuda_seed42_100x1000\outputs_zanon2019_alpha020_seed42_100x1000\models\evaluation\episode_0070_actor.pth,True
0.2,75.0,,True,0.06832148060652068,-0.06832148060652068,True,True,0.041351909233174715,1.8800889504650553,1.003278760642163,3.355944894849132,1.0634327037174092,1.8239551098425029,1.02412473457056,1.3807538000348216,1.0329311778783938,0.10623361374496199,0.16990908950796146,0.21947864210819662,0.33707805853942746,0.3378165285540753,0.0,0.0,0.013800000000000002,0.6346465708087237,1.694329792342975,0.6540785435192709,1.9021849393185661,0.0,0.0,0.0,0.0,0.9823999999999999,0.0175,0.1477362647652626,0.05961923874282386,0.05961923874282386,1.0,False,75000.0,True,0.964633632716194,1.142477040202606,1.592202580698407,1.0419673714897564,1.4416838555536091,2.2096887992832706,1.1644881815758494,1.2781317414189184,6217912.95173295,6213663.65681906,True,False,False,False,True,empirical_only_under_ECC2019_stochastic_disturbance,1.0,0.0,0.0,0.3799,0.6201000000000001,0.0,0.0,5.961923874282386,0.0001,1.3030860185647293,1.3891859998779914,-0.041351909233174715,"worst per-seed quantile, not pooled quantile",0.2,10.0,0.0,0.21237140815124533,0.2635450197744851,0.3046122697384918,-0.4986586421728134,-0.131698127835989,0.5132887721061706,0.2942502498626709,False,3838.0581113596563,2434.224865775682,4.821259692848423,3.151833388449169,525.3,506.3,0.0,0.0,0.0,0.0,0.0,0.1,0.0171,823.5702747512623,1394.3460195523405,1.0348186127297079,1.9667203642181743,520.3,593.9,0.0,0.0,0.0,0.0,0.0,0.0,0.0004,evaporation\evaporation_safe_sac\authority_cuda_seed42_100x1000\outputs_zanon2019_alpha020_seed42_100x1000\models\evaluation\episode_0075_actor.pth,True
0.2,80.0,,True,0.03610101971416045,-0.03610101971416045,True,True,-6.535019269303844e-05,1.5294742252671079,1.0134820228995918,2.3682974699048436,1.0430543690796283,1.5300538401956312,1.0210347380400742,1.3446755193635365,1.0285205247461398,0.1284153520350877,0.1873797605238628,0.24085447914462535,0.3576873716040027,0.35978849331808205,0.0,0.0,0.0063,0.6426075331742804,1.627294794599118,0.6687079337150139,1.8355764043417928,0.0,0.0,0.0,0.0,0.9824999999999999,0.0057,0.13532443195581437,0.05098601375034871,0.050986013750348703,1.0,False,80000.0,True,0.936777212808073,1.1445300570675434,1.467753069058134,1.0268905413896705,1.27147812408335,1.705675919492236,1.1349511638866994,1.2521421690284034,6217912.95173295,6215665.965309262,True,False,False,False,True,empirical_only_under_ECC2019_stochastic_disturbance,1.0,0.0,0.0,0.39840000000000003,0.6016,0.0,0.0,5.09860137503487,0.0,1.2032146439850246,0.9567690198662258,6.535019269303844e-05,"worst per-seed quantile, not pooled quantile",0.2,10.0,0.0,0.21237140815124533,0.2635450197744851,0.3046122697384918,-0.38267168402671814,-0.21668028682470322,0.5107871741056442,0.25974760502576827,False,3838.0581113596563,2465.2689678939923,4.821259692848423,3.2229874562231964,525.3,491.7,0.0,0.0,0.0,0.0,0.0,0.0,0.005200000000000001,823.5702747512623,1339.0427275879317,1.0348186127297079,1.8979785172570895,520.3,594.9,0.0,0.0,0.0,0.0,0.0,0.0,0.0005,evaporation\evaporation_safe_sac\authority_cuda_seed42_100x1000\outputs_zanon2019_alpha020_seed42_100x1000\models\evaluation\episode_0080_actor.pth,True
0.2,85.0,,True,0.06762230102771676,-0.06762230102771676,True,True,0.03269453972114356,1.8953341891922448,0.9757423908114597,3.4103004200136082,0.997984492502963,1.8356502120793128,0.9945290058519156,1.3484000822541307,1.0090406021758453,0.1040680088353696,0.17079345717155112,0.21802271371616833,0.33495171315328537,0.3362691511734516,0.0,0.0,0.013699999999999999,0.6823534773339222,1.60937307992244,0.6974098138273174,1.795103894261591,0.0,0.0,0.0,0.0,0.9823999999999999,0.0357,0.15136364847421646,0.06030551565075718,0.06030551565075718,1.0,False,85000.0,True,0.9924360441730252,1.1123531023885318,1.5796637329478347,1.0109629750559845,1.4355382900018523,2.2041424562582854,1.145863278628181,1.246256854044454,6217912.95173295,6213706.056332226,True,False,False,False,True,empirical_only_under_ECC2019_stochastic_disturbance,1.0,0.0,0.0,0.3716,0.6284,0.0,0.0,6.030551565075717,0.0,1.2907007843150167,1.3047072691146844,-0.03269453972114356,"worst per-seed quantile, not pooled quantile",0.2,10.0,0.0,0.21237140815124533,0.2635450197744851,0.3046122697384918,-0.5808579862117768,-0.19237300902605056,0.4589777231216431,0.2391218513250351,False,3838.0581113596563,2617.323118364935,4.821259692848423,3.3603285266670007,525.3,521.0,0.0,0.0,0.0,0.0,0.0,0.0,0.0344,823.5702747512623,1324.6054051960798,1.0348186127297079,1.8561199216248379,520.3,578.1,0.0,0.0,0.0,0.0,0.0,0.0,0.0013000000000000002,evaporation\evaporation_safe_sac\authority_cuda_seed42_100x1000\outputs_zanon2019_alpha020_seed42_100x1000\models\evaluation\episode_0085_actor.pth,True
0.2,90.0,,True,0.07899784806994983,-0.07899784806994983,True,True,0.04729339768156812,1.998735618390588,0.9790200785251797,3.7039355250600456,1.0133770184671325,1.911989131320094,0.9988221687375913,1.3377510688728766,1.0079842510840034,0.1070720691118261,0.1583323043421655,0.20823986396926025,0.3297414961548409,0.33035186999785504,0.0,0.0,0.017300000000000003,0.6351827590028257,1.4136641473880376,0.6554503868490371,1.5989637685300906,0.0,0.0,0.0,0.0,0.9824999999999999,0.009999999999999998,0.13739992678165436,0.05623738542335961,0.05623738542335961,1.0,False,90000.0,True,0.9701952511400362,1.1356771893141802,1.626501103359176,1.0214135386629049,1.488877848457884,2.3586562717635893,1.0244234531954317,1.127207077689564,6217912.95173295,6212999.307114625,True,False,False,False,True,empirical_only_under_ECC2019_stochastic_disturbance,1.0,0.0,0.0,0.3799,0.6201,0.0,0.0,5.6237385423359605,0.0,1.256650650826658,1.2201443135456291,-0.04729339768156812,"worst per-seed quantile, not pooled quantile",0.2,10.0,0.0,0.21237140815124533,0.2635450197744851,0.3046122697384918,-0.5078985333442688,-0.14079583138227464,0.47978233098983764,0.21027358919382094,False,3838.0581113596563,2435.81208671822,4.821259692848423,3.1578368358319198,525.3,509.1,0.0,0.0,0.0,0.0,0.0,0.0,0.0095,823.5702747512623,1163.9007515977198,1.0348186127297079,1.653882306526976,520.3,590.3,0.0,0.0,0.0,0.0,0.0,0.0,0.0005,evaporation\evaporation_safe_sac\authority_cuda_seed42_100x1000\outputs_zanon2019_alpha020_seed42_100x1000\models\evaluation\episode_0090_actor.pth,True
0.2,95.0,,True,0.08984655237043242,-0.08984655237043242,True,True,0.0531034180086549,2.173702543304297,0.9647262501214897,4.253626989892806,0.9975391708079115,2.050663252600227,0.9876743384462072,1.3386093358828992,0.999815643584488,0.09393436110785913,0.14560009820286487,0.20104587137572896,0.3214266698367652,0.32208525358919304,0.0,0.0001,0.021599999999999998,0.6383282842885069,1.60888675368006,0.6552126834490484,1.8212475570273778,0.0,0.0,0.0,0.0,0.9824999999999999,0.0193,0.1501827657222748,0.061707356703426586,0.0617073567034266,1.0,False,95000.0,True,0.9963717835785344,1.123919236174083,1.6773415975789185,1.0087642257563847,1.5692143967128933,2.6255830803503586,1.1236075189842833,1.238230120238213,6217912.95173295,6212324.828662378,True,False,False,False,True,empirical_only_under_ECC2019_stochastic_disturbance,1.0,0.0,0.0,0.36829999999999996,0.6317,0.0,0.0,6.170735670342659,0.0,1.3464109578485883,1.5927231292128907,-0.0531034180086549,"worst per-seed quantile, not pooled quantile",0.2,10.0,0.0,0.21237140815124533,0.2635450197744851,0.3046122697384918,-0.6078072845935821,-0.14865695983171462,0.43627114593982697,0.2439819574356079,False,3838.0581113596563,2448.028971593595,4.821259692848423,3.1567787112065484,525.3,523.0,0.0,0.0,0.0,0.0,0.0,0.0,0.0166,823.5702747512623,1324.3486858231431,1.0348186127297079,1.8833066135622212,520.3,584.0,0.0,0.0,0.0,0.0,0.0,0.0,0.0027,evaporation\evaporation_safe_sac\authority_cuda_seed42_100x1000\outputs_zanon2019_alpha020_seed42_100x1000\models\evaluation\episode_0095_actor.pth,True
0.2,100.0,,True,0.10719323749445508,-0.10719323749445508,True,True,0.0747303193115504,2.4647742448456205,0.9700619189817543,5.221363054682658,1.0324096248769825,2.273873771020218,0.9975117109054855,1.331713400051578,0.9963810816203947,0.08095918848815842,0.13084013827206734,0.19087228601901263,0.30881514148440653,0.30852697483280667,0.0,0.0004,0.0337,0.6837226356231918,1.5676170564119087,0.6959778469174933,1.779891769101886,0.0,0.0,0.0,0.0,0.9825999999999999,0.026000000000000002,0.1584493800997734,0.06552142683643214,0.06552142683643215,1.0,False,100000.0,True,0.9881302686042897,1.096865476125991,1.7391574731351422,1.0227519123342934,1.7174180819136873,3.12688633977982,1.1256698460175503,1.2379348080096897,6217912.95173295,6211246.354669439,True,False,False,False,True,empirical_only_under_ECC2019_stochastic_disturbance,1.0,0.0,0.0,0.3702,0.6297999999999999,0.0,0.0,6.552142683643216,0.0,1.4215439639656187,1.8618387365170463,-0.0747303193115504,"worst per-seed quantile, not pooled quantile",0.2,10.0,0.0,0.21237140815124533,0.2635450197744851,0.3046122697384918,-0.6758072555065155,-0.14684420004487037,0.382800817489624,0.2518263727426529,False,3838.0581113596563,2622.651507942543,4.821259692848423,3.3539979934672446,525.3,518.6,0.0,0.0,0.0,0.0,0.0,0.0,0.021700000000000004,823.5702747512623,1290.5504295484147,1.0348186127297079,1.8409714696775903,520.3,570.2,0.0,0.0,0.0,0.0,0.0,0.0,0.0043,evaporation\evaporation_safe_sac\authority_cuda_seed42_100x1000\outputs_zanon2019_alpha020_seed42_100x1000\models\evaluation\episode_0100_actor.pth,True
0.3,15.0,,True,0.08461405526660927,-0.08461405526660927,True,True,0.05594162655299657,2.0713164516563736,1.0416984631812194,4.058678861435513,1.085954620537697,2.0101764340996953,1.0412098229214934,1.560918374389814,1.0570798463473072,0.06761519472658506,0.1373222165392672,0.2001865578723745,0.3334603821638711,0.33171326083123065,0.0,0.0006000000000000001,0.022600000000000002,0.79821974935281,2.443163238276559,0.8432194511759601,2.7741148660106845,0.0,0.0,0.0,0.0,0.9827,0.045599999999999995,0.24185000211000443,0.09850078537119296,0.09850078537119296,1.0,False,15000.0,True,0.9504853125419157,1.0876773849054815,1.7431799415661366,1.0180867236731257,1.5565074574187965,2.572316740986605,1.6206914938146846,1.8086671585933223,6217912.95173295,6212650.049055643,True,False,False,False,True,empirical_only_under_ECC2019_stochastic_disturbance,1.0,0.0,0.0,0.3062,0.6938000000000001,0.0,0.0,9.850078537119296,0.0006000000000000001,1.5885994756167405,2.3178785902555488,-0.05594162655299657,"worst per-seed quantile, not pooled quantile",0.3,10.0,0.0,0.21237140815124533,0.2635450197744851,0.3046122697384918,-0.5611575365066528,-0.2680107653141022,0.4822292625904083,0.31986978054046633,False,3838.0581113596563,3060.5712376050296,4.821259692848423,4.06183925477089,525.3,498.9,0.0,0.0,0.0,0.1,0.0,0.6,0.027100000000000003,823.5702747512623,2010.9119135685573,1.0348186127297079,2.868752985882042,520.3,565.5,0.0,0.0,0.0,0.0,0.0,0.0,0.018600000000000002,evaporation\evaporation_safe_sac\authority_cuda_seed42_100x1000\outputs_zanon2019_alpha030_seed42_100x1000\models\evaluation\episode_0015_actor.pth,True
0.3,65.0,,True,0.0930638697720503,-0.0930638697720503,True,True,0.04997051378685483,2.317538188293317,0.9948274665880661,4.955026547747193,1.0423884305431492,2.2154661646303144,1.0147141521864342,1.5508882027815034,1.0341042058402614,0.06795552369635516,0.1278686001618537,0.18556895642796184,0.32003725962000723,0.3201073224307137,0.0,0.0008,0.039700000000000006,0.6492049652944263,1.591474572058738,0.6944609162412565,1.7562562905617238,0.0,0.0,0.0,0.0,0.9827,0.020200000000000003,0.21646173745393754,0.09445537773371324,0.09445537773371324,1.0,False,65000.0,True,0.9304248531808541,1.0451191365298853,1.8064182148425225,1.0242850032520645,1.6561828274406913,2.998707489145171,1.1203397686765821,1.22535860340149,6217912.95173295,6212122.40029303,True,False,False,False,True,empirical_only_under_ECC2019_stochastic_disturbance,1.0,0.0,0.0,0.3141,0.6859,0.0,0.0,9.445537773371324,0.0,1.3882612980586369,1.7152715685275033,-0.04997051378685483,"worst per-seed quantile, not pooled quantile",0.3,10.0,0.0,0.21237140815124533,0.2635450197744851,0.3046122697384918,-0.5797862768173218,-0.17155925184488297,0.4371969074010849,0.24293655902147293,False,3838.0581113596563,2490.3641599478083,4.821259692848423,3.347254566971948,525.3,488.5,0.0,0.0,0.0,0.0,0.0,0.0,0.02,823.5702747512623,1310.6625913111627,1.0348186127297079,1.8170822907735975,520.3,543.2,0.0,0.0,0.0,0.0,0.0,0.0,0.0002,evaporation\evaporation_safe_sac\authority_cuda_seed42_100x1000\outputs_zanon2019_alpha030_seed42_100x1000\models\evaluation\episode_0065_actor.pth,True
0.3,85.0,,True,0.11068531505273929,-0.11068531505273929,True,True,0.06640378424384669,2.696853277107853,1.0292117724635605,6.460643279716254,1.1459242347081204,2.5318315640287117,1.0534273018244371,1.6781822058309364,1.0557215992102456,0.021058200645999392,0.08594265811702584,0.16205960137511735,0.30623690592570774,0.30540491808449205,0.0008,0.0036999999999999997,0.0692,0.5982799141813417,1.69707278269541,0.6299845142302025,1.8990320318975829,0.0,0.0,0.0,0.0,0.9826999999999998,0.0629,0.2251022383570671,0.10290391322156042,0.10290391322156042,1.0,False,85000.0,True,0.943097454280841,1.0477706758317686,1.9679609473950213,1.0608019785680394,1.863032524785707,3.803283757212187,1.1476763484383758,1.2645082730638926,6217912.95173295,6211028.941949323,True,False,False,False,True,empirical_only_under_ECC2019_stochastic_disturbance,1.0,0.0,0.0,0.30449999999999994,0.6954999999999999,0.0,0.0,10.290391322156044,0.0,1.5053544366120413,2.242814709682113,-0.06640378424384669,"worst per-seed quantile, not pooled quantile",0.3,10.0,0.0,0.21237140815124533,0.2635450197744851,0.3046122697384918,-0.5894256711006165,-0.1568539597094059,0.4718086063861847,0.24013732075691224,False,3838.0581113596563,2295.3723815665717,4.821259692848423,3.0365912978163014,525.3,495.0,0.0,0.0,0.0,0.0,0.0,0.0,0.0623,823.5702747512623,1397.6370904789997,1.0348186127297079,1.96502500408686,520.3,544.6,0.0,0.0,0.0,0.0,0.0,0.0,0.0006000000000000001,evaporation\evaporation_safe_sac\authority_cuda_seed42_100x1000\outputs_zanon2019_alpha030_seed42_100x1000\models\evaluation\episode_0085_actor.pth,True
0.3,90.0,,True,0.11011964299817405,-0.11011964299817405,True,True,0.06382799395748287,2.6788143465494265,1.022745569209529,6.4049149327172685,1.1034214531751958,2.5217049827742595,1.0413402529268625,1.6770206328062394,1.0576323595263069,0.014204933466601233,0.0862950529081185,0.1631034337954727,0.3066832047955079,0.3064743550457207,0.0009000000000000001,0.0039,0.0661,0.5899595808557263,1.6220323554212495,0.6301784601747122,1.8112961811568737,0.0,0.0,0.0,0.0,0.9826999999999998,0.026600000000000002,0.22547878473997116,0.10195411404556906,0.10195411404556906,1.0,False,90000.0,True,0.9340212451566685,1.0376888700539537,1.9917413883614699,1.043761686578804,1.8507799578794777,3.7541681929462323,1.1059959681384879,1.220737320665793,6217912.95173295,6211062.8807689,True,False,False,False,True,empirical_only_under_ECC2019_stochastic_disturbance,1.0,0.0,0.0,0.30720000000000003,0.6928,0.0,0.0,10.195411404556907,0.0,1.478387963008983,2.1262989392105136,-0.06382799395748287,"worst per-seed quantile, not pooled quantile",0.3,10.0,0.0,0.21237140815124533,0.2635450197744851,0.3046122697384918,-0.5712503731250763,-0.1859991192817688,0.4807457238435745,0.2605515018105507,False,3838.0581113596563,2263.3249392567836,4.821259692848423,3.037384150896207,525.3,490.3,0.0,0.0,0.0,0.0,0.0,0.0,0.0261,823.5702747512623,1336.365345186568,1.0348186127297079,1.8749105976357163,520.3,539.3,0.0,0.0,0.0,0.0,0.0,0.0,0.0005,evaporation\evaporation_safe_sac\authority_cuda_seed42_100x1000\outputs_zanon2019_alpha030_seed42_100x1000\models\evaluation\episode_0090_actor.pth,True
0.3,95.0,,True,0.12520900589316228,-0.12520900589316228,True,True,0.08727466439491771,2.910646728506035,1.035743352688449,7.3098375215711915,1.2029941690099195,2.691898434919215,1.0660849517865183,1.608943915515276,1.044731443996999,0.029895005689809295,0.0868941360446703,0.15311323507168684,0.2950178730111861,0.2946468701844248,0.00030000000000000003,0.0048000000000000004,0.083,0.5707261288347495,1.6467000474462032,0.6030969043404177,1.827694241741078,0.0,0.0,0.0,0.0,0.9827,0.055200000000000006,0.23187371343374252,0.10897018118806019,0.10897018118806019,1.0,False,95000.0,True,0.9626019419867873,1.014142712039707,2.027734229365921,1.0550532205584817,1.973195040597242,4.256415845290555,1.1087130881404763,1.2153955730407477,6217912.95173295,6210125.0127697205,True,False,False,False,True,empirical_only_under_ECC2019_stochastic_disturbance,1.0,0.0,0.0,0.28650000000000003,0.7135,0.0,0.0,10.897018118806017,0.0,1.5409540643688593,2.4348792873276337,-0.08727466439491771,"worst per-seed quantile, not pooled quantile",0.3,10.0,0.0,0.21237140815124533,0.2635450197744851,0.3046122697384918,-0.676249212026596,-0.1317419022321701,0.39221383035182955,0.22332924455404282,False,3838.0581113596563,2189.273047637891,4.821259692848423,2.9064556654766327,525.3,505.2,0.0,0.0,0.0,0.0,0.0,0.0,0.054700000000000006,823.5702747512623,1356.4383978417306,1.0348186127297079,1.8915528490953673,520.3,527.2,0.0,0.0,0.0,0.0,0.0,0.0,0.0005,evaporation\evaporation_safe_sac\authority_cuda_seed42_100x1000\outputs_zanon2019_alpha030_seed42_100x1000\models\evaluation\episode_0095_actor.pth,True
0.3,100.0,,True,0.1348507657116004,-0.1348507657116004,True,True,0.07719980255089151,3.0897552030572157,1.014711470825221,8.110770944390838,1.1143525599772321,2.834137032443954,1.0371578811023174,1.6189636324722354,1.0406257019469793,0.012331927373164575,0.08572449149388459,0.15326937357804712,0.28766156641145685,0.2880625031596056,0.0011,0.0059,0.1072,0.5549514696238443,1.5875083983093545,0.5945751436687405,1.7869412272298455,0.0,0.0,0.0,0.0,0.9827,0.0165,0.23553022742271423,0.10862276626185197,0.10862276626185197,1.0,False,100000.0,True,0.945704432057957,1.0081845808888437,2.1108874867513916,1.0376076868331177,2.0522333369412182,4.612561752184035,1.0712299339665994,1.190758185449293,6217912.95173295,6209523.820029032,True,False,False,False,True,empirical_only_under_ECC2019_stochastic_disturbance,1.0,0.0,0.0,0.2994,0.7006,0.0,0.0,10.862276626185196,0.0,1.5617316354539088,2.5235713081627487,-0.07719980255089151,"worst per-seed quantile, not pooled quantile",0.3,10.0,0.0,0.21237140815124533,0.2635450197744851,0.3046122697384918,-0.6792813837528229,-0.1925469994544983,0.36515910029411314,0.24494006335735322,False,3838.0581113596563,2129.331833518909,4.821259692848423,2.8660314653597463,525.3,496.4,0.0,0.0,0.0,0.0,0.0,0.0,0.016,823.5702747512623,1308.0132946355468,1.0348186127297079,1.849651418013191,520.3,524.1,0.0,0.0,0.0,0.0,0.0,0.0,0.0005,evaporation\evaporation_safe_sac\authority_cuda_seed42_100x1000\outputs_zanon2019_alpha030_seed42_100x1000\models\evaluation\episode_0100_actor.pth,True
