scenario,second,X2_oracle,P2_oracle,P100_oracle,F200_oracle,actor_a_P100,actor_a_F200,P100_reconstructed,F200_reconstructed,reconstruction_error_physical,reconstruction_error_normalized,mode,qp_feasible,in_Z,in_Omega,tau_max,center_coordinate_0,center_coordinate_1,target_projection_error_physical,final_verification_gap
pressure_negative,0,25.39,49.125,194.78528923358417,183.02470038022335,-0.23421690591098618,0.0,194.78528923358417,183.02470038022335,0.0,0.0,Omega_safe_one_step_QP,True,False,True,0.5055973666257416,0.11765791350074158,-0.33251953125,0.0,0.0
pressure_negative,1,25.393108883231847,49.12699258726551,193.0302524940237,183.02470038022335,-0.2596288831272885,0.0,193.0302524940237,183.02470038022335,0.0,0.0,Omega_safe_one_step_QP,True,False,True,0.4992463103417654,0.11130685721676542,-0.33251953125,0.0,0.0
pressure_negative,2,25.394779722557118,49.12870219358868,190.70050518992596,183.02470038022335,-0.30141962919094084,0.0,190.70050518992596,183.02470038022335,0.0,0.0,Omega_safe_one_step_QP,True,False,True,0.49576267787231765,0.10782322474731766,-0.33251953125,0.0,0.0
pressure_negative,3,25.394552546347818,49.130037868942196,187.11986362005555,183.02470038022335,-0.3740249591688781,0.0,187.11986362005555,183.02470038022335,0.0,0.0,Omega_safe_one_step_QP,True,False,True,0.49606396323780283,0.10812451011280282,-0.33251953125,0.0,0.0
pressure_negative,4,25.391422014993008,49.13080100333476,183.06364269647,183.02470038022335,-0.46239466477412117,0.0,183.06364269647,183.02470038022335,0.0,0.0,Omega_safe_one_step_QP,True,False,True,0.5021554525558232,0.11421599943082313,-0.33251953125,0.0,0.0
pressure_negative,5,25.38501585229837,49.13091724186198,182.08826334072742,183.02470038022335,-0.4945262929534594,0.0,182.08826334072742,183.02470038022335,0.0,0.0,Omega_safe_one_step_QP,True,False,True,0.5147798059957098,0.12684035287070985,-0.33251953125,0.0,0.0
pressure_negative,6,25.37784325087635,49.13087995193147,182.63455801948768,183.02470038022335,-0.49772298002901016,0.0,182.63455801948768,183.02470038022335,0.0,0.0,Omega_safe_one_step_QP,True,False,True,0.5289324278707743,0.1409929747457743,-0.33251953125,0.0,0.0
pressure_negative,7,25.37113925150467,49.130932366305785,183.34978362338254,183.02470038022335,-0.49677604486667265,0.0,183.34978362338254,183.02470038022335,0.0,0.0,Omega_safe_one_step_QP,True,False,True,0.5421499848981117,0.15421053177311178,-0.33251953125,0.0,0.0
pressure_negative,8,25.365038275051084,49.131101197049546,184.02644239573496,183.02470038022335,-0.49547558393446356,0.0,184.02644239573496,183.02470038022335,0.0,0.0,Omega_safe_one_step_QP,True,False,True,0.5541643545812217,0.16622490145622174,-0.33251953125,0.0,0.0
pressure_negative,9,25.359506278469716,49.131379972909464,184.64525022660874,183.02470038022335,-0.4942379408371935,0.0,184.64525022660874,183.02470038022335,0.0,0.0,Omega_safe_one_step_QP,True,False,True,0.5650434241374576,0.17710397101245756,-0.33251953125,0.0,0.0
pressure_negative,10,25.354493828583923,49.13175916310734,185.2840579922489,183.02470038022335,-0.4917849537777277,0.0,185.2840579922489,183.02470038022335,0.0,0.0,Omega_safe_one_step_QP,True,False,True,0.5748857802151416,0.18694632709014158,-0.33251953125,0.0,0.0
pressure_negative,11,25.350014705702275,49.13224168607854,185.88458365945405,183.02470038022335,-0.4891394751328415,0.0,185.88458365945405,183.02470038022335,0.0,0.0,Omega_safe_one_step_QP,True,False,True,0.5836639268891475,0.1957244737641475,-0.33251953125,0.0,0.0
pressure_negative,12,25.346035541606103,49.132821152265024,186.41931027575134,183.02470038022335,-0.4868188442395013,0.0,186.41931027575134,183.02470038022335,0.0,0.0,Omega_safe_one_step_QP,True,False,True,0.5914444105995997,0.2035049574745998,-0.33251953125,0.0,0.0
pressure_negative,13,25.342500911396254,49.13348679849784,186.87945674715755,183.02470038022335,-0.4850407174019411,0.0,186.87945674715755,183.02470038022335,0.0,0.0,Omega_safe_one_step_QP,True,False,True,0.598337774122907,0.21039832099790706,-0.33251953125,0.0,0.0
pressure_negative,14,25.33934857169788,49.13422648951917,187.26594144940168,183.02470038022335,-0.4838695287303367,0.0,187.26594144940168,183.02470038022335,0.0,0.0,Omega_safe_one_step_QP,True,False,True,0.6044681631925779,0.21652871006757793,-0.33251953125,0.0,0.0
pressure_negative,15,25.33651732111633,49.13502826943713,187.5814010853015,183.02470038022335,-0.48334276108672775,0.0,187.5814010853015,183.02470038022335,0.0,0.0,Omega_safe_one_step_QP,True,False,True,0.6099576480491189,0.2220181949241189,-0.33251953125,0.0,0.0
pressure_negative,16,25.333948375585525,49.13588063540654,187.83524914457522,183.02470038022335,-0.4833869168055591,0.0,187.83524914457522,183.02470038022335,0.0,0.0,Omega_safe_one_step_QP,True,False,True,0.6149234799155524,0.22698402679055238,-0.33251953125,0.0,0.0
pressure_negative,17,25.331590825869732,49.13677361779665,188.03707073559556,183.02470038022335,-0.4839182314194093,0.0,188.03707073559556,183.02470038022335,0.0,0.0,Omega_safe_one_step_QP,True,False,True,0.6194672051239272,0.2315277519989271,-0.33251953125,0.0,0.0
pressure_negative,18,25.329401735850904,49.13769880342857,188.1964743408515,183.02470038022335,-0.4848438039173765,0.0,188.1964743408515,183.02470038022335,0.0,0.0,Omega_safe_one_step_QP,True,False,True,0.623674468624776,0.23573501549977607,-0.33251953125,0.0,0.0
pressure_negative,19,25.327346122447366,49.13864933510023,188.32544747927025,183.02470038022335,-0.4860233253390416,0.0,188.32544747927025,183.02470038022335,0.0,0.0,Omega_safe_one_step_QP,True,False,True,0.6276150536355882,0.23967560051058825,-0.33251953125,0.0,0.0
pressure_negative,20,25.32539883973277,48.13962028702984,197.61387734807846,183.02470038022335,-0.4453064877632091,0.0,197.61387734807846,183.02470038022335,0.0,0.0,Omega_safe_one_step_QP,True,False,True,0.7489970366653669,0.3610575835403668,-0.33251953125,0.0,0.0
pressure_negative,21,25.334123235456083,48.14299453161793,196.3038588563236,183.02470038022335,-0.4498719402983465,0.0,196.3038588563236,183.02470038022335,0.0,0.0,Omega_safe_one_step_QP,True,False,True,0.7313999075479309,0.343460454422931,-0.33251953125,0.0,0.0
pressure_negative,22,25.341751395520486,48.146153583797606,195.06613767712668,183.02470038022335,-0.45531762996768005,0.0,195.06613767712668,183.02470038022335,0.0,0.0,Omega_safe_one_step_QP,True,False,True,0.7159886599417606,0.32804920681676064,-0.33251953125,0.0,0.0
pressure_negative,23,25.34834520131824,48.14910956019985,194.02530753351934,183.02470038022335,-0.45978287660800393,0.0,194.02530753351934,183.02470038022335,0.0,0.0,Omega_safe_one_step_QP,True,False,True,0.7026398874473248,0.3147004343223247,-0.33251953125,0.0,0.0
pressure_negative,24,25.354067230930983,48.15189442711101,193.16279683766888,183.02470038022335,-0.46318778091364043,0.0,193.16279683766888,183.02470038022335,0.0,0.0,Omega_safe_one_step_QP,True,False,True,0.6910293369441503,0.3030898838191503,-0.33251953125,0.0,0.0
pressure_negative,25,25.359064633931553,48.154537101184744,192.47030044300877,183.02470038022335,-0.46534362291160114,0.0,192.47030044300877,183.02470038022335,0.0,0.0,Omega_safe_one_step_QP,True,False,True,0.6808635293093611,0.2929240761843611,-0.33251953125,0.0,0.0
pressure_negative,26,25.36347743481138,48.157065095921176,191.90806609049923,183.02470038022335,-0.4665496097985359,0.0,191.90806609049923,183.02470038022335,0.0,0.0,Omega_safe_one_step_QP,True,False,True,0.6718631965227586,0.2839237433977586,-0.33251953125,0.0,0.0
pressure_negative,27,25.367413075808095,48.15949950719198,191.42650729087333,183.02470038022335,-0.46733563043724297,0.0,191.42650729087333,183.02470038022335,0.0,0.0,Omega_safe_one_step_QP,True,False,True,0.6638140573229209,0.27587460419792087,-0.33251953125,0.0,0.0
pressure_negative,28,25.370938539301747,48.161853461169045,191.00326067552058,183.02470038022335,-0.46791512951163755,0.0,191.00326067552058,183.02470038022335,0.0,0.0,Omega_safe_one_step_QP,True,False,True,0.6565825295438897,0.26864307641888974,-0.33251953125,0.0,0.0
pressure_negative,29,25.374102498602543,48.16413647994023,190.6481125173555,183.02470038022335,-0.46804909524093513,0.0,190.6481125173555,183.02470038022335,0.0,0.0,Omega_safe_one_step_QP,True,False,True,0.6500715489378783,0.26213209581287833,-0.33251953125,0.0,0.0
pressure_negative,30,25.37696139260716,48.166359621558385,190.3528258611024,183.02470038022335,-0.4677584368966792,0.0,190.3528258611024,183.02470038022335,0.0,0.0,Omega_safe_one_step_QP,True,False,True,0.6441685614592711,0.2562291083342712,-0.33251953125,0.0,0.0
pressure_negative,31,25.379564803083795,48.16853259982544,190.10732986364465,183.02470038022335,-0.4671073730211776,0.0,190.10732986364465,183.02470038022335,0.0,0.0,Omega_safe_one_step_QP,True,False,True,0.6387746890182634,0.2508352358932634,-0.33251953125,0.0,0.0
pressure_negative,32,25.381953988380488,48.17066349526963,189.90117678446344,183.02470038022335,-0.466183803403632,0.0,189.90117678446344,183.02470038022335,0.0,0.0,Omega_safe_one_step_QP,True,False,True,0.6338076541025894,0.24586820097758944,-0.33251953125,0.0,0.0
pressure_negative,33,25.384161603727563,48.17275869940143,189.72774247320154,183.02470038022335,-0.4650330617189875,0.0,189.72774247320154,183.02470038022335,0.0,0.0,Omega_safe_one_step_QP,True,False,True,0.629202337728912,0.24126288460391201,-0.33251953125,0.0,0.0
pressure_negative,34,25.386214825132722,48.17482352942083,189.58174899027267,183.02470038022335,-0.4636900723229078,0.0,189.58174899027267,183.02470038022335,0.0,0.0,Omega_safe_one_step_QP,True,False,True,0.6249045487492625,0.23696509562426252,-0.33251953125,0.0,0.0
pressure_negative,35,25.38813645734264,48.176862445937836,189.45883889730254,183.02470038022335,-0.46218362902103743,0.0,189.45883889730254,183.02470038022335,0.0,0.0,Omega_safe_one_step_QP,True,False,True,0.620868814029023,0.2329293609040231,-0.33251953125,0.0,0.0
pressure_negative,36,25.38994569381396,48.17887920217328,189.35538895529808,183.02470038022335,-0.46053770225533364,0.0,189.35538895529808,183.02470038022335,0.0,0.0,Omega_safe_one_step_QP,True,False,True,0.6170568627070439,0.22911740958204388,-0.33251953125,0.0,0.0
pressure_negative,37,25.391658723560916,48.180876963028204,189.26837330767205,183.02470038022335,-0.45877233901932035,0.0,189.26837330767205,183.02470038022335,0.0,0.0,Omega_safe_one_step_QP,True,False,True,0.6134364158646513,0.22549696273965125,-0.33251953125,0.0,0.0
pressure_negative,38,25.39328922534217,48.1828584019996,189.1952715030796,183.02470038022335,-0.4569041126495154,0.0,189.1952715030796,183.02470038022335,0.0,0.0,Omega_safe_one_step_QP,True,False,True,0.6099802008979006,0.2220407477729006,-0.33251953125,0.0,0.0
pressure_negative,39,25.39484878579702,48.18482578315743,189.13396083569108,183.02470038022335,-0.45494701735534926,0.0,189.13396083569108,183.02470038022335,0.0,0.0,Omega_safe_one_step_QP,True,False,True,0.6066651175718178,0.21872566444681787,-0.33251953125,0.0,0.0
pressure_negative,40,25.396347229023814,47.1867810257206,196.26557847144153,183.02470038022335,-0.4425677892976256,0.0,196.26557847144153,183.02470038022335,0.0,0.0,Omega_safe_one_step_QP,True,False,True,0.7211294942034092,0.3331900410784092,-0.33251953125,0.0,0.0
pressure_negative,41,25.406785981742093,47.19079327233461,193.90251090879033,183.02470038022335,-0.4595529778482395,0.0,193.90251090879033,183.02470038022335,0.0,0.0,Omega_safe_one_step_QP,True,False,True,0.7000688634079228,0.3121294102829229,-0.33251953125,0.0,0.0
pressure_negative,42,25.41526516315997,47.19442110028302,191.917976899098,183.02470038022335,-0.475038354382369,0.0,191.917976899098,183.02470038022335,0.0,0.0,Omega_safe_one_step_QP,True,False,True,0.6829161624012855,0.2949767092762855,-0.33251953125,0.0,0.0
pressure_negative,43,25.422097634404942,47.19772595076812,190.27123674377384,183.02470038022335,-0.48876957049850966,0.0,190.27123674377384,183.02470038022335,0.0,0.0,Omega_safe_one_step_QP,True,False,True,0.6690474023882756,0.28110794926327565,-0.33251953125,0.0,0.0
pressure_negative,44,25.427562653390495,47.20076259835134,188.90827255449366,183.02470038022335,-0.5008284816029608,0.0,188.90827255449366,183.02470038022335,0.0,0.0,Omega_safe_one_step_QP,True,False,True,0.6579056233849434,0.26996617025994346,-0.33251953125,0.0,0.0
pressure_negative,45,25.431895028558234,47.203577049921044,187.7749354521406,183.02470038022335,-0.5114585911984887,0.0,187.7749354521406,183.02470038022335,0.0,0.0,Omega_safe_one_step_QP,True,False,True,0.6490225234772387,0.26108307035223866,-0.33251953125,0.0,0.0
pressure_negative,46,25.435285027447982,47.20620654735177,186.80607727072507,183.02470038022335,-0.5212198251034007,0.0,186.80607727072507,183.02470038022335,0.0,0.0,Omega_safe_one_step_QP,True,False,True,0.6420186387536033,0.2540791856286034,-0.33251953125,0.0,0.0
pressure_negative,47,25.437869515783184,47.208677835852704,185.99661869836083,183.02470038022335,-0.5298753838489114,0.0,185.99661869836083,183.02470038022335,0.0,0.0,Omega_safe_one_step_QP,True,False,True,0.6366210152448142,0.24868156211981415,-0.33251953125,0.0,0.0
pressure_negative,48,25.439780827549693,47.21101677783674,185.3240790829462,183.02470038022335,-0.5374934217890065,0.0,185.3240790829462,183.02470038022335,0.0,0.0,Omega_safe_one_step_QP,True,False,True,0.6325657364770952,0.24462628335209521,-0.33251953125,0.0,0.0
pressure_negative,49,25.441132622907023,47.213245578460935,184.76403730597866,183.02470038022335,-0.5442288952858082,0.0,184.76403730597866,183.02470038022335,0.0,0.0,Omega_safe_one_step_QP,True,False,True,0.629626129286575,0.24168667616157502,-0.33251953125,0.0,0.0
pressure_negative,50,25.44201835410805,47.215382485841076,184.2962723551337,183.02470038022335,-0.5502220681917086,0.0,184.2962723551337,183.02470038022335,0.0,0.0,Omega_safe_one_step_QP,True,False,True,0.6276158233430907,0.2396763702180907,-0.33251953125,0.0,0.0
pressure_negative,51,25.44251473072661,47.21744247196891,183.90574131797163,183.02470038022335,-0.5555707095153565,0.0,183.90574131797163,183.02470038022335,0.0,0.0,Omega_safe_one_step_QP,True,False,True,0.6263818397707779,0.23844238664577794,-0.33251953125,0.0,0.0
pressure_negative,52,25.442685973006572,47.219438067861006,183.58065873706767,183.02470038022335,-0.5603494375840711,0.0,183.58065873706767,183.02470038022335,0.0,0.0,Omega_safe_one_step_QP,True,False,True,0.6257961079382542,0.23785665481325424,-0.33251953125,0.0,0.0
pressure_negative,53,25.442586495144532,47.22137988996735,183.30916192351054,183.02470038022335,-0.5646558639233716,0.0,183.30916192351054,183.02470038022335,0.0,0.0,Omega_safe_one_step_QP,True,False,True,0.6257501137657024,0.23781066064070247,-0.33251953125,0.0,0.0
pressure_negative,54,25.44226087533454,47.223276633021676,183.08248755876548,183.02470038022335,-0.568557439530612,0.0,183.08248755876548,183.02470038022335,0.0,0.0,Omega_safe_one_step_QP,True,False,True,0.6261549596215574,0.23821550649655743,-0.33251953125,0.0,0.0
pressure_negative,55,25.44174640609697,47.22513556982129,182.89336122950863,183.02470038022335,-0.5721117995422261,0.0,182.89336122950863,183.02470038022335,0.0,0.0,Omega_safe_one_step_QP,True,False,True,0.6269362778645625,0.2389968247395625,-0.33251953125,0.0,0.0
pressure_negative,56,25.441074329113114,47.22696279266606,182.73570318295842,183.02470038022335,-0.5753685262261995,0.0,182.73570318295842,183.02470038022335,0.0,0.0,Omega_safe_one_step_QP,True,False,True,0.6280317681155231,0.2400923149905231,-0.33251953125,0.0,0.0
pressure_negative,57,25.4402708273689,47.22876340719067,182.60437387211854,183.02470038022335,-0.5783709756449452,0.0,182.60437387211854,183.02470038022335,0.0,0.0,Omega_safe_one_step_QP,True,False,True,0.6293892185652618,0.24144976544026175,-0.33251953125,0.0,0.0
pressure_negative,58,25.439357807516156,47.23054168506807,182.49512783174777,183.02470038022335,-0.5811553342729897,0.0,182.49512783174777,183.02470038022335,0.0,0.0,Omega_safe_one_step_QP,True,False,True,0.6309649456817978,0.24302549255679787,-0.33251953125,0.0,0.0
pressure_negative,59,25.43835364209407,47.23230120893975,182.4047678088985,183.02470038022335,-0.5837467784539274,0.0,182.4047678088985,183.02470038022335,0.0,0.0,Omega_safe_one_step_QP,True,False,True,0.6327223139627043,0.24478286083770423,-0.33251953125,0.0,0.0
pressure_negative,60,25.437274034053278,47.23404504155016,182.330174135025,183.02470038022335,-0.5861734239855948,0.0,182.330174135025,183.02470038022335,0.0,0.0,Omega_safe_one_step_QP,True,False,True,0.6346300117351191,0.24669055861011918,-0.33251953125,0.0,0.0
pressure_negative,61,25.436132090435734,47.23577573953456,182.2685595451839,183.02470038022335,-0.5884619181223877,0.0,182.2685595451839,183.02470038022335,0.0,0.0,Omega_safe_one_step_QP,True,False,True,0.6366619042848014,0.24872245115980146,-0.33251953125,0.0,0.0
pressure_negative,62,25.434938602656178,47.23749540783194,182.21784588293903,183.02470038022335,-0.5906309872703998,0.0,182.21784588293903,183.02470038022335,0.0,0.0,Omega_safe_one_step_QP,True,False,True,0.6387964749158896,0.2508570217908896,-0.33251953125,0.0,0.0
pressure_negative,63,25.43370263130421,47.23920581406379,182.17629513084458,183.02470038022335,-0.5926964166392963,0.0,182.17629513084458,183.02470038022335,0.0,0.0,Omega_safe_one_step_QP,True,False,True,0.6410156586304945,0.2530762055054944,-0.33251953125,0.0,0.0
pressure_negative,64,25.43243178923916,47.24090844372502,182.14244608258582,183.02470038022335,-0.5946716144018701,0.0,182.14244608258582,183.02470038022335,0.0,0.0,Omega_safe_one_step_QP,True,False,True,0.6433042775505466,0.2553648244255467,-0.33251953125,0.0,0.0
pressure_negative,65,25.43113247216524,47.242604545120024,182.1150735041215,183.02470038022335,-0.5965679121998854,0.0,182.1150735041215,183.02470038022335,0.0,0.0,Omega_safe_one_step_QP,True,False,True,0.6456495810822743,0.2577101279572743,-0.33251953125,0.0,0.0
pressure_negative,66,25.42981005513415,47.24429516766012,182.09314722240066,183.02470038022335,-0.5983949251856495,0.0,182.09314722240066,183.02470038022335,0.0,0.0,Omega_safe_one_step_QP,True,False,True,0.6480408540315166,0.2601014009065166,-0.33251953125,0.0,0.0
pressure_negative,67,25.428469055050062,47.24598119352894,182.0757979939138,183.02470038022335,-0.600160858722695,0.0,182.0757979939138,183.02470038022335,0.0,0.0,Omega_safe_one_step_QP,True,False,True,0.6504690925214742,0.2625296393964742,-0.33251953125,0.0,0.0
pressure_negative,68,25.427113264813286,47.24766336381555,182.06227701316027,183.02470038022335,-0.601872952885572,0.0,182.06227701316027,183.02470038022335,0.0,0.0,Omega_safe_one_step_QP,True,False,True,0.6529267364720533,0.26498728334705335,-0.33251953125,0.0,0.0
pressure_negative,69,25.425745854062136,47.24934229811526,182.0519495498341,183.02470038022335,-0.6035374460140703,0.0,182.0519495498341,183.02470038022335,0.0,0.0,Omega_safe_one_step_QP,True,False,True,0.6554074686953637,0.26746801557036365,-0.33251953125,0.0,0.0
pressure_negative,70,25.424369464329004,47.2510185130621,182.0443566474669,183.02470038022335,-0.6051585180938217,0.0,182.0443566474669,183.02470038022335,0.0,0.0,Omega_safe_one_step_QP,True,False,True,0.6579060251285128,0.2699665720035128,-0.33251953125,0.0,0.0
pressure_negative,71,25.42298635381852,47.25269245065675,182.03906607382413,183.02470038022335,-0.6067403960653881,0.0,182.03906607382413,183.02470038022335,0.0,0.0,Omega_safe_one_step_QP,True,False,True,0.6604179060900977,0.2724784529650976,-0.33251953125,0.0,0.0
pressure_negative,72,25.421598420712062,47.25436448273315,182.0357088704442,183.02470038022335,-0.6082867609932853,0.0,182.0357088704442,183.02470038022335,0.0,0.0,Omega_safe_one_step_QP,True,False,True,0.6629393298143462,0.2749998766893462,-0.33251953125,0.0,0.0
pressure_negative,73,25.42020725600734,47.256034921245366,182.03397739340062,183.02470038022335,-0.6098007146992638,0.0,182.03397739340062,183.02470038022335,0.0,0.0,Omega_safe_one_step_QP,True,False,True,0.6654671270757255,0.2775276739507256,-0.33251953125,0.0,0.0
pressure_negative,74,25.418814194542218,47.25770402821395,182.03360998277918,183.02470038022335,-0.6112849518821959,0.0,182.03360998277918,183.02470038022335,0.0,0.0,Omega_safe_one_step_QP,True,False,True,0.6679986394331073,0.28005918630810733,-0.33251953125,0.0,0.0
pressure_negative,75,25.417420353370307,47.25937202319901,182.0343901719979,183.02470038022335,-0.6127417281655436,0.0,182.0343901719979,183.02470038022335,0.0,0.0,Omega_safe_one_step_QP,True,False,True,0.6705316426993131,0.28259218957431315,-0.33251953125,0.0,0.0
pressure_negative,76,25.416026669329767,47.26103909062689,182.0361323246308,183.02470038022335,-0.614173032971069,0.0,182.0361323246308,183.02470038022335,0.0,0.0,Omega_safe_one_step_QP,True,False,True,0.6730642720183732,0.28512481889337316,-0.33251953125,0.0,0.0
pressure_negative,77,25.41463392480687,47.262705384804924,182.03868679308638,183.02470038022335,-0.6155804842868913,0.0,182.03868679308638,183.02470038022335,0.0,0.0,Omega_safe_one_step_QP,True,False,True,0.6755949704873006,0.28765551736230055,-0.33251953125,0.0,0.0
pressure_negative,78,25.413242777569227,47.26437103574595,182.04192023188253,183.02470038022335,-0.6169655885129398,0.0,182.04192023188253,183.02470038022335,0.0,0.0,Omega_safe_one_step_QP,True,False,True,0.6781224296597597,0.2901829765347597,-0.33251953125,0.0,0.0
pressure_negative,79,25.411853774513595,47.26603615183543,182.04572487063308,183.02470038022335,-0.6183295879652067,0.0,182.04572487063308,183.02470038022335,0.0,0.0,Omega_safe_one_step_QP,True,False,True,0.6806455621315626,0.2927061090065625,-0.33251953125,0.0,0.0
pressure_negative,80,25.41046737286934,47.26770082397111,182.05000913236185,183.02470038022335,-0.6196735770249956,0.0,182.05000913236185,183.02470038022335,0.0,0.0,Omega_safe_one_step_QP,True,False,True,0.6831634592550275,0.29522400613002747,-0.33251953125,0.0,0.0
pressure_negative,81,25.409083953706777,47.269365128194444,182.0546966540922,183.02470038022335,-0.6209985022782273,0.0,182.0546966540922,183.02470038022335,0.0,0.0,Omega_safe_one_step_QP,True,False,True,0.6856753642007285,0.29773591107572855,-0.33251953125,0.0,0.0
pressure_negative,82,25.407703834593143,47.27102912815853,182.05972376077875,183.02470038022335,-0.6223051864518838,0.0,182.05972376077875,183.02470038022335,0.0,0.0,Omega_safe_one_step_QP,True,False,True,0.688180646718759,0.30024119359375906,-0.33251953125,0.0,0.0
pressure_negative,83,25.406327280146638,47.27269287718633,182.06503392544516,183.02470038022335,-0.6235943980947094,0.0,182.06503392544516,183.02470038022335,0.0,0.0,Omega_safe_one_step_QP,True,False,True,0.6906787820919351,0.30273932896693506,-0.33251953125,0.0,0.0
pressure_negative,84,25.40495450805578,47.27435641943926,182.07058171769444,183.02470038022335,-0.6248667880431612,0.0,182.07058171769444,183.02470038022335,0.0,0.0,Omega_safe_one_step_QP,True,False,True,0.6931693391331574,0.30522988600815737,-0.33251953125,0.0,0.0
pressure_negative,85,25.403585698271772,47.2760197917127,182.07633096869728,183.02470038022335,-0.626122907156122,0.0,182.07633096869728,183.02470038022335,0.0,0.0,Omega_safe_one_step_QP,True,False,True,0.6956519618538262,0.3077125087288262,-0.33251953125,0.0,0.0
pressure_negative,86,25.402221000674167,47.27768302493384,182.08224809095933,183.02470038022335,-0.6273632949176137,0.0,182.08224809095933,183.02470038022335,0.0,0.0,Omega_safe_one_step_QP,True,False,True,0.698126354176928,0.310186901051928,-0.33251953125,0.0,0.0
pressure_negative,87,25.400860537291287,47.27934614458948,182.08830506845894,183.02470038022335,-0.6285884340688663,0.0,182.08830506845894,183.02470038022335,0.0,0.0,Omega_safe_one_step_QP,True,False,True,0.7005922755106466,0.3126528223856467,-0.33251953125,0.0,0.0
pressure_negative,88,25.399504406933293,47.28100917162978,182.09448196496987,183.02470038022335,-0.6297987105789192,0.0,182.09448196496987,183.02470038022335,0.0,0.0,Omega_safe_one_step_QP,True,False,True,0.7030495315096925,0.3151100783846925,-0.33251953125,0.0,0.0
pressure_negative,89,25.398152691836934,47.282672123769885,182.10075701415732,183.02470038022335,-0.6309945484752693,0.0,182.10075701415732,183.02470038022335,0.0,0.0,Omega_safe_one_step_QP,True,False,True,0.7054979608240339,0.31755850769903393,-0.33251953125,0.0,0.0
pressure_negative,90,25.396805456254334,47.284335015206594,182.10711548471923,183.02470038022335,-0.6321762851587116,0.0,182.10711548471923,183.02470038022335,0.0,0.0,Omega_safe_one_step_QP,True,False,True,0.7079374379154058,0.3199979847904057,-0.33251953125,0.0,0.0
pressure_negative,91,25.39546275222833,47.28599785775052,182.11354337724143,183.02470038022335,-0.6333442553976334,0.0,182.11354337724143,183.02470038022335,0.0,0.0,Omega_safe_one_step_QP,True,False,True,0.7103678615398659,0.3224284084148659,-0.33251953125,0.0,0.0
pressure_negative,92,25.394124620237676,47.28766066094933,182.12002901209388,183.02470038022335,-0.634498768257786,0.0,182.12002901209388,183.02470038022335,0.0,0.0,Omega_safe_one_step_QP,True,False,True,0.7127891534624489,0.3248497003374488,-0.33251953125,0.0,0.0
pressure_negative,93,25.39279109112542,47.28932343246397,182.12656607762761,183.02470038022335,-0.6356400627966357,0.0,182.12656607762761,183.02470038022335,0.0,0.0,Omega_safe_one_step_QP,True,False,True,0.71520125461243,0.32726180148743,-0.33251953125,0.0,0.0
pressure_negative,94,25.391462190487452,47.29098617893045,182.13314245391115,183.02470038022335,-0.6367684604239767,0.0,182.13314245391115,183.02470038022335,0.0,0.0,Omega_safe_one_step_QP,True,False,True,0.7176041163315144,0.32966466320651444,-0.33251953125,0.0,0.0
pressure_negative,95,25.390137933991507,47.29264890503568,182.1397514476683,183.02470038022335,-0.6378842121272927,0.0,182.1397514476683,183.02470038022335,0.0,0.0,Omega_safe_one_step_QP,True,False,True,0.7199977097115953,0.33205825658659527,-0.33251953125,0.0,0.0
pressure_negative,96,25.38881833181401,47.294311614388725,182.14639090607727,183.02470038022335,-0.6389875073615877,0.0,182.14639090607727,183.02470038022335,0.0,0.0,Omega_safe_one_step_QP,True,False,True,0.7223820167465878,0.3344425636215877,-0.33251953125,0.0,0.0
pressure_negative,97,25.38750339234009,47.295974310248226,182.15305389450486,183.02470038022335,-0.6400785999644155,0.0,182.15305389450486,183.02470038022335,0.0,0.0,Omega_safe_one_step_QP,True,False,True,0.7247570229537191,0.33681756982871913,-0.33251953125,0.0,0.0
pressure_negative,98,25.38619311829957,47.2976369947603,182.15973633503435,183.02470038022335,-0.6411577058561208,0.0,182.15973633503435,183.02470038022335,0.0,0.0,Omega_safe_one_step_QP,True,False,True,0.7271227250815695,0.33918327195656955,-0.33251953125,0.0,0.0
pressure_negative,99,25.384887509104118,47.299299669417415,182.16643653961125,183.02470038022335,-0.6422250077141866,0.0,182.16643653961125,183.02470038022335,0.0,0.0,Omega_safe_one_step_QP,True,False,True,0.7294791264496593,0.3415396733246593,-0.33251953125,0.0,0.0
pressure_negative,100,25.383586562796257,47.30096233544146,183.9276635521378,183.02470038022335,-0.6193062691976169,0.0,183.9276635521378,183.02470038022335,0.0,0.0,Omega_safe_one_step_QP,True,False,True,0.7318262330620712,0.3438867799370712,-0.33251953125,0.0,0.0
pressure_negative,101,25.38371066829036,47.30290497411866,183.93438728128896,183.02470038022335,-0.6189565297195055,0.0,183.93438728128896,183.02470038022335,0.0,0.0,Omega_safe_one_step_QP,True,False,True,0.7313309844932693,0.3433915313682693,-0.33251953125,0.0,0.0
pressure_negative,102,25.383833634682233,47.30484685288052,183.9411900440389,183.02470038022335,-0.6186064016975804,0.0,183.9411900440389,183.02470038022335,0.0,0.0,Omega_safe_one_step_QP,True,False,True,0.7308379719091286,0.3428985187841286,-0.33251953125,0.0,0.0
pressure_negative,103,25.38395553223027,47.30678798543519,183.94805539464335,183.02470038022335,-0.6182560406260366,0.0,183.94805539464335,183.02470038022335,0.0,0.0,Omega_safe_one_step_QP,True,False,True,0.7303470573463264,0.3424076042213264,-0.33251953125,0.0,0.0
pressure_negative,104,25.38407641759718,47.30872838282939,183.9549077994382,183.02470038022335,-0.6179064259114488,0.0,183.9549077994382,183.02470038022335,0.0,0.0,Omega_safe_one_step_QP,True,False,True,0.729858129914083,0.34191867678908305,-0.33251953125,0.0,0.0
pressure_negative,105,25.384196286066526,47.31066804402651,183.96174749808017,183.02470038022335,-0.6175575646513755,0.0,183.96174749808017,183.02470038022335,0.0,0.0,Omega_safe_one_step_QP,True,False,True,0.729371201102726,0.341431747977726,-0.33251953125,0.0,0.0
pressure_negative,106,25.384315133135242,47.31260696803074,183.96857811382094,183.02470038022335,-0.6172094173055579,0.0,183.96857811382094,183.02470038022335,0.0,0.0,Omega_safe_one_step_QP,True,False,True,0.7288862819360491,0.34094682881104904,-0.33251953125,0.0,0.0
pressure_negative,107,25.38443295725216,47.31454515442699,183.97540095650032,183.02470038022335,-0.6168619728794664,0.0,183.97540095650032,183.02470038022335,0.0,0.0,Omega_safe_one_step_QP,True,False,True,0.7284033775099081,0.34046392438490813,-0.33251953125,0.0,0.0
pressure_negative,108,25.38454975793322,47.31648260301007,183.98221711587007,183.02470038022335,-0.6165152222288204,0.0,183.98221711587007,183.02470038022335,0.0,0.0,Omega_safe_one_step_QP,True,False,True,0.7279224907522677,0.33998303762726767,-0.33251953125,0.0,0.0
pressure_negative,109,25.384665535579025,47.31841931374908,183.98902578151447,183.02470038022335,-0.6161691813488712,0.0,183.98902578151447,183.02470038022335,0.0,0.0,Omega_safe_one_step_QP,True,False,True,0.7274436227878955,0.33950416966289554,-0.33251953125,0.0,0.0
pressure_negative,110,25.384780289932852,47.32035528648367,183.9958297008794,183.02470038022335,-0.6158238179990124,0.0,183.9958297008794,183.02470038022335,0.0,0.0,Omega_safe_one_step_QP,True,False,True,0.7269667760146366,0.33902732288963655,-0.33251953125,0.0,0.0
pressure_negative,111,25.38489402296385,47.32229052149216,184.00262773678077,183.02470038022335,-0.6154791509486197,0.0,184.00262773678077,183.02470038022335,0.0,0.0,Omega_safe_one_step_QP,True,False,True,0.7264919483535119,0.3385524952285119,-0.33251953125,0.0,0.0
pressure_negative,112,25.385006735712988,47.32422501887045,184.00942064755145,183.02470038022335,-0.6151351738543605,0.0,184.00942064755145,183.02470038022335,0.0,0.0,Omega_safe_one_step_QP,True,False,True,0.7260191395403165,0.3380796864153165,-0.33251953125,0.0,0.0
pressure_negative,113,25.38511842983146,47.32615877883502,184.016210779719,183.02470038022335,-0.6147918577895465,0.0,184.016210779719,183.02470038022335,0.0,0.0,Omega_safe_one_step_QP,True,False,True,0.7255483480579491,0.3376088949329491,-0.33251953125,0.0,0.0
pressure_negative,114,25.3852291088641,47.32809180197602,184.02299837841758,183.02470038022335,-0.6144492006928286,0.0,184.02299837841758,183.02470038022335,0.0,0.0,Omega_safe_one_step_QP,True,False,True,0.7250795685772352,0.3371401154522352,-0.33251953125,0.0,0.0
pressure_negative,115,25.385338776540404,47.33002408892094,184.02978192893838,183.02470038022335,-0.614107224548604,0.0,184.02978192893838,183.02470038022335,0.0,0.0,Omega_safe_one_step_QP,True,False,True,0.7246127953662067,0.33667334224120676,-0.33251953125,0.0,0.0
pressure_negative,116,25.385447435348958,47.33195564005369,184.03656187487005,183.02470038022335,-0.6137659256352538,0.0,184.03656187487005,183.02470038022335,0.0,0.0,Omega_safe_one_step_QP,True,False,True,0.7241480251342258,0.33620857200922577,-0.33251953125,0.0,0.0
pressure_negative,117,25.385555088127926,47.33388645582774,184.04334030037631,183.02470038022335,-0.6134252771442553,0.0,184.04334030037631,183.02470038022335,0.0,0.0,Omega_safe_one_step_QP,True,False,True,0.7236852538603121,0.3357458007353121,-0.33251953125,0.0,0.0
pressure_negative,118,25.385661739391942,47.33581653702774,184.0501155153159,183.02470038022335,-0.6130853025608946,0.0,184.0501155153159,183.02470038022335,0.0,0.0,Omega_safe_one_step_QP,True,False,True,0.7232244741472392,0.3352850210222392,-0.33251953125,0.0,0.0
pressure_negative,119,25.385767392269507,47.33774588416634,184.0568895336851,183.02470038022335,-0.6127459756201787,0.0,184.0568895336851,183.02470038022335,0.0,0.0,Omega_safe_one_step_QP,True,False,True,0.7227656813306746,0.3348262282056747,-0.33251953125,0.0,0.0
pressure_negative,120,25.385872051507622,47.33967449807602,184.06366060690686,183.02470038022335,-0.6124073203127114,0.0,184.06366060690686,183.02470038022335,0.0,0.0,Omega_safe_one_step_QP,True,False,True,0.7223088674869171,0.3343694143619171,-0.33251953125,0.0,0.0
pressure_negative,121,25.38597572041889,47.34160237930782,184.07042898370705,183.02470038022335,-0.6120693345160376,0.0,184.07042898370705,183.02470038022335,0.0,0.0,Omega_safe_one_step_QP,True,False,True,0.7218540275226668,0.3339145743976668,-0.33251953125,0.0,0.0
pressure_negative,122,25.386078402504403,47.343529528450794,184.0771965859311,183.02470038022335,-0.6117319926706949,0.0,184.0771965859311,183.02470038022335,0.0,0.0,Omega_safe_one_step_QP,True,False,True,0.7214011559387278,0.3334617028137278,-0.33251953125,0.0,0.0
pressure_negative,123,25.38618010280765,47.34545594639892,184.08396158827455,183.02470038022335,-0.6113953194330861,0.0,184.08396158827455,183.02470038022335,0.0,0.0,Omega_safe_one_step_QP,True,False,True,0.7209502441301141,0.33301079100511416,-0.33251953125,0.0,0.0
pressure_negative,124,25.386280824874383,47.347381633752335,184.09072589220142,183.02470038022335,-0.611059289366862,0.0,184.09072589220142,183.02470038022335,0.0,0.0,Omega_safe_one_step_QP,True,False,True,0.720501286450353,0.33256183332535305,-0.33251953125,0.0,0.0
pressure_negative,125,25.386380573776076,47.349306591412805,184.09748765549722,183.02470038022335,-0.6107239272822427,0.0,184.09748765549722,183.02470038022335,0.0,0.0,Omega_safe_one_step_QP,True,False,True,0.7200542741815998,0.3321148210565998,-0.33251953125,0.0,0.0
pressure_negative,126,25.38647935307263,47.35123081998554,184.10424704898932,183.02470038022335,-0.610389231667371,0.0,184.10424704898932,183.02470038022335,0.0,0.0,Omega_safe_one_step_QP,True,False,True,0.7196092015932334,0.33166974846823344,-0.33251953125,0.0,0.0
pressure_negative,127,25.386577166448358,47.353154320101204,184.11102652912655,183.02470038022335,-0.6100548909544835,0.0,184.11102652912655,183.02470038022335,0.0,0.0,Omega_safe_one_step_QP,True,False,True,0.7191660626793699,0.33122660955436994,-0.33251953125,0.0,0.0
pressure_negative,128,25.386674035755764,47.35507709597215,184.11782775113545,183.02470038022335,-0.6097208625152059,0.0,184.11782775113545,183.02470038022335,0.0,0.0,Omega_safe_one_step_QP,True,False,True,0.7187248151699104,0.3307853620449104,-0.33251953125,0.0,0.0
pressure_negative,129,25.386769984100223,47.35699915206338,184.1246212156119,183.02470038022335,-0.6093875358952497,0.0,184.1246212156119,183.02470038022335,0.0,0.0,Omega_safe_one_step_QP,True,False,True,0.7182854142692046,0.3303459611442045,-0.33251953125,0.0,0.0
pressure_negative,130,25.38686501060936,47.35892048812032,184.1314079573231,183.02470038022335,-0.6090549021765663,0.0,184.1314079573231,183.02470038022335,0.0,0.0,Omega_safe_one_step_QP,True,False,True,0.717847862980635,0.32990840985563497,-0.33251953125,0.0,0.0
pressure_negative,131,25.38695911525247,47.360841104054046,184.13818712099845,183.02470038022335,-0.6087229778301934,0.0,184.13818712099845,183.02470038022335,0.0,0.0,Omega_safe_one_step_QP,True,False,True,0.7174121626039143,0.32947270947891427,-0.33251953125,0.0,0.0
pressure_negative,132,25.3870522973068,47.362760999639264,184.14496141763294,183.02470038022335,-0.6083917303590891,0.0,184.14496141763294,183.02470038022335,0.0,0.0,Omega_safe_one_step_QP,True,False,True,0.7169783157946708,0.32903886266967075,-0.33251953125,0.0,0.0
pressure_negative,133,25.3871445582479,47.36468017508373,184.15191164173484,183.02470038022335,-0.6080586394667447,0.0,184.15191164173484,183.02470038022335,0.0,0.0,Omega_safe_one_step_QP,True,False,True,0.7165463207999341,0.32860686767493413,-0.33251953125,0.0,0.0
pressure_negative,134,25.387236045935254,47.36659865944523,184.15889236567327,183.02470038022335,-0.6077255742739771,0.0,184.15889236567327,183.02470038022335,0.0,0.0,Omega_safe_one_step_QP,True,False,True,0.7161158838710742,0.3281764307460741,-0.33251953125,0.0,0.0
pressure_negative,135,25.387326789881676,47.3685164584964,184.16583329757358,183.02470038022335,-0.6073934874948413,0.0,184.16583329757358,183.02470038022335,0.0,0.0,Omega_safe_one_step_QP,True,False,True,0.715686947281905,0.327747494156905,-0.33251953125,0.0,0.0
pressure_negative,136,25.38741676256586,47.3704335667773,184.1727441986464,183.02470038022335,-0.6070622772775475,0.0,184.1727441986464,183.02470038022335,0.0,0.0,Omega_safe_one_step_QP,True,False,True,0.7152595670410058,0.3273201139160058,-0.33251953125,0.0,0.0
pressure_negative,137,25.3875059444809,47.37234998040025,184.17962635760148,183.02470038022335,-0.6067319513368301,0.0,184.17962635760148,183.02470038022335,0.0,0.0,Omega_safe_one_step_QP,True,False,True,0.7148337831504552,0.32689433002545515,-0.33251953125,0.0,0.0
pressure_negative,138,25.387594317241884,47.3742656956936,184.18648770049842,183.02470038022335,-0.6064024233167526,0.0,184.18648770049842,183.02470038022335,0.0,0.0,Omega_safe_one_step_QP,True,False,True,0.7144096333533871,0.32647018022838714,-0.33251953125,0.0,0.0
pressure_negative,139,25.387681868955774,47.37618071026028,184.1933279852192,183.02470038022335,-0.6060737139614804,0.0,184.1933279852192,183.02470038022335,0.0,0.0,Omega_safe_one_step_QP,True,False,True,0.7139871424238132,0.3260476892988132,-0.33251953125,0.0,0.0
pressure_negative,140,25.387768587581466,47.37809502167093,184.20015214423336,183.02470038022335,-0.6057457717333005,0.0,184.20015214423336,183.02470038022335,0.0,0.0,Omega_safe_one_step_QP,True,False,True,0.7135663354106172,0.32562688228561726,-0.33251953125,0.0,0.0
pressure_negative,141,25.38785446512036,47.38000862828973,184.20695914787945,183.02470038022335,-0.6054186241386422,0.0,184.20695914787945,183.02470038022335,0.0,0.0,Omega_safe_one_step_QP,True,False,True,0.7131472292796276,0.3252077761546276,-0.33251953125,0.0,0.0
pressure_negative,142,25.387939492772478,47.38192152832084,184.21375670493228,183.02470038022335,-0.6050921770380948,0.0,184.21375670493228,183.02470038022335,0.0,0.0,Omega_safe_one_step_QP,True,False,True,0.7127298425753148,0.3247903894503148,-0.33251953125,0.0,0.0
pressure_negative,143,25.388023668015435,47.383833721203274,184.22054268248147,183.02470038022335,-0.6047664673018485,0.0,184.22054268248147,183.02470038022335,0.0,0.0,Omega_safe_one_step_QP,True,False,True,0.7123141813017717,0.3243747281767717,-0.33251953125,0.0,0.0
pressure_negative,144,25.388106986610158,47.38574520603708,184.22731700255088,183.02470038022335,-0.6044415049130725,0.0,184.22731700255088,183.02470038022335,0.0,0.0,Omega_safe_one_step_QP,True,False,True,0.7119002548679968,0.3239608017429968,-0.33251953125,0.0,0.0
pressure_negative,145,25.388189444271717,47.38765598191216,184.23408645823534,183.02470038022335,-0.604117203351735,0.0,184.23408645823534,183.02470038022335,0.0,0.0,Omega_safe_one_step_QP,True,False,True,0.7114880727557478,0.3235486196307477,-0.33251953125,0.0,0.0
pressure_negative,146,25.388271042233264,47.38956604900478,184.24084643623897,183.02470038022335,-0.6037936301715348,0.0,184.24084643623897,183.02470038022335,0.0,0.0,Omega_safe_one_step_QP,True,False,True,0.7110776334223006,0.32313818029730057,-0.33251953125,0.0,0.0
pressure_negative,147,25.38835177798771,47.391475406754424,184.2475999323827,183.02470038022335,-0.6034707501516374,0.0,184.2475999323827,183.02470038022335,0.0,0.0,Omega_safe_one_step_QP,True,False,True,0.710668942766939,0.3227294896419391,-0.33251953125,0.0,0.0
pressure_negative,148,25.388431651464153,47.393384055080034,184.25434945148675,183.02470038022335,-0.6031485321785821,0.0,184.25434945148675,183.02470038022335,0.0,0.0,Omega_safe_one_step_QP,True,False,True,0.7102620018121835,0.3223225486871835,-0.33251953125,0.0,0.0
pressure_negative,149,25.388510664620494,47.39529199430037,184.2610936555679,183.02470038022335,-0.6028269969205393,0.0,184.2610936555679,183.02470038022335,0.0,0.0,Omega_safe_one_step_QP,True,False,True,0.7098568075165709,0.3219173543915709,-0.33251953125,0.0,0.0
pressure_negative,150,25.388588818323623,47.3971992245197,184.26783142027236,183.02470038022335,-0.6025061632758677,0.0,184.26783142027236,183.02470038022335,0.0,0.0,Omega_safe_one_step_QP,True,False,True,0.7094533589976519,0.3215139058726519,-0.33251953125,0.0,0.0
pressure_negative,151,25.38866611252678,47.399105745662474,184.27456694932917,183.02470038022335,-0.6021859760433095,0.0,184.27456694932917,183.02470038022335,0.0,0.0,Omega_safe_one_step_QP,True,False,True,0.7090516571785728,0.3211122040535728,-0.33251953125,0.0,0.0
pressure_negative,152,25.388742550587633,47.40101155832404,184.28129861243548,183.02470038022335,-0.6018664583899539,0.0,184.28129861243548,183.02470038022335,0.0,0.0,Omega_safe_one_step_QP,True,False,True,0.7086516961757834,0.3207122430507834,-0.33251953125,0.0,0.0
pressure_negative,153,25.388818134530485,47.402916662837896,184.28802675806477,183.02470038022335,-0.601547607063104,0.0,184.28802675806477,183.02470038022335,0.0,0.0,Omega_safe_one_step_QP,True,False,True,0.7082534727490457,0.3203140196240457,-0.33251953125,0.0,0.0
pressure_negative,154,25.38889286665396,47.40482105959211,184.29475167578448,183.02470038022335,-0.6012294193021193,0.0,184.29475167578448,183.02470038022335,0.0,0.0,Omega_safe_one_step_QP,True,False,True,0.7078569830951953,0.31991752997019535,-0.33251953125,0.0,0.0
pressure_negative,155,25.38896674948219,47.40672474901981,184.30147360604582,183.02470038022335,-0.6009118927553466,0.0,184.30147360604582,183.02470038022335,0.0,0.0,Omega_safe_one_step_QP,True,False,True,0.7074622229458002,0.3195227698208002,-0.33251953125,0.0,0.0
pressure_negative,156,25.38903978572414,47.40862773159122,184.3081927483496,183.02470038022335,-0.6005950254108136,0.0,184.3081927483496,183.02470038022335,0.0,0.0,Omega_safe_one_step_QP,True,False,True,0.707069187648566,0.31912973452356597,-0.33251953125,0.0,0.0
pressure_negative,157,25.389111978239697,47.41053000780702,184.31490926805958,183.02470038022335,-0.6002788155384333,0.0,184.31490926805958,183.02470038022335,0.0,0.0,Omega_safe_one_step_QP,True,False,True,0.7066778722352955,0.3187384191102955,-0.33251953125,0.0,0.0
pressure_negative,158,25.38918333001143,47.41243157819284,184.3216233020834,183.02470038022335,-0.5999632616417906,0.0,184.3216233020834,183.02470038022335,0.0,0.0,Omega_safe_one_step_QP,True,False,True,0.7062882714784835,0.31834881835348355,-0.33251953125,0.0,0.0
pressure_negative,159,25.38925384412104,47.41433244329461,184.32833496361377,183.02470038022335,-0.5996483624179391,0.0,184.32833496361377,183.02470038022335,0.0,0.0,Omega_safe_one_step_QP,True,False,True,0.705900379938591,0.317960926813591,-0.33251953125,0.0,0.0
pressure_negative,160,25.389323523729757,47.41623260367477,184.33504434608125,183.02470038022335,-0.599334116723869,0.0,184.33504434608125,183.02470038022335,0.0,0.0,Omega_safe_one_step_QP,True,False,True,0.7055141920034012,0.3175747388784012,-0.33251953125,0.0,0.0
pressure_negative,161,25.389392372062023,47.41813205990904,184.34175152645207,183.02470038022335,-0.5990205235485468,0.0,184.34175152645207,183.02470038022335,0.0,0.0,Omega_safe_one_step_QP,True,False,True,0.7051297019208633,0.31719024879586327,-0.33251953125,0.0,0.0
pressure_negative,162,25.38946039239189,47.420030812583775,184.34845656797918,183.02470038022335,-0.5987075819895994,0.0,184.34845656797918,183.02470038022335,0.0,0.0,Omega_safe_one_step_QP,True,False,True,0.7047469038264718,0.3168074507014717,-0.33251953125,0.0,0.0
pressure_negative,163,25.389527588031726,47.42192886229374,184.35515952249682,183.02470038022335,-0.5983952912338568,0.0,184.35515952249682,183.02470038022335,0.0,0.0,Omega_safe_one_step_QP,True,False,True,0.7043657917660651,0.31642633864106506,-0.33251953125,0.0,0.0
pressure_negative,164,25.3895939623228,47.423826209640275,184.36192909688404,183.02470038022335,-0.5980826751735431,0.0,184.36192909688404,183.02470038022335,0.0,0.0,Omega_safe_one_step_QP,True,False,True,0.7039863597148706,0.31604690658987056,-0.33251953125,0.0,0.0
pressure_negative,165,25.38965957423054,47.42572286618708,184.36894476515025,183.02470038022335,-0.5977671178808271,0.0,184.36894476515025,183.02470038022335,0.0,0.0,Omega_safe_one_step_QP,True,False,True,0.7036084906895496,0.31566903756454956,-0.33251953125,0.0,0.0
pressure_negative,166,25.389724627818165,47.42761887210668,184.37591928398794,183.02470038022335,-0.5974524686982917,0.0,184.37591928398794,183.02470038022335,0.0,0.0,Omega_safe_one_step_QP,True,False,True,0.70323177828604,0.31529232516103994,-0.33251953125,0.0,0.0
pressure_negative,167,25.389789093724307,47.42951422162609,184.38284891655337,183.02470038022335,-0.5971388177136371,0.0,184.38284891655337,183.02470038022335,0.0,0.0,Omega_safe_one_step_QP,True,False,True,0.7028562816616517,0.3149168285366517,-0.33251953125,0.0,0.0
pressure_negative,168,25.389852939679557,47.43140890839157,184.38973908609242,183.02470038022335,-0.5968261282295024,0.0,184.38973908609242,183.02470038022335,0.0,0.0,Omega_safe_one_step_QP,True,False,True,0.7024820657629861,0.3145426126379861,-0.33251953125,0.0,0.0
pressure_negative,169,25.389916137935877,47.43330292693184,184.39659774243043,183.02470038022335,-0.5965143224013129,0.0,184.39659774243043,183.02470038022335,0.0,0.0,Omega_safe_one_step_QP,True,False,True,0.7021091865078442,0.31416973338284415,-0.33251953125,0.0,0.0
pressure_negative,170,25.389978667294493,47.43519627305894,184.403429807223,183.02470038022335,-0.5962033579378438,0.0,184.403429807223,183.02470038022335,0.0,0.0,Omega_safe_one_step_QP,True,False,True,0.7017376867405674,0.3137982336155673,-0.33251953125,0.0,0.0
pressure_negative,171,25.390040510627404,47.43708894338153,184.41023938558834,183.02470038022335,-0.5958931994821092,0.0,184.41023938558834,183.02470038022335,0.0,0.0,Omega_safe_one_step_QP,True,False,True,0.7013676011755499,0.3134281480505499,-0.33251953125,0.0,0.0
pressure_negative,172,25.390101654199846,47.438980935172424,184.41702818485427,183.02470038022335,-0.5955838419488312,0.0,184.41702818485427,183.02470038022335,0.0,0.0,Omega_safe_one_step_QP,True,False,True,0.7009989577487399,0.3130595046237398,-0.33251953125,0.0,0.0
pressure_negative,173,25.39016208571495,47.44087224598418,184.4238010549261,183.02470038022335,-0.5952752337653685,0.0,184.4238010549261,183.02470038022335,0.0,0.0,Omega_safe_one_step_QP,True,False,True,0.7006317815177803,0.3126923283927803,-0.33251953125,0.0,0.0
pressure_negative,174,25.390221796852842,47.44276287414982,184.43055861482526,183.02470038022335,-0.5949673791098109,0.0,184.43055861482526,183.02470038022335,0.0,0.0,Omega_safe_one_step_QP,True,False,True,0.7002660895978194,0.3123266364728194,-0.33251953125,0.0,0.0
pressure_negative,175,25.390280779828498,47.44465281810558,184.43730308995418,183.02470038022335,-0.5946602586143808,0.0,184.43730308995418,183.02470038022335,0.0,0.0,Omega_safe_one_step_QP,True,False,True,0.6999018980271228,0.3119624449021228,-0.33251953125,0.0,0.0
pressure_negative,176,25.390339028690462,47.44654207664696,184.44403805278753,183.02470038022335,-0.594353831506646,0.0,184.44403805278753,183.02470038022335,0.0,0.0,Omega_safe_one_step_QP,True,False,True,0.6995392191769233,0.3115997660519233,-0.33251953125,0.0,0.0
pressure_negative,177,25.39039654040435,47.448430649142736,184.45076134009065,183.02470038022335,-0.5940481355933241,0.0,184.45076134009065,183.02470038022335,0.0,0.0,Omega_safe_one_step_QP,True,False,True,0.6991780595904442,0.31123860646544416,-0.33251953125,0.0,0.0
pressure_negative,178,25.39045331019633,47.450318534618106,184.45747799911436,183.02470038022335,-0.59374310759162,0.0,184.45747799911436,183.02470038022335,0.0,0.0,Omega_safe_one_step_QP,True,False,True,0.6988184292706997,0.3108789761456997,-0.33251953125,0.0,0.0
pressure_negative,179,25.39050933739922,47.45220573290626,184.4641888205431,183.02470038022335,-0.5934387402657191,0.0,184.4641888205431,183.02470038022335,0.0,0.0,Omega_safe_one_step_QP,True,False,True,0.6984603300203794,0.31052087689537944,-0.33251953125,0.0,0.0
pressure_negative,180,25.390564621988972,47.45409224396694,184.47089103015523,183.02470038022335,-0.5931350766718777,0.0,184.47089103015523,183.02470038022335,0.0,0.0,Omega_safe_one_step_QP,True,False,True,0.6981037623500543,0.3101643092250543,-0.33251953125,0.0,0.0
pressure_negative,181,25.390619161695216,47.45597806731725,184.47758744890243,183.02470038022335,-0.592832082366431,0.0,184.47758744890243,183.02470038022335,0.0,0.0,Omega_safe_one_step_QP,True,False,True,0.697748731241584,0.309809278116584,-0.33251953125,0.0,0.0
pressure_negative,182,25.3906729565413,47.457863202925665,184.4842787199029,183.02470038022335,-0.5925297513851132,0.0,184.4842787199029,183.02470038022335,0.0,0.0,Omega_safe_one_step_QP,True,False,True,0.6973952370929573,0.30945578396795725,-0.33251953125,0.0,0.0
pressure_negative,183,25.39072600707146,47.45974765086333,184.49098254523437,183.02470038022335,-0.5922278323973759,0.0,184.49098254523437,183.02470038022335,0.0,0.0,Omega_safe_one_step_QP,True,False,True,0.6970432792544294,0.30910382612942944,-0.33251953125,0.0,0.0
pressure_negative,184,25.390778328163286,47.461631414025966,184.4976862959405,183.02470038022335,-0.591926492164101,0.0,184.4976862959405,183.02470038022335,0.0,0.0,Omega_safe_one_step_QP,True,False,True,0.6966928284788563,0.3087533753538563,-0.33251953125,0.0,0.0
pressure_negative,185,25.39082992440759,47.463514493286176,184.50438111065034,183.02470038022335,-0.5916258556465988,0.0,184.50438111065034,183.02470038022335,0.0,0.0,Omega_safe_one_step_QP,True,False,True,0.6963438760277898,0.30840442290278985,-0.33251953125,0.0,0.0
pressure_negative,186,25.39088079320078,47.465396888100074,184.51107157776036,183.02470038022335,-0.5913258632092229,0.0,184.51107157776036,183.02470038022335,0.0,0.0,Omega_safe_one_step_QP,True,False,True,0.6959964275040438,0.30805697437904384,-0.33251953125,0.0,0.0
pressure_negative,187,25.39093093566564,47.467278598657394,184.51769287397718,183.02470038022335,-0.5910274485194172,0.0,184.51769287397718,183.02470038022335,0.0,0.0,Omega_safe_one_step_QP,True,False,True,0.6956504810698909,0.30771102794489086,-0.33251953125,0.0,0.0
pressure_negative,188,25.39098030042537,47.46915961480296,184.5241872224703,183.02470038022335,-0.5907315073713422,0.0,184.5241872224703,183.02470038022335,0.0,0.0,Omega_safe_one_step_QP,True,False,True,0.6953061395932465,0.30736668646824644,-0.33251953125,0.0,0.0
pressure_negative,189,25.391028789520973,47.47103991718896,184.53070183830172,183.02470038022335,-0.5904360425533157,0.0,184.53070183830172,183.02470038022335,0.0,0.0,Omega_safe_one_step_QP,True,False,True,0.6949635988468197,0.3070241457218197,-0.33251953125,0.0,0.0
pressure_negative,190,25.391076424605853,47.47291951001164,184.53723817071113,183.02470038022335,-0.5901410109466733,0.0,184.53723817071113,183.02470038022335,0.0,0.0,Omega_safe_one_step_QP,True,False,True,0.6946228160245267,0.30668336289952675,-0.33251953125,0.0,0.0
pressure_negative,191,25.391123228420252,47.47479839768714,184.5437888659666,183.02470038022335,-0.5898464947751463,0.0,184.5437888659666,183.02470038022335,0.0,0.0,Omega_safe_one_step_QP,True,False,True,0.694283746144337,0.3063442930193369,-0.33251953125,0.0,0.0
pressure_negative,192,25.391169217657982,47.476676583446114,184.55035635780393,183.02470038022335,-0.5895524424271622,0.0,184.55035635780393,183.02470038022335,0.0,0.0,Omega_safe_one_step_QP,True,False,True,0.6939463562761485,0.3060069031511486,-0.33251953125,0.0,0.0
pressure_negative,193,25.391214410916863,47.478554070898824,184.55693411385772,183.02470038022335,-0.5892589291414525,0.0,184.55693411385772,183.02470038022335,0.0,0.0,Omega_safe_one_step_QP,True,False,True,0.6936106096844803,0.30567115655948024,-0.33251953125,0.0,0.0
pressure_negative,194,25.39125882143005,47.480430862603306,184.56352181989055,183.02470038022335,-0.5889659468804799,0.0,184.56352181989055,183.02470038022335,0.0,0.0,Omega_safe_one_step_QP,True,False,True,0.6932764803263665,0.3053370272013665,-0.33251953125,0.0,0.0
pressure_negative,195,25.391302462123207,47.4823069610605,184.57011578699576,183.02470038022335,-0.5886735365998167,0.0,184.57011578699576,183.02470038022335,0.0,0.0,Omega_safe_one_step_QP,True,False,True,0.6929439427648234,0.30500448963982335,-0.33251953125,0.0,0.0
pressure_negative,196,25.39134534288281,47.48418236817588,184.57671636348334,183.02470038022335,-0.5883816845916189,0.0,184.57671636348334,183.02470038022335,0.0,0.0,Omega_safe_one_step_QP,True,False,True,0.692612977617528,0.30467352449252805,-0.33251953125,0.0,0.0
pressure_negative,197,25.39138747383784,47.48605708590531,184.58332212982907,183.02470038022335,-0.5880904023257892,0.0,184.58332212982907,183.02470038022335,0.0,0.0,Omega_safe_one_step_QP,True,False,True,0.6922835650115281,0.3043441118865281,-0.33251953125,0.0,0.0
pressure_negative,198,25.39142886392712,47.487931115972806,184.58993190134717,183.02470038022335,-0.5877996992691406,0.0,184.58993190134717,183.02470038022335,0.0,0.0,Omega_safe_one_step_QP,True,False,True,0.6919556874408523,0.30401623431585234,-0.33251953125,0.0,0.0
pressure_negative,199,25.391469521094297,47.48980445990864,184.59654297266852,183.02470038022335,-0.5875096080361528,0.0,184.59654297266852,183.02470038022335,0.0,0.0,Omega_safe_one_step_QP,True,False,True,0.6916293293778482,0.3036898762528482,-0.33251953125,0.0,0.0
pressure_negative,200,25.39150945106031,47.491677118807196,184.60315822928766,183.02470038022335,-0.5872200830380169,0.0,184.60315822928766,183.02470038022335,0.0,0.0,Omega_safe_one_step_QP,True,False,True,0.6913044797216574,0.3033650265966575,-0.33251953125,0.0,0.0
pressure_negative,201,25.39154866186002,47.49354909422032,184.6097732255296,183.02470038022335,-0.5869311819091437,0.0,184.6097732255296,183.02470038022335,0.0,0.0,Omega_safe_one_step_QP,True,False,True,0.6909811227498475,0.3030416696248474,-0.33251953125,0.0,0.0
pressure_negative,202,25.391587157895838,47.4954203869862,184.61639110469062,183.02470038022335,-0.5866428568100607,0.0,184.61639110469062,183.02470038022335,0.0,0.0,Omega_safe_one_step_QP,True,False,True,0.6906592499788954,0.3027197968538954,-0.33251953125,0.0,0.0
pressure_negative,203,25.391624946098165,47.497290998442324,184.6230076361998,183.02470038022335,-0.5863551635805428,0.0,184.6230076361998,183.02470038022335,0.0,0.0,Omega_safe_one_step_QP,True,False,True,0.69033884787699,0.30239939475198996,-0.33251953125,0.0,0.0
pressure_negative,204,25.39166202994357,47.49916092924744,184.62962442620713,183.02470038022335,-0.5860680776748702,0.0,184.62962442620713,183.02470038022335,0.0,0.0,Omega_safe_one_step_QP,True,False,True,0.6900199097952184,0.3020804566702185,-0.33251953125,0.0,0.0
pressure_negative,205,25.391698414195496,47.50103018031477,184.6362411046673,183.02470038022335,-0.5857816015908801,0.0,184.6362411046673,183.02470038022335,0.0,0.0,Omega_safe_one_step_QP,True,False,True,0.6897024265121567,0.30176297338715674,-0.33251953125,0.0,0.0
pressure_negative,206,25.39173410329866,47.50289875249601,184.64285736252515,183.02470038022335,-0.5854957373020535,0.0,184.64285736252515,183.02470038022335,0.0,0.0,Omega_safe_one_step_QP,True,False,True,0.6893863894363839,0.3014469363113838,-0.33251953125,0.0,0.0
pressure_negative,207,25.39176910142974,47.504766646591186,184.6494729416165,183.02470038022335,-0.5852104863434469,0.0,184.6494729416165,183.02470038022335,0.0,0.0,Omega_safe_one_step_QP,True,False,True,0.689071790505535,0.301132337380535,-0.33251953125,0.0,0.0
pressure_negative,208,25.391803412539655,47.50663386335695,184.65608590963197,183.02470038022335,-0.5849258748066514,0.0,184.65608590963197,183.02470038022335,0.0,0.0,Omega_safe_one_step_QP,True,False,True,0.6887586221020774,0.30081916897707733,-0.33251953125,0.0,0.0
pressure_negative,209,25.391837038998663,47.50850040323954,184.6627015136926,183.02470038022335,-0.584641826424698,0.0,184.6627015136926,183.02470038022335,0.0,0.0,Omega_safe_one_step_QP,True,False,True,0.6884468797558423,0.30050742663084234,-0.33251953125,0.0,0.0
pressure_negative,210,25.39186998741697,47.51036626752125,184.66931213559118,183.02470038022335,-0.5843584466254986,0.0,184.66931213559118,183.02470038022335,0.0,0.0,Omega_safe_one_step_QP,True,False,True,0.688136550534638,0.300197097409638,-0.33251953125,0.0,0.0
pressure_negative,211,25.39190225820869,47.512231456265226,184.67592340784702,183.02470038022335,-0.5840756558219778,0.0,184.67592340784702,183.02470038022335,0.0,0.0,Omega_safe_one_step_QP,True,False,True,0.6878276338595316,0.2998881807345316,-0.33251953125,0.0,0.0
pressure_negative,212,25.391933856347876,47.514095970433225,184.68253318365342,183.02470038022335,-0.5837934819170953,0.0,184.68253318365342,183.02470038022335,0.0,0.0,Omega_safe_one_step_QP,True,False,True,0.687520120051584,0.299580666926584,-0.33251953125,0.0,0.0
pressure_negative,213,25.391964785050067,47.51595981064181,184.6891413813632,183.02470038022335,-0.5835119249118963,0.0,184.6891413813632,183.02470038022335,0.0,0.0,Omega_safe_one_step_QP,True,False,True,0.6872140029343271,0.2992745498093271,-0.33251953125,0.0,0.0
pressure_negative,214,25.391995047451847,47.51782297749283,184.69574621597855,183.02470038022335,-0.5832310096797103,0.0,184.69574621597855,183.02470038022335,0.0,0.0,Omega_safe_one_step_QP,True,False,True,0.6869092764839624,0.2989698233589623,-0.33251953125,0.0,0.0
pressure_negative,215,25.392024645231675,47.519685471301635,184.7023513409462,183.02470038022335,-0.5829506836764519,0.0,184.7023513409462,183.02470038022335,0.0,0.0,Omega_safe_one_step_QP,True,False,True,0.6866059375802648,0.2986664844552648,-0.33251953125,0.0,0.0
pressure_negative,216,25.392053583020115,47.52154729296572,184.70895295145763,183.02470038022335,-0.5826709993421805,0.0,184.70895295145763,183.02470038022335,0.0,0.0,Omega_safe_one_step_QP,True,False,True,0.6863039772102786,0.2983645240852786,-0.33251953125,0.0,0.0
pressure_negative,217,25.39208186234784,47.523408442772975,184.71555472554047,183.02470038022335,-0.5823919038694191,0.0,184.71555472554047,183.02470038022335,0.0,0.0,Omega_safe_one_step_QP,True,False,True,0.686003392539358,0.29806393941435805,-0.33251953125,0.0,0.0
pressure_negative,218,25.392109487718127,47.52526892159742,184.72215287891657,183.02470038022335,-0.5821134495570762,0.0,184.72215287891657,183.02470038022335,0.0,0.0,Omega_safe_one_step_QP,True,False,True,0.6857041747994217,0.2977647216744217,-0.33251953125,0.0,0.0
pressure_negative,219,25.39213646055148,47.52712872970683,184.72875110674835,183.02470038022335,-0.5818355833981231,0.0,184.72875110674835,183.02470038022335,0.0,0.0,Omega_safe_one_step_QP,True,False,True,0.6854063213667361,0.29746686824173607,-0.33251953125,0.0,0.0
pressure_negative,220,25.392162785255334,47.528987867957895,184.7353456390733,183.02470038022335,-0.5815583576030191,0.0,184.7353456390733,183.02470038022335,0.0,0.0,Omega_safe_one_step_QP,True,False,True,0.685109823655729,0.29717037053072903,-0.33251953125,0.0,0.0
pressure_negative,221,25.392188463166317,47.530846336603375,184.74194018300432,183.02470038022335,-0.5812817190097715,0.0,184.74194018300432,183.02470038022335,0.0,0.0,Omega_safe_one_step_QP,True,False,True,0.6848146792014822,0.2968752260764822,-0.33251953125,0.0,0.0
pressure_negative,222,25.392213498618,47.53270413648692,184.74853097856874,183.02470038022335,-0.5810057197770282,0.0,184.74853097856874,183.02470038022335,0.0,0.0,Omega_safe_one_step_QP,True,False,True,0.684520879557436,0.29658142643243607,-0.33251953125,0.0,0.0
pressure_negative,223,25.39223789288153,47.53456126784988,184.7551217412195,183.02470038022335,-0.5807303066190415,0.0,184.7551217412195,183.02470038022335,0.0,0.0,Omega_safe_one_step_QP,True,False,True,0.684228422381125,0.2962889692561251,-0.33251953125,0.0,0.0
pressure_negative,224,25.39226165023201,47.536417731525844,184.7617087179626,183.02470038022335,-0.5804555316680885,0.0,184.7617087179626,183.02470038022335,0.0,0.0,Omega_safe_one_step_QP,True,False,True,0.6839372993346093,0.29599784620960934,-0.33251953125,0.0,0.0
pressure_negative,225,25.392284771888,47.53827352774725,184.76829563007647,183.02470038022335,-0.5801813415365769,0.0,184.76829563007647,183.02470038022335,0.0,0.0,Omega_safe_one_step_QP,True,False,True,0.6836475081724998,0.2957080550474997,-0.33251953125,0.0,0.0
pressure_negative,226,25.39230726207694,47.54012865733974,184.77487872944823,183.02470038022335,-0.5799077883480984,0.0,184.77487872944823,183.02470038022335,0.0,0.0,Omega_safe_one_step_QP,True,False,True,0.6833590406442354,0.29541958751923536,-0.33251953125,0.0,0.0
pressure_negative,227,25.39232912197386,47.541983120528606,184.7814600248193,183.02470038022335,-0.5796348437593634,0.0,184.7814600248193,183.02470038022335,0.0,0.0,Omega_safe_one_step_QP,True,False,True,0.6830718945837105,0.29513244145871054,-0.33251953125,0.0,0.0
pressure_negative,228,25.39235035437592,47.54383691785907,184.78803948223117,183.02470038022335,-0.579362507290432,0.0,184.78803948223117,183.02470038022335,0.0,0.0,Omega_safe_one_step_QP,True,False,True,0.6827860645857615,0.2948466114607616,-0.33251953125,0.0,0.0
pressure_negative,229,25.392370962041593,47.545690049869464,184.79461878979717,183.02470038022335,-0.5790907532585134,0.0,184.79461878979717,183.02470038022335,0.0,0.0,Omega_safe_one_step_QP,True,False,True,0.6825015453188266,0.2945620921938266,-0.33251953125,0.0,0.0
pressure_negative,230,25.392390949085435,47.547542517366054,184.8011942128428,183.02470038022335,-0.5788196337381881,0.0,184.8011942128428,183.02470038022335,0.0,0.0,Omega_safe_one_step_QP,True,False,True,0.6822183287430148,0.29427887561801486,-0.33251953125,0.0,0.0
pressure_negative,231,25.39241031658091,47.54939432055695,184.80776948794517,183.02470038022335,-0.5785490950578547,0.0,184.80776948794517,183.02470038022335,0.0,0.0,Omega_safe_one_step_QP,True,False,True,0.6819364128805965,0.29399695975559653,-0.33251953125,0.0,0.0
pressure_negative,232,25.392429068623343,47.55124546024598,184.8143408798076,183.02470038022335,-0.5782791893297483,0.0,184.8143408798076,183.02470038022335,0.0,0.0,Omega_safe_one_step_QP,True,False,True,0.681655789723232,0.29371633659823204,-0.33251953125,0.0,0.0
pressure_negative,233,25.392447206266517,47.55309593663874,184.82091040787736,183.02470038022335,-0.5780098880296578,0.0,184.82091040787736,183.02470038022335,0.0,0.0,Omega_safe_one_step_QP,True,False,True,0.6813764573257536,0.2934370042007536,-0.33251953125,0.0,0.0
pressure_negative,234,25.392464732195517,47.554945750262526,184.8274780471701,183.02470038022335,-0.577741190574018,0.0,184.8274780471701,183.02470038022335,0.0,0.0,Omega_safe_one_step_QP,True,False,True,0.6810984104860712,0.2931589573610712,-0.33251953125,0.0,0.0
pressure_negative,235,25.392481649064415,47.55679490163922,184.83404549331823,183.02470038022335,-0.5774730711270034,0.0,184.83404549331823,183.02470038022335,0.0,0.0,Omega_safe_one_step_QP,True,False,True,0.6808216440607626,0.2928821909357626,-0.33251953125,0.0,0.0
pressure_negative,236,25.392497960889887,47.5586433915599,184.8406090179612,183.02470038022335,-0.5772055818062214,0.0,184.8406090179612,183.02470038022335,0.0,0.0,Omega_safe_one_step_QP,True,False,True,0.6805461501854857,0.29260669706048575,-0.33251953125,0.0,0.0
pressure_negative,237,25.39251366865299,47.56049122021854,184.84717064633836,183.02470038022335,-0.5769386939800067,0.0,184.84717064633836,183.02470038022335,0.0,0.0,Omega_safe_one_step_QP,True,False,True,0.6802719270475159,0.292332473922516,-0.33251953125,0.0,0.0
pressure_negative,238,25.392528774971048,47.562338388131785,184.85373035832518,183.02470038022335,-0.5766724070061537,0.0,184.85373035832518,183.02470038022335,0.0,0.0,Omega_safe_one_step_QP,True,False,True,0.6799989695675532,0.29205951644255324,-0.33251953125,0.0,0.0
pressure_negative,239,25.392543282434577,47.564184895811685,184.86028813701336,183.02470038022335,-0.5764067202109008,0.0,184.86028813701336,183.02470038022335,0.0,0.0,Omega_safe_one_step_QP,True,False,True,0.6797272727168022,0.2917878195918022,-0.33251953125,0.0,0.0
pressure_negative,240,25.39255719361001,47.56603074376622,184.8668456847957,183.02470038022335,-0.57614160762897,0.0,184.8668456847957,183.02470038022335,0.0,0.0,Omega_safe_one_step_QP,True,False,True,0.6794568315116298,0.2915173783866298,-0.33251953125,0.0,0.0
pressure_negative,241,25.392570512432187,47.56787593277367,184.87339927898387,183.02470038022335,-0.5758771214093594,0.0,184.87339927898387,183.02470038022335,0.0,0.0,Omega_safe_one_step_QP,True,False,True,0.679187638236198,0.291248185111198,-0.33251953125,0.0,0.0
pressure_negative,242,25.39258323980524,47.56972046301616,184.87995094955335,183.02470038022335,-0.5756132328092782,0.0,184.87995094955335,183.02470038022335,0.0,0.0,Omega_safe_one_step_QP,True,False,True,0.6789196912167739,0.2909802380917738,-0.33251953125,0.0,0.0
pressure_negative,243,25.3925953782737,47.571564334999294,184.88650068036281,183.02470038022335,-0.5753499411319632,0.0,184.88650068036281,183.02470038022335,0.0,0.0,Omega_safe_one_step_QP,True,False,True,0.6786529855050878,0.29071353238008774,-0.33251953125,0.0,0.0
pressure_negative,244,25.392606930358802,47.57340754922474,184.8930484578498,183.02470038022335,-0.5750872456547201,0.0,184.8930484578498,183.02470038022335,0.0,0.0,Omega_safe_one_step_QP,True,False,True,0.6783875161966559,0.29044806307165594,-0.33251953125,0.0,0.0
pressure_negative,245,25.39261789856067,47.57525010619066,184.89959427060435,183.02470038022335,-0.5748251456326106,0.0,184.89959427060435,183.02470038022335,0.0,0.0,Omega_safe_one_step_QP,True,False,True,0.6781232784264903,0.29018382530149034,-0.33251953125,0.0,0.0
pressure_negative,246,25.39262828536013,47.577092006392064,184.90613810901903,183.02470038022335,-0.574563640301459,0.0,184.90613810901903,183.02470038022335,0.0,0.0,Omega_safe_one_step_QP,True,False,True,0.6778602673655199,0.28992081424051985,-0.33251953125,0.0,0.0
pressure_negative,247,25.39263809322026,47.57893325032112,184.91268168160641,183.02470038022335,-0.5743027035466183,0.0,184.91268168160641,183.02470038022335,0.0,0.0,Omega_safe_one_step_QP,True,False,True,0.6775984782175586,0.2896590250925586,-0.33251953125,0.0,0.0
pressure_negative,248,25.392647325977915,47.58077383874132,184.91922127082535,183.02470038022335,-0.5740423875832387,0.0,184.91922127082535,183.02470038022335,0.0,0.0,Omega_safe_one_step_QP,True,False,True,0.6773379034438793,0.28939845031887934,-0.33251953125,0.0,0.0
pressure_negative,249,25.392655984443763,47.58261377182089,184.92575891094646,183.02470038022335,-0.5737826635363311,0.0,184.92575891094646,183.02470038022335,0.0,0.0,Omega_safe_one_step_QP,True,False,True,0.677078541539194,0.28913908841419395,-0.33251953125,0.0,0.0
pressure_negative,250,25.39266407107272,47.584453050052225,184.93229287284132,183.02470038022335,-0.573523556014006,0.0,184.93229287284132,183.02470038022335,0.0,0.0,Omega_safe_one_step_QP,True,False,True,0.6768203877163468,0.28888093459134684,-0.33251953125,0.0,0.0
pressure_negative,251,25.392671586909447,47.58629167365051,184.93882857330877,183.02470038022335,-0.5732649857998133,0.0,184.93882857330877,183.02470038022335,0.0,0.0,Omega_safe_one_step_QP,True,False,True,0.6765634399986802,0.2886239868736802,-0.33251953125,0.0,0.0
pressure_negative,252,25.39267853738134,47.588129643694735,184.94536025276767,183.02470038022335,-0.5730070332831979,0.0,184.94536025276767,183.02470038022335,0.0,0.0,Omega_safe_one_step_QP,True,False,True,0.6763076876656888,0.2883682345406889,-0.33251953125,0.0,0.0
pressure_negative,253,25.392684923229385,47.58996696034194,184.95188995144412,183.02470038022335,-0.572749669485717,0.0,184.95188995144412,183.02470038022335,0.0,0.0,Omega_safe_one_step_QP,True,False,True,0.6760531293418419,0.288113676216842,-0.33251953125,0.0,0.0
pressure_negative,254,25.392690746843922,47.591803624074316,184.9584176618121,183.02470038022335,-0.5724928935955769,0.0,184.9584176618121,183.02470038022335,0.0,0.0,Omega_safe_one_step_QP,True,False,True,0.6757997603597449,0.28786030723474487,-0.33251953125,0.0,0.0
pressure_negative,255,25.392696010599565,47.59363963537159,184.96494337753728,183.02470038022335,-0.5722367047872998,0.0,184.96494337753728,183.02470038022335,0.0,0.0,Omega_safe_one_step_QP,True,False,True,0.675547576081206,0.287608122956206,-0.33251953125,0.0,0.0
pressure_negative,256,25.392700716856226,47.5954749947112,184.97146709328052,183.02470038022335,-0.5719811022234602,0.0,184.97146709328052,183.02470038022335,0.0,0.0,Omega_safe_one_step_QP,True,False,True,0.6752965718952517,0.28735711877025166,-0.33251953125,0.0,0.0
pressure_negative,257,25.39270486795999,47.59730970256849,184.97798880453726,183.02470038022335,-0.5717260850560651,0.0,184.97798880453726,183.02470038022335,0.0,0.0,Omega_safe_one_step_QP,True,False,True,0.6750467432164191,0.28710729009141905,-0.33251953125,0.0,0.0
pressure_negative,258,25.39270846624383,47.599143759416805,184.98450850750336,183.02470038022335,-0.5714716524277398,0.0,184.98450850750336,183.02470038022335,0.0,0.0,Omega_safe_one_step_QP,True,False,True,0.6747980854833618,0.28685863235836184,-0.33251953125,0.0,0.0
pressure_negative,259,25.39271151402823,47.600977165727656,184.99102619895987,183.02470038022335,-0.571217803472761,0.0,184.99102619895987,183.02470038022335,0.0,0.0,Omega_safe_one_step_QP,True,False,True,0.6745505941576583,0.2866111410326583,-0.33251953125,0.0,0.0
pressure_negative,260,25.392714013621713,47.60280992197079,184.99754187618092,183.02470038022335,-0.5709645373178536,0.0,184.99754187618092,183.02470038022335,0.0,0.0,Omega_safe_one_step_QP,True,False,True,0.674304264722787,0.286364811597787,-0.33251953125,0.0,0.0
pressure_negative,261,25.392715967321283,47.604642028614286,185.00405553685428,183.02470038022335,-0.5707118530829235,0.0,185.00405553685428,183.02470038022335,0.0,0.0,Omega_safe_one_step_QP,True,False,True,0.6740590926832981,0.28611963955829817,-0.33251953125,0.0,0.0
pressure_negative,262,25.392717377412797,47.60647348612463,185.01056717901548,183.02470038022335,-0.5704597498816524,0.0,185.01056717901548,183.02470038022335,0.0,0.0,Omega_safe_one_step_QP,True,False,True,0.6738150735640875,0.2858756204390876,-0.33251953125,0.0,0.0
pressure_negative,263,25.392718246171295,47.60830429496676,185.01707680099386,183.02470038022335,-0.5702082268219909,0.0,185.01707680099386,183.02470038022335,0.0,0.0,Omega_safe_one_step_QP,True,False,True,0.6735722029097864,0.28563274978478637,-0.33251953125,0.0,0.0
pressure_negative,264,25.392718575861284,47.610134455604125,185.02358268475177,183.02470038022335,-0.569957308500971,0.0,185.02358268475177,183.02470038022335,0.0,0.0,Omega_safe_one_step_QP,True,False,True,0.6733304762842314,0.28539102315923137,-0.33251953125,0.0,0.0
pressure_negative,265,25.392718367346724,47.61196396822482,185.03008853974802,183.02470038022335,-0.5697069406873956,0.0,185.03008853974802,183.02470038022335,0.0,0.0,Omega_safe_one_step_QP,True,False,True,0.6730898920429613,0.28515043891796127,-0.33251953125,0.0,0.0
pressure_negative,266,25.392717624492274,47.61379283360839,185.03659232492788,183.02470038022335,-0.5694571506984132,0.0,185.03659232492788,183.02470038022335,0.0,0.0,Omega_safe_one_step_QP,True,False,True,0.6728504425547482,0.28491098942974824,-0.33251953125,0.0,0.0
pressure_negative,267,25.392716349493995,47.61562105220663,185.0430940470172,183.02470038022335,-0.5692079375582317,0.0,185.0430940470172,183.02470038022335,0.0,0.0,Omega_safe_one_step_QP,True,False,True,0.6726121235147309,0.2846726703897309,-0.33251953125,0.0,0.0
pressure_negative,268,25.392714544544525,47.61744862447121,185.049593711609,183.02470038022335,-0.5689593002976168,0.0,185.049593711609,183.02470038022335,0.0,0.0,Omega_safe_one_step_QP,True,False,True,0.6723749306232014,0.2844354774982014,-0.33251953125,0.0,0.0
pressure_negative,269,25.39271221183216,47.61927555085352,185.05613252208383,183.02470038022335,-0.5687106250026533,0.0,185.05613252208383,183.02470038022335,0.0,0.0,Omega_safe_one_step_QP,True,False,True,0.6721388595874821,0.2841994064624821,-0.33251953125,0.0,0.0
pressure_negative,270,25.392709386905963,47.62110183837892,185.06287548518242,183.02470038022335,-0.5684594115758271,0.0,185.06287548518242,183.02470038022335,0.0,0.0,Omega_safe_one_step_QP,True,False,True,0.6719038395732476,0.2839643864482476,-0.33251953125,0.0,0.0
pressure_negative,271,25.39270623880664,47.622927520385254,185.0695850280043,183.02470038022335,-0.5682089788759023,0.0,185.0695850280043,183.02470038022335,0.0,0.0,Omega_safe_one_step_QP,True,False,True,0.6716695334865859,0.2837300803615858,-0.33251953125,0.0,0.0
pressure_negative,272,25.392702743489153,47.624752592209624,185.0762612351372,183.02470038022335,-0.5679593581582748,0.0,185.0762612351372,183.02470038022335,0.0,0.0,Omega_safe_one_step_QP,True,False,True,0.6714359893477788,0.2834965362227788,-0.33251953125,0.0,0.0
pressure_negative,273,25.39269887707365,47.62657704921529,185.08290587300394,183.02470038022335,-0.5677105555182763,0.0,185.08290587300394,183.02470038022335,0.0,0.0,Omega_safe_one_step_QP,True,False,True,0.6712032548469564,0.28326380172195637,-0.33251953125,0.0,0.0
pressure_negative,274,25.39269461720689,47.628400887059975,185.08952726803247,183.02470038022335,-0.5674624773925313,0.0,185.08952726803247,183.02470038022335,0.0,0.0,Omega_safe_one_step_QP,True,False,True,0.6709713746286428,0.28303192150364276,-0.33251953125,0.0,0.0
pressure_negative,275,25.392689948368908,47.63022410274186,185.09612723140467,183.02470038022335,-0.5672151184892172,0.0,185.09612723140467,183.02470038022335,0.0,0.0,Omega_safe_one_step_QP,True,False,True,0.6707403797073037,0.2828009265823037,-0.33251953125,0.0,0.0
pressure_negative,276,25.392684856568952,47.63204669355634,185.1028840785881,183.02470038022335,-0.5669658391915473,0.0,185.1028840785881,183.02470038022335,0.0,0.0,Omega_safe_one_step_QP,True,False,True,0.6705102980464204,0.2825708449214203,-0.33251953125,0.0,0.0
pressure_negative,277,25.392679472285693,47.63386868526126,185.1096074045451,183.02470038022335,-0.566717311023145,0.0,185.1096074045451,183.02470038022335,0.0,0.0,Omega_safe_one_step_QP,True,False,True,0.6702808694557396,0.28234141633073967,-0.33251953125,0.0,0.0
pressure_negative,278,25.39267377126763,47.635690073161044,185.1162938911422,183.02470038022335,-0.5664696163328791,0.0,185.1162938911422,183.02470038022335,0.0,0.0,Omega_safe_one_step_QP,True,False,True,0.670052142358134,0.282112689233134,-0.33251953125,0.0,0.0
pressure_negative,279,25.39266772667348,47.63751085204336,185.1229476017313,183.02470038022335,-0.5662227307932443,0.0,185.1229476017313,183.02470038022335,0.0,0.0,Omega_safe_one_step_QP,True,False,True,0.669824170341437,0.28188471721643704,-0.33251953125,0.0,0.0
pressure_negative,280,25.39266131506071,47.63933101735845,185.12957363630593,183.02470038022335,-0.5659766102413244,0.0,185.12957363630593,183.02470038022335,0.0,0.0,Omega_safe_one_step_QP,True,False,True,0.6695970002140335,0.2816575470890335,-0.33251953125,0.0,0.0
pressure_negative,281,25.392654517211415,47.64115056538273,185.13617625010428,183.02470038022335,-0.5657312176707018,0.0,185.13617625010428,183.02470038022335,0.0,0.0,Omega_safe_one_step_QP,True,False,True,0.6693706703575494,0.2814312172325494,-0.33251953125,0.0,0.0
pressure_negative,282,25.39264731743117,47.642969493081765,185.14275899353942,183.02470038022335,-0.565486522044986,0.0,185.14275899353942,183.02470038022335,0.0,0.0,Omega_safe_one_step_QP,True,False,True,0.6691452121252095,0.2812057590002095,-0.33251953125,0.0,0.0
pressure_negative,283,25.392639702964026,47.64478779799594,185.14932311234082,183.02470038022335,-0.5652425229704019,0.0,185.14932311234082,183.02470038022335,0.0,0.0,Omega_safe_one_step_QP,True,False,True,0.668920651008575,0.28098119788357506,-0.33251953125,0.0,0.0
pressure_negative,284,25.392631662114177,47.64660547787114,185.1558747888342,183.02470038022335,-0.5649991448841553,0.0,185.1558747888342,183.02470038022335,0.0,0.0,Omega_safe_one_step_QP,True,False,True,0.6686970103839296,0.28075755725892965,-0.33251953125,0.0,0.0
pressure_negative,285,25.39262318823972,47.648422531445945,185.16241232872855,183.02470038022335,-0.5647564234170518,0.0,185.16241232872855,183.02470038022335,0.0,0.0,Omega_safe_one_step_QP,True,False,True,0.6684743035464716,0.28053485042147164,-0.33251953125,0.0,0.0
pressure_negative,286,25.39261427335324,47.65023895719204,185.16893773777534,183.02470038022335,-0.564514340640733,0.0,185.16893773777534,183.02470038022335,0.0,0.0,Omega_safe_one_step_QP,True,False,True,0.6682525464742077,0.28031309334920773,-0.33251953125,0.0,0.0
pressure_negative,287,25.392604911123787,47.65205475390536,185.17545612275183,183.02470038022335,-0.5642728300448289,0.0,185.17545612275183,183.02470038022335,0.0,0.0,Omega_safe_one_step_QP,True,False,True,0.668031751840358,0.28009229871535807,-0.33251953125,0.0,0.0
pressure_negative,288,25.392595099381666,47.65386992120009,185.18196660860363,183.02470038022335,-0.5640319091988584,0.0,185.18196660860363,183.02470038022335,0.0,0.0,Omega_safe_one_step_QP,True,False,True,0.6678119240174221,0.279872470892422,-0.33251953125,0.0,0.0
pressure_negative,289,25.392584835257136,47.65568445855188,185.18846845831973,183.02470038022335,-0.5637915945406399,0.0,185.18846845831973,183.02470038022335,0.0,0.0,Omega_safe_one_step_QP,True,False,True,0.6675930687731884,0.2796536156481884,-0.33251953125,0.0,0.0
pressure_negative,290,25.39257411529503,47.65749836532025,185.19496448329477,183.02470038022335,-0.5635518501260564,0.0,185.19496448329477,183.02470038022335,0.0,0.0,Omega_safe_one_step_QP,True,False,True,0.6673751930421765,0.27943573991717646,-0.33251953125,0.0,0.0
pressure_negative,291,25.39256293833088,47.65931164131514,185.20145360299077,183.02470038022335,-0.5633126953136823,0.0,185.20145360299077,183.02470038022335,0.0,0.0,Omega_safe_one_step_QP,True,False,True,0.6671582991890722,0.2792188460640722,-0.33251953125,0.0,0.0
pressure_negative,292,25.39255130232971,47.66112428617465,185.20793662556142,183.02470038022335,-0.5630741223036945,0.0,185.20793662556142,183.02470038022335,0.0,0.0,Omega_safe_one_step_QP,True,False,True,0.6669423913138812,0.27900293818888117,-0.33251953125,0.0,0.0
pressure_negative,293,25.39253920591916,47.662936299666875,185.214417658566,183.02470038022335,-0.562836072933128,0.0,185.214417658566,183.02470038022335,0.0,0.0,Omega_safe_one_step_QP,True,False,True,0.6667274721940878,0.2787880190690878,-0.33251953125,0.0,0.0
pressure_negative,294,25.392526651058883,47.66474768221609,185.22089156004003,183.02470038022335,-0.5625986233758767,0.0,185.22089156004003,183.02470038022335,0.0,0.0,Omega_safe_one_step_QP,True,False,True,0.6665135379603606,0.27857408483536056,-0.33251953125,0.0,0.0
pressure_negative,295,25.392513635536233,47.66655843342494,185.22736260201162,183.02470038022335,-0.5623617140709051,0.0,185.22736260201162,183.02470038022335,0.0,0.0,Omega_safe_one_step_QP,True,False,True,0.6663005930642834,0.2783611399392834,-0.33251953125,0.0,0.0
pressure_negative,296,25.392500160607156,47.66836855357893,185.2338309295957,183.02470038022335,-0.5621253427912439,0.0,185.2338309295957,183.02470038022335,0.0,0.0,Omega_safe_one_step_QP,True,False,True,0.666088635038276,0.278149181913276,-0.33251953125,0.0,0.0
pressure_negative,297,25.392486227639978,47.67017804298603,185.24029494729675,183.02470038022335,-0.5618895332907984,0.0,185.24029494729675,183.02470038022335,0.0,0.0,Omega_safe_one_step_QP,True,False,True,0.6658776611896831,0.277938208064683,-0.33251953125,0.0,0.0
pressure_negative,298,25.39247183670527,47.67198690169884,185.2467584668319,183.02470038022335,-0.5616542298188417,0.0,185.2467584668319,183.02470038022335,0.0,0.0,Omega_safe_one_step_QP,True,False,True,0.6656676714133776,0.2777282182883775,-0.33251953125,0.0,0.0
pressure_negative,299,25.392456990960202,47.67379513037814,185.2532195326481,183.02470038022335,-0.5614194591575238,0.0,185.2532195326481,183.02470038022335,0.0,0.0,Omega_safe_one_step_QP,True,False,True,0.6654586594469609,0.27751920632196087,-0.33251953125,0.0,0.0
