mode,action_family,trial,step,a_P100,a_F200,e0_in_Z,e_before_in_Z,e_next_X2,e_next_P2,w_X2,w_P2,w_in_W,physical_state_violation,physical_input_violation,robust_state_violation,robust_input_violation,robust_region_violation,qp_infeasible,tube_violation,disturbance_bound_exceedance,ancillary_clip_norm,residual_applied_norm
current_5pct_box,random,0,0,-0.868137363637387,-0.6873932443233737,True,True,-0.00031634258140503154,1.016848743057642e-05,-0.00031634258140503154,1.016848743057642e-05,True,False,False,False,False,False,False,False,False,0.0,0.018721679291432123
current_5pct_box,random,0,1,0.29672511645401145,0.039929300390020295,True,True,-0.0002951488031836062,2.9415128530803e-05,-3.0212463992802514e-05,1.2029556772625393e-05,True,False,False,False,False,False,False,False,False,3.631675809556464e-15,0.005374529377135614
current_5pct_box,random,0,2,-0.3198047170455547,-0.13114636086044773,True,True,2.0305368460636178e-05,4.103991414238337e-05,0.0002678293330281678,4.978415509616057e-06,True,False,False,False,False,False,False,False,False,1.4874512863880938e-15,0.006083335949543434
current_5pct_box,random,0,3,0.6494510004503797,0.8073729115790447,True,True,-0.00018839720102526727,3.3139776051497474e-05,-0.0002046970606562073,-7.2544585973061645e-06,True,False,False,False,False,False,False,False,False,1.7089115263690199e-15,0.01683227073726475
current_5pct_box,random,0,4,-0.20319554229863845,-0.7153925816444453,True,True,-0.00047422636412317937,2.703195745093607e-05,-0.0003159855220284892,-1.0287430551432995e-05,True,False,False,False,False,False,False,False,False,2.909778356682517e-15,0.011337081794978401
current_5pct_box,random,0,5,-0.5009769504947255,0.0798749014129756,True,True,-0.000422005550472467,5.305957875665307e-05,-2.4642252082914417e-05,1.5260135618476426e-05,True,False,False,False,False,False,False,False,False,7.942419641965605e-16,0.009096831380672398
current_5pct_box,random,0,6,-0.23122497882846904,0.06082968108159803,True,True,-0.000670428399698438,7.201236181529677e-05,-0.00031633087628404004,9.497901498087412e-06,True,False,False,False,False,False,False,False,False,3.776636834314514e-15,0.004260893486453189
current_5pct_box,random,0,7,0.9812059844407737,0.2547075649106427,True,True,-0.0005669705290297761,8.223404474978665e-05,-4.633640979081026e-06,-4.852763252192898e-06,True,False,False,False,False,False,False,False,False,3.6020405161006254e-15,0.018070224317907158
current_5pct_box,random,0,8,0.5900786105362026,-0.5536461894988178,True,True,-0.00020800256508270545,9.479355283041804e-05,0.00026791789608252643,-9.535847649703793e-08,True,False,False,False,False,False,False,False,False,8.112350455073246e-16,0.013482669601765553
current_5pct_box,random,0,9,0.9580763324708108,-0.7823099926258814,True,True,2.2584111096146442e-05,0.00011830464475806742,0.00019827753034608596,1.9151214894558762e-05,True,False,False,False,False,False,False,False,False,2.3413729260872967e-15,0.02085916901247296
current_5pct_box,corners,0,0,-1.0,-1.0,True,True,-0.00031634258140503154,1.016848743057642e-05,-0.00031634258140503154,1.016848743057642e-05,True,False,False,False,False,False,False,False,False,0.0,0.023430749027719962
current_5pct_box,corners,0,1,-1.0,1.0,True,True,-7.861504274689688e-05,3.3479411773600334e-05,0.0001863212964439162,1.609384001542367e-05,True,False,False,False,False,False,False,False,False,1.6280590076193872e-15,0.023430749027719962
current_5pct_box,corners,0,2,1.0,-1.0,True,True,1.7927183346137988e-05,5.229908661805742e-05,8.429115915812985e-05,1.716157538454108e-05,True,False,False,False,False,False,False,False,False,2.2030004657675763e-15,0.023430749027719962
current_5pct_box,corners,0,3,1.0,1.0,True,True,0.00019057105481819377,5.317017318949502e-05,0.00017645224285231056,1.5114408993254407e-06,True,False,False,False,False,False,False,False,False,3.562957491873082e-15,0.023430749027719962
current_5pct_box,corners,0,4,-1.0,-1.0,True,True,-0.00015738647899421048,3.827557298396032e-05,-0.0003159855220284892,-1.0287430551432995e-05,True,False,False,False,False,False,False,False,False,3.1503266092058575e-15,0.023430749027719962
current_5pct_box,corners,0,5,-1.0,1.0,True,True,-0.00044835876462554636,3.1433437607990604e-05,-0.0003159855220284892,-1.0287430551432993e-05,True,False,False,False,False,False,False,False,False,2.3761010704274414e-15,0.023430749027719962
current_5pct_box,corners,0,6,1.0,-1.0,True,True,-0.00010796831130564692,4.712890190115601e-05,0.00026781951267769444,5.54102301143206e-06,True,False,False,False,False,False,False,False,False,2.778894897844046e-15,0.023430749027719962
current_5pct_box,corners,0,7,1.0,1.0,True,True,-1.4110995259623886e-05,4.597412927950624e-05,7.705139987332025e-05,-3.4269455604501276e-06,True,False,False,False,False,False,False,False,False,2.3269148137264347e-15,0.023430749027719962
current_5pct_box,corners,0,8,-1.0,-1.0,True,True,0.0002553293069729098,4.600152158421291e-05,0.00026791789608252643,-9.535847649703793e-08,True,False,False,False,False,False,False,False,False,2.9533818743530062e-15,0.023430749027719962
current_5pct_box,corners,0,9,-1.0,1.0,True,True,0.0004808379813644985,3.984384849145628e-05,0.00026791789608252643,-9.535847649703793e-08,True,False,False,False,False,False,False,False,False,2.5979291928642042e-15,0.023430749027719962
current_5pct_box,polytope_boundary,0,0,1.0,0.0,True,True,-0.00031634258140503154,1.0168487430576419e-05,-0.00031634258140503154,1.016848743057642e-05,True,False,False,False,False,False,False,False,False,0.0,0.018
current_5pct_box,polytope_boundary,0,1,1.0,0.5,True,True,-0.0005812789205958445,2.755405918875308e-05,-0.00031634258140503154,1.016848743057642e-05,True,False,False,False,False,False,False,False,False,1.62663791027953e-15,0.0195
current_5pct_box,polytope_boundary,0,2,1.0,1.0,True,True,-0.0007300471268543026,3.4318375225615775e-05,-0.00024307692423811128,-6.458254091500563e-06,True,False,False,False,False,False,False,False,False,2.641596559614918e-15,0.023430749027719962
current_5pct_box,polytope_boundary,0,3,0.5,1.0,True,True,-0.0003439387041905756,6.571107151408556e-05,0.00026765816227938176,1.4784781139875464e-05,True,False,False,False,False,False,False,False,False,1.3212535902850749e-15,0.017492855684535902
current_5pct_box,polytope_boundary,0,4,0.0,1.0,True,True,-0.000604958874248966,6.303115666219056e-05,-0.0003159855220284892,-1.0287430551432995e-05,True,False,False,False,False,False,False,False,False,3.603580726296414e-15,0.015
current_5pct_box,polytope_boundary,0,5,-0.5,1.0,True,True,-0.0008237105004362418,8.55537517691606e-05,-0.0003163206439244894,8.91169001204229e-06,True,False,False,False,False,False,False,False,False,2.345552866593298e-15,0.017492855684535902
current_5pct_box,polytope_boundary,0,6,-1.0,1.0,True,True,-0.0004774974060121023,0.00012072387384305016,0.0002133588027824767,1.663636909527393e-05,True,False,False,False,False,False,False,False,False,2.9523571705943284e-15,0.023430749027719962
current_5pct_box,polytope_boundary,0,7,-1.0,0.5,True,True,-0.0007176727223000337,0.00012086905721681809,-0.00031598552202848925,-1.0287430551432997e-05,True,False,False,False,False,False,False,False,False,1.3582929126493457e-15,0.0195
current_5pct_box,polytope_boundary,0,8,-1.0,0.0,True,True,-0.00033478745327757034,0.00013671885133674584,0.00026791789608252643,-9.535847649703793e-08,True,False,False,False,False,False,False,False,False,1.7703709364177655e-15,0.018
current_5pct_box,polytope_boundary,0,9,-1.0,-0.5,True,True,-0.00025941750252590756,0.000148011038427683,2.3098824874217313e-05,4.205437690309299e-06,True,False,False,False,False,False,False,False,False,3.6344257742992384e-15,0.0195
max_margin_symmetric_box,random,0,0,-0.868137363637387,-0.6873932443233737,True,True,-0.00031634258140503154,1.016848743057642e-05,-0.00031634258140503154,1.016848743057642e-05,True,False,False,False,False,False,False,False,False,0.0,0.05027295623241752
max_margin_symmetric_box,random,0,1,0.29672511645401145,0.039929300390020295,True,True,-0.0002951488031836398,2.941512853079831e-05,-3.0212463992802514e-05,1.2029556772625393e-05,True,False,False,False,False,False,False,False,False,3.1696773173525193e-15,0.014432117757205334
max_margin_symmetric_box,random,0,2,-0.3198047170455547,-0.13114636086044773,True,True,2.0305368460606972e-05,4.103991414237937e-05,0.0002678293330281678,4.978415509616057e-06,True,False,False,False,False,False,False,False,False,1.8262947629229125e-15,0.016335462069283997
max_margin_symmetric_box,random,0,3,0.6494510004503797,0.8073729115790447,True,True,-0.00018839720102529342,3.313977605149375e-05,-0.0002046970606562073,-7.2544585973061645e-06,True,False,False,False,False,False,False,False,False,1.3264590027610055e-15,0.04519936469876265
max_margin_symmetric_box,random,0,4,-0.20319554229863845,-0.7153925816444453,True,True,-0.00047422636412319764,2.7031957450933477e-05,-0.0003159855220284892,-1.0287430551432995e-05,True,False,False,False,False,False,False,False,False,2.2252426981232227e-15,0.030443242190518704
max_margin_symmetric_box,random,0,5,-0.5009769504947255,0.0798749014129756,True,True,-0.0004220055504724938,5.3059578756649486e-05,-2.4642252082914417e-05,1.5260135618476426e-05,True,False,False,False,False,False,False,False,False,3.777697240802072e-15,0.02442754192801059
max_margin_symmetric_box,random,0,6,-0.23122497882846904,0.06082968108159803,True,True,-0.0006704283996984584,7.201236181529446e-05,-0.00031633087628404004,9.497901498087412e-06,True,False,False,False,False,False,False,False,False,3.4353201632052357e-15,0.01144169325950825
max_margin_symmetric_box,random,0,7,0.9812059844407737,0.2547075649106427,True,True,-0.0005669705290297884,8.223404474978534e-05,-4.633640979081026e-06,-4.852763252192898e-06,True,False,False,False,False,False,False,False,False,2.992878149108772e-15,0.04852361703791485
max_margin_symmetric_box,random,0,8,0.5900786105362026,-0.5536461894988178,True,True,-0.00020800256508269618,9.479355283042e-05,0.00026791789608252643,-9.535847649703793e-08,True,False,False,False,False,False,False,False,False,3.433175098891678e-15,0.036204746819688535
max_margin_symmetric_box,random,0,9,0.9580763324708108,-0.7823099926258814,True,True,2.258411109617558e-05,0.00011830464475807195,0.00019827753034608596,1.9151214894558762e-05,True,False,False,False,False,False,False,False,False,2.4343158886810656e-15,0.05601271523161723
max_margin_symmetric_box,corners,0,0,-1.0,-1.0,True,True,-0.00031634258140503154,1.0168487430576419e-05,-0.00031634258140503154,1.016848743057642e-05,True,False,False,False,False,False,False,False,False,0.0,0.06291812833811333
max_margin_symmetric_box,corners,0,1,-1.0,1.0,True,True,-7.86150427469236e-05,3.347941177359611e-05,0.0001863212964439162,1.609384001542367e-05,True,False,False,False,False,False,False,False,False,3.732222888122115e-15,0.06291812833811333
max_margin_symmetric_box,corners,0,2,1.0,-1.0,True,True,1.7927183346086163e-05,5.229908661804937e-05,8.429115915812985e-05,1.716157538454108e-05,True,False,False,False,False,False,False,False,False,3.3330101278303995e-15,0.06291812833811333
max_margin_symmetric_box,corners,0,3,1.0,1.0,True,True,0.00019057105481814975,5.317017318948777e-05,0.00017645224285231056,1.5114408993254407e-06,True,False,False,False,False,False,False,False,False,3.4638863680344133e-15,0.06291812833811333
max_margin_symmetric_box,corners,0,4,-1.0,-1.0,True,True,-0.00015738647899422064,3.8275572983957944e-05,-0.0003159855220284892,-1.0287430551432995e-05,True,False,False,False,False,False,False,False,False,1.885809584915625e-15,0.06291812833811333
max_margin_symmetric_box,corners,0,5,-1.0,1.0,True,True,-0.00044835876462557633,3.1433437607984906e-05,-0.0003159855220284892,-1.0287430551432993e-05,True,False,False,False,False,False,False,False,False,2.435875387404874e-15,0.06291812833811333
max_margin_symmetric_box,corners,0,6,1.0,-1.0,True,True,-0.00010796831130567276,4.712890190115074e-05,0.00026781951267769444,5.54102301143206e-06,True,False,False,False,False,False,False,False,False,2.600484149870347e-15,0.06291812833811333
max_margin_symmetric_box,corners,0,7,1.0,1.0,True,True,-1.4110995259652658e-05,4.597412927950024e-05,7.705139987332025e-05,-3.4269455604501276e-06,True,False,False,False,False,False,False,False,False,7.79577400727734e-16,0.06291812833811333
max_margin_symmetric_box,corners,0,8,-1.0,-1.0,True,True,0.00025532930697288244,4.600152158420675e-05,0.00026791789608252643,-9.535847649703793e-08,True,False,False,False,False,False,False,False,False,3.189989976027956e-15,0.06291812833811333
max_margin_symmetric_box,corners,0,9,-1.0,1.0,True,True,0.0004808379813644508,3.984384849144756e-05,0.00026791789608252643,-9.535847649703793e-08,True,False,False,False,False,False,False,False,False,3.080799306121489e-15,0.06291812833811333
max_margin_symmetric_box,polytope_boundary,0,0,1.0,0.0,True,True,-0.00031634258140503154,1.0168487430576419e-05,-0.00031634258140503154,1.016848743057642e-05,True,False,False,False,False,False,False,False,False,0.0,0.04833504506177734
max_margin_symmetric_box,polytope_boundary,0,1,1.0,0.5,True,True,-0.0005812789205958385,2.755405918875393e-05,-0.00031634258140503154,1.016848743057642e-05,True,False,False,False,False,False,False,False,False,2.4985028974852816e-15,0.05236296548359212
max_margin_symmetric_box,polytope_boundary,0,2,1.0,1.0,True,True,-0.0007300471268542688,3.431837522562068e-05,-0.00024307692423811128,-6.458254091500563e-06,True,False,False,False,False,False,False,False,False,3.6811114194773806e-15,0.06291812833811333
max_margin_symmetric_box,polytope_boundary,0,3,0.5,1.0,True,True,-0.00034393870419053034,6.571107151409172e-05,0.00026765816227938176,1.4784781139875464e-05,True,False,False,False,False,False,False,False,False,3.1598673806573257e-15,0.04697322043173392
max_margin_symmetric_box,polytope_boundary,0,4,0.0,1.0,True,True,-0.0006049588742489416,6.30311566621933e-05,-0.0003159855220284892,-1.0287430551432995e-05,True,False,False,False,False,False,False,False,False,1.731307966699526e-15,0.040279204218147784
max_margin_symmetric_box,polytope_boundary,0,5,-0.5,1.0,True,True,-0.0008237105004362034,8.555375176916546e-05,-0.0003163206439244894,8.91169001204229e-06,True,False,False,False,False,False,False,False,False,1.4075065667246498e-15,0.04697322043173392
max_margin_symmetric_box,polytope_boundary,0,6,-1.0,1.0,True,True,-0.0004774974060120521,0.00012072387384305639,0.0002133588027824767,1.663636909527393e-05,True,False,False,False,False,False,False,False,False,1.4169816110732572e-15,0.06291812833811333
max_margin_symmetric_box,polytope_boundary,0,7,-1.0,0.5,True,True,-0.0007176727222999719,0.00012086905721682587,-0.00031598552202848925,-1.0287430551432997e-05,True,False,False,False,False,False,False,False,False,3.1687733674964058e-15,0.05236296548359212
max_margin_symmetric_box,polytope_boundary,0,8,-1.0,0.0,True,True,-0.0003347874532775001,0.00013671885133675503,0.00026791789608252643,-9.535847649703793e-08,True,False,False,False,False,False,False,False,False,1.7894040533381922e-15,0.04833504506177734
max_margin_symmetric_box,polytope_boundary,0,9,-1.0,-0.5,True,True,-0.0002594175025258233,0.0001480110384276944,2.3098824874217313e-05,4.205437690309299e-06,True,False,False,False,False,False,False,False,False,1.4046076445151095e-15,0.052362965483592115
max_margin_asymmetric_polytope,random,0,0,-0.868137363637387,-0.6873932443233737,True,True,-0.0003163425814050316,1.0168487430576419e-05,-0.00031634258140503154,1.016848743057642e-05,True,False,False,False,False,False,False,False,False,0.0,0.09562055763945457
max_margin_asymmetric_polytope,random,0,1,0.29672511645401145,0.039929300390020295,True,True,-0.0002951488031836173,2.9415128530801767e-05,-3.0212463992802514e-05,1.2029556772625393e-05,True,False,False,False,False,False,False,False,False,1.2531765338139563e-15,0.09231428937103629
max_margin_asymmetric_polytope,random,0,2,-0.3198047170455547,-0.13114636086044773,True,True,2.0305368460637953e-05,4.103991414238371e-05,0.0002678293330281678,4.978415509616057e-06,True,False,False,False,False,False,False,False,False,2.2248327349080076e-15,0.05999205022873563
max_margin_asymmetric_polytope,random,0,3,0.6494510004503797,0.8073729115790447,True,True,-0.00018839720102525653,3.313977605149892e-05,-0.0002046970606562073,-7.2544585973061645e-06,True,False,False,False,False,False,False,False,False,3.432237088459703e-15,0.04538107068750139
max_margin_asymmetric_polytope,random,0,4,-0.20319554229863845,-0.7153925816444453,True,True,-0.00047422636412316923,2.7031957450937675e-05,-0.0003159855220284892,-1.0287430551432995e-05,True,False,False,False,False,False,False,False,False,3.4082685645089975e-15,0.0458484398767809
max_margin_asymmetric_polytope,random,0,5,-0.5009769504947255,0.0798749014129756,True,True,-0.00042200555047244555,5.305957875665632e-05,-2.4642252082914417e-05,1.5260135618476426e-05,True,False,False,False,False,False,False,False,False,1.6099168486978682e-15,0.15382594244624492
max_margin_asymmetric_polytope,random,0,6,-0.23122497882846904,0.06082968108159803,True,True,-0.0006704283996984215,7.20123618152997e-05,-0.00031633087628404004,9.497901498087412e-06,True,False,False,False,False,False,False,False,False,2.8108601893111292e-15,0.0436668552848548
max_margin_asymmetric_polytope,random,0,7,0.9812059844407737,0.2547075649106427,True,True,-0.0005669705290297605,8.223404474978954e-05,-4.633640979081026e-06,-4.852763252192898e-06,True,False,False,False,False,False,False,False,False,3.2619676080314884e-15,0.18767823842665338
max_margin_asymmetric_polytope,random,0,8,0.5900786105362026,-0.5536461894988178,True,True,-0.00020800256508267815,9.479355283042259e-05,0.00026791789608252643,-9.535847649703793e-08,True,False,False,False,False,False,False,False,False,2.1930856914672177e-15,0.05811345971897739
max_margin_asymmetric_polytope,random,0,9,0.9580763324708108,-0.7823099926258814,True,True,2.2584111096166635e-05,0.00011830464475807076,0.00019827753034608596,1.9151214894558762e-05,True,False,False,False,False,False,False,False,False,2.5854806601430337e-15,0.10330979966708032
max_margin_asymmetric_polytope,corners,0,0,-1.0,-1.0,True,True,-0.00031634258140503154,1.0168487430576419e-05,-0.00031634258140503154,1.016848743057642e-05,True,False,False,False,False,False,False,False,False,0.0,0.09475659675854069
max_margin_asymmetric_polytope,corners,0,1,-1.0,1.0,True,True,-7.861504274690788e-05,3.347941177359887e-05,0.0001863212964439162,1.609384001542367e-05,True,False,False,False,False,False,False,False,False,2.3050943929982774e-15,0.06317106553746255
max_margin_asymmetric_polytope,corners,0,2,1.0,-1.0,True,True,1.792718334612384e-05,5.229908661805522e-05,8.429115915812985e-05,1.716157538454108e-05,True,False,False,False,False,False,False,False,False,1.7768446633946356e-15,0.09475659675854069
max_margin_asymmetric_polytope,corners,0,3,1.0,1.0,True,True,0.0001905710548182013,5.317017318949559e-05,0.00017645224285231056,1.5114408993254407e-06,True,False,False,False,False,False,False,False,False,1.4984474562499568e-15,0.06317106553746255
max_margin_asymmetric_polytope,corners,0,4,-1.0,-1.0,True,True,-0.00015738647899419189,3.827557298396253e-05,-0.0003159855220284892,-1.0287430551432995e-05,True,False,False,False,False,False,False,False,False,8.831770080096235e-16,0.09475659675854069
max_margin_asymmetric_polytope,corners,0,5,-1.0,1.0,True,True,-0.000448358764625545,3.1433437607990394e-05,-0.0003159855220284892,-1.0287430551432993e-05,True,False,False,False,False,False,False,False,False,2.217742717934313e-15,0.06317106553746255
max_margin_asymmetric_polytope,corners,0,6,1.0,-1.0,True,True,-0.00010796831130563774,4.7128901901156975e-05,0.00026781951267769444,5.54102301143206e-06,True,False,False,False,False,False,False,False,False,1.8447020406390316e-15,0.09475659675854069
max_margin_asymmetric_polytope,corners,0,7,1.0,1.0,True,True,-1.4110995259610483e-05,4.597412927950772e-05,7.705139987332025e-05,-3.4269455604501276e-06,True,False,False,False,False,False,False,False,False,2.99570433739971e-15,0.06317106553746255
max_margin_asymmetric_polytope,corners,0,8,-1.0,-1.0,True,True,0.00025532930697289805,4.600152158421041e-05,0.00026791789608252643,-9.535847649703793e-08,True,False,False,False,False,False,False,False,False,1.9857363793158514e-15,0.09475659675854069
max_margin_asymmetric_polytope,corners,0,9,-1.0,1.0,True,True,0.000480837981364472,3.9843848491451685e-05,0.00026791789608252643,-9.535847649703793e-08,True,False,False,False,False,False,False,False,False,1.272738091079219e-15,0.06317106553746255
max_margin_asymmetric_polytope,polytope_boundary,0,0,1.0,0.0,True,True,-0.0003163425814050316,1.016848743057644e-05,-0.00031634258140503154,1.016848743057642e-05,True,False,False,False,False,False,False,False,False,0.0,0.31043411640525403
max_margin_asymmetric_polytope,polytope_boundary,0,1,1.0,0.5,True,True,-0.0005812789205958398,2.755405918875367e-05,-0.00031634258140503154,1.016848743057642e-05,True,False,False,False,False,False,False,False,False,2.2089406388003085e-15,0.10514693973489152
max_margin_asymmetric_polytope,polytope_boundary,0,2,1.0,1.0,True,True,-0.0007300471268542896,3.431837522561781e-05,-0.00024307692423811128,-6.458254091500563e-06,True,False,False,False,False,False,False,False,False,6.383499549979477e-16,0.06317106553746255
max_margin_asymmetric_polytope,polytope_boundary,0,3,0.5,1.0,True,True,-0.00034393870419056373,6.571107151408744e-05,0.00026765816227938176,1.4784781139875464e-05,True,False,False,False,False,False,False,False,False,1.560673021122175e-15,0.04716205749879618
max_margin_asymmetric_polytope,polytope_boundary,0,4,0.0,1.0,True,True,-0.0006049588742489916,6.303115666218687e-05,-0.0003159855220284892,-1.0287430551432995e-05,True,False,False,False,False,False,False,False,False,3.643700357671064e-15,0.04044113066726597
max_margin_asymmetric_polytope,polytope_boundary,0,5,-0.5,1.0,True,True,-0.0008237105004362624,8.555375176915771e-05,-0.0003163206439244894,8.91169001204229e-06,True,False,False,False,False,False,False,False,False,2.5616814930264096e-15,0.04716205749879618
max_margin_asymmetric_polytope,polytope_boundary,0,6,-1.0,1.0,True,True,-0.0004774974060121034,0.00012072387384304978,0.0002133588027824767,1.663636909527393e-05,True,False,False,False,False,False,False,False,False,8.762264117489019e-16,0.06317106553746255
max_margin_asymmetric_polytope,polytope_boundary,0,7,-1.0,0.5,True,True,-0.0007176727223000183,0.00012086905721681967,-0.00031598552202848925,-1.0287430551432997e-05,True,False,False,False,False,False,False,False,False,3.3031107442780448e-15,0.10514693973489152
max_margin_asymmetric_polytope,polytope_boundary,0,8,-1.0,0.0,True,True,-0.0003347874532775464,0.00013671885133674885,0.00026791789608252643,-9.535847649703793e-08,True,False,False,False,False,False,False,False,False,7.355227538141662e-16,0.321258804426905
max_margin_asymmetric_polytope,polytope_boundary,0,9,-1.0,-0.5,True,True,-0.000259417502525873,0.00014801103842768785,2.3098824874217313e-05,4.205437690309299e-06,True,False,False,False,False,False,False,False,False,2.4236514457283395e-15,0.1577204070263005
