group,seed,input,TV,RMS_delta_u,sign_change_count,min,max,lower_bound_steps,upper_bound_steps,outer_10pct_steps
literal_variance,420000,P100,3813.042029711839,4.810349594418351,492,170.36863321612304,225.1723298083958,0,0,0
literal_variance,420000,F200,819.6415570331629,1.0332486434969885,484,202.26518837781109,222.2354886597701,0,0,0
literal_variance,420001,P100,3718.6851596481442,4.688071839682015,543,170.3212749654131,218.71897722912962,0,0,0
literal_variance,420001,F200,799.9128058507997,1.0068569986516862,533,205.17710163945776,224.76749026105074,0,0,0
literal_variance,420002,P100,3950.419651615637,4.950153225686509,540,166.46481483727374,229.1153322214451,0,0,0
literal_variance,420002,F200,847.3448395972435,1.0613013494159576,532,197.65224336963382,222.0404596376276,0,0,0
literal_variance,420003,P100,3701.855647014051,4.695127147736218,516,169.99256102065036,219.8495151465934,0,0,0
literal_variance,420003,F200,798.8980019921513,1.011857921216726,520,201.39829808333786,220.05068282318726,0,0,0
literal_variance,420004,P100,4001.5306183841976,5.027762231959678,512,172.28943901061805,222.88894544918676,0,0,0
literal_variance,420004,F200,858.3817022140547,1.0784990753248465,504,201.32156791566,218.90094947486656,0,0,0
literal_variance,420005,P100,3900.8743503540804,4.869901911378586,529,164.28683072171034,223.5173592387347,0,0,0
literal_variance,420005,F200,836.6260690606989,1.046432338054976,527,206.12517011169803,219.62308967883743,0,0,0
literal_variance,420006,P100,3825.68913023777,4.753654642971268,553,165.80807276578366,222.61439722770615,0,0,0
literal_variance,420006,F200,814.9816778102595,1.015438344049761,543,197.64878085297337,218.68531933703554,0,0,0
literal_variance,420007,P100,3840.1259773495476,4.8390741674127105,526,174.99230735505807,218.0278189704203,0,0,0
literal_variance,420007,F200,824.5059313168963,1.038454611660283,520,201.41710895353341,216.22311474546905,0,0,0
literal_variance,420008,P100,3876.897124467706,4.877680000270464,527,165.48622219946998,219.0831009465251,0,0,0
literal_variance,420008,F200,828.5822597469435,1.0446321553713345,527,197.10528640771454,219.3490264804328,0,0,0
literal_variance,420009,P100,3751.461424813595,4.700822166968421,515,170.74958169996535,223.74282433786368,0,0,0
literal_variance,420009,F200,806.8279028904135,1.0114646900545212,513,208.31157847644877,223.6437687890236,0,0,0
literal_variance,420010,P100,3719.021647916391,4.664731630573464,501,168.70761698085607,222.94508701600185,0,0,0
literal_variance,420010,F200,803.2076627287429,1.0017176814811353,496,202.35881683939348,221.67412911285038,0,0,0
literal_variance,420011,P100,3874.305271890478,4.916207350929903,503,168.54670735451808,220.51296835414217,0,0,0
literal_variance,420011,F200,826.5249548886643,1.0504679366781782,509,198.98140893780152,220.47540178478275,0,0,0
literal_variance,420012,P100,3834.109656810797,4.729252336357463,544,166.00329860410912,219.65634218826568,0,0,0
literal_variance,420012,F200,815.0073614574342,1.0119402218329847,530,198.5593783467581,218.26781740936696,0,0,0
literal_variance,420013,P100,3717.8346290425857,4.648910364209914,538,162.2201893906528,222.6517802474781,0,0,0
literal_variance,420013,F200,797.8758956105705,0.9985107088469153,536,201.34213479135286,220.4967905359608,0,0,0
literal_variance,420014,P100,3852.268441974539,4.784512439213397,525,167.46311165185583,224.0326476635659,0,0,0
literal_variance,420014,F200,822.3519658047949,1.0217188746005785,517,204.97155636694222,221.70472847198099,0,0,0
literal_variance,420015,P100,3938.736807843816,4.948035372103501,531,173.30911889394977,217.58225225791975,0,0,0
literal_variance,420015,F200,845.1896680961737,1.0612867889237987,519,199.91496923411543,215.6606349626397,0,0,0
literal_variance,420016,P100,3875.185658770268,4.784654544022531,512,171.402311272233,224.60360974541828,0,0,0
literal_variance,420016,F200,832.0604633580602,1.026074740755081,516,205.78859310005478,223.37322901302358,0,0,0
literal_variance,420017,P100,3814.5255384310385,4.775152136788511,519,171.92689711133056,226.30495412109764,0,0,0
literal_variance,420017,F200,819.8459751403319,1.0250259834293698,514,209.7036275504197,231.55652480372316,0,0,0
literal_variance,420018,P100,3871.954031094647,4.852658211230599,531,167.74321752937323,220.41758183836367,0,0,0
literal_variance,420018,F200,827.5887258776415,1.0366112138385672,525,204.92432377649146,223.63043096780802,0,0,0
literal_variance,420019,P100,4038.371851901986,5.075830037348847,530,168.611946633008,216.8752812711465,0,0,0
literal_variance,420019,F200,860.8412448621306,1.0848618846055051,532,202.63441334813547,218.62703710344812,0,0,0
