group,seed,W_exceedance_count,W_exceedance_rate,W_mean_facet_utilization,W_max_facet_utilization,W_p95_facet_utilization,W_p99_facet_utilization,W_max_facet_excess
literal_variance,420000,981,0.981,10.274498667357221,44.89302196668846,28.420197360203442,41.08634569759526,0.005621261829454275
literal_variance,420001,979,0.979,10.104023753448063,51.42730696028407,27.92175439021179,40.53913765135016,0.0048291060277029585
literal_variance,420002,985,0.985,10.414074828652577,53.24720773409582,29.34512279329364,42.10914259385192,0.0044396977974692185
literal_variance,420003,991,0.991,10.160083319678652,60.3284174867802,27.885744627547208,41.84378542555217,0.004524870204685951
literal_variance,420004,981,0.981,10.360230520428916,64.58158637809412,29.891637088141458,41.91183557184978,0.005514323927758009
literal_variance,420005,984,0.984,9.900876989015142,49.97553847142997,28.80475297241891,37.96780501376407,0.004550633117818863
literal_variance,420006,981,0.981,10.049235315927675,48.023958657665034,26.74887722957488,36.61034386606907,0.0045416589456900025
literal_variance,420007,984,0.984,10.291687031379759,51.31390182551422,29.359868959228866,41.1478218808807,0.004470616784240741
literal_variance,420008,983,0.983,10.14054647465549,49.6230250298454,28.3541855729613,41.753208750790336,0.004670326949244259
literal_variance,420009,979,0.979,9.594066159609266,46.87897448917184,27.931958541869644,38.20172049087874,0.005264014258727291
literal_variance,420010,976,0.976,9.802858792793753,54.10319601879773,28.735124575523866,38.73818769395116,0.0050508766476792515
literal_variance,420011,988,0.988,9.524420986171636,55.71171722809135,25.95856248893433,39.978216234928304,0.005435586902295878
literal_variance,420012,987,0.987,10.162647971363452,59.93486784978433,28.05461415355286,39.917769558624,0.00438994577458935
literal_variance,420013,978,0.978,9.512986507178644,49.53557607184346,26.582617705202914,35.71237662413027,0.0056503843637819694
literal_variance,420014,981,0.981,9.959802218239233,49.915733216576115,26.941960233605997,39.626641427554645,0.006307456186986473
literal_variance,420015,986,0.986,10.29985731910297,58.071343876719396,29.664554137052512,41.931010204494505,0.0054780573335410105
literal_variance,420016,981,0.981,10.01242546880223,62.53312545091799,28.370209665767955,40.346376764548054,0.00446860791375375
literal_variance,420017,990,0.99,9.748210475175918,48.20802007173048,27.628635344779365,41.069468121570615,0.006006828365083062
literal_variance,420018,984,0.984,9.893071780428018,57.50067717390547,26.62763660101242,39.54844213288418,0.005413109240913059
literal_variance,420019,982,0.982,10.063681465571667,60.16020541448432,28.957822226577537,41.52751225440842,0.006214827324615159
