id,source,J_econ,X2_IAE,P2_IAE,P100_TV,F200_TV,robust_outer_10pct_steps,F200_robust_upper_steps,Z_mode_steps,Omega_mode_steps,economy_better,mean_normalized_IAE_ratio,level_1,level_2,level_3
pressure_negative_actor_0000,zero_residual,1867566.3989547025,52.97225901298851,687.6017452732317,70.32820676806458,0.0,300,0,0,300,False,1.0,False,False,False
pressure_negative_actor_0001,inverse_direct_q,1859809.2390280713,7.68759314807232,698.2753668348013,59.485640676415755,0.0,300,0,0,300,True,0.5803239291382181,True,False,False
pressure_negative_actor_0002,blend_zero_inverse_direct_q_0.25,1865633.1942108318,41.64971354281735,690.262385311216,64.14148266710785,0.0,300,0,0,300,True,0.8950623193071339,True,False,False
pressure_negative_actor_0003,blend_zero_inverse_direct_q_0.5,1863695.9432791274,30.328084793310648,692.928189689539,59.25058874548324,0.0,300,0,0,300,True,0.7901370467795663,True,False,False
pressure_negative_actor_0004,blend_zero_inverse_direct_q_0.75,1861754.630225749,19.007376681549257,695.5991772255898,59.01096804634355,0.0,300,0,0,300,True,0.6852242330735915,True,False,False
pressure_negative_actor_0005,piecewise_inverse_direct_q_0001,1864586.6907498413,35.8539449072732,691.6393634776491,68.3814862995749,0.0,300,0,0,300,True,0.8413579134162288,True,False,False
pressure_negative_actor_0006,piecewise_inverse_direct_q_0002,1865275.3622797127,40.60160613389763,690.5089640314769,82.38990996986567,0.0,300,0,0,300,True,0.8853486388706371,True,False,False
pressure_negative_actor_0007,piecewise_inverse_direct_q_0003,1863144.1533946064,26.55039502908493,693.8613437477779,64.95795760088134,0.0,300,0,0,300,True,0.7551583576411585,True,False,False
pressure_negative_actor_0008,piecewise_inverse_direct_q_0004,1861847.2338180216,22.657249362370205,694.6928442402561,116.4630638452507,0.0,300,0,0,300,True,0.7190159725434997,True,False,False
pressure_negative_actor_0009,piecewise_inverse_direct_q_0005,1865920.2894673364,43.30883732343966,689.8839136688841,65.0692184822656,0.0,300,0,0,300,True,0.9104474159086959,True,False,False
pressure_negative_actor_0010,piecewise_inverse_direct_q_0006,1865241.1683501469,39.31714757699251,690.8796061028731,72.07883951160028,0.0,300,0,0,300,True,0.873494277479731,True,False,False
pressure_negative_actor_0011,piecewise_inverse_direct_q_0007,1859825.50625217,8.151490298755938,698.1671527802375,70.06222611690063,0.0,300,0,0,300,True,0.5846239197332995,True,False,False
pressure_negative_actor_0012,piecewise_inverse_direct_q_0008,1866874.0984304543,48.911136122311646,688.6946616526924,86.01276518238512,0.0,300,0,0,300,True,0.9624621867378724,True,False,False
pressure_negative_actor_0013,piecewise_inverse_direct_q_0009,1864002.172889588,33.09548491466677,692.2435720445154,80.63772906882247,0.0,300,0,0,300,True,0.8157604372625553,True,False,False
pressure_negative_actor_0014,piecewise_inverse_direct_q_0010,1863203.0830371168,27.02538092925226,693.749875183774,63.20272204125001,0.0,300,0,0,300,True,0.7595606472982488,True,False,False
pressure_negative_actor_0015,piecewise_inverse_direct_q_0011,1864597.0147146638,36.209845404466186,691.5231197710475,71.64945078162216,0.0,300,0,0,300,True,0.8446326952214567,True,False,False
pressure_negative_actor_0016,piecewise_inverse_direct_q_0012,1862987.3048886315,25.75660954816753,694.0372490181908,61.49368833475472,0.0,300,0,0,300,True,0.7477938058771014,True,False,False
pressure_negative_actor_0017,piecewise_inverse_direct_q_0013,1862917.843913268,26.309282890468822,693.8778606405292,68.35490426992709,0.0,300,0,0,300,True,0.7528945341268682,True,False,False
pressure_negative_actor_0018,piecewise_inverse_direct_q_0014,1861547.7210322598,18.455228421496354,695.7833889990584,79.44345266762011,0.0,300,0,0,300,True,0.6801465117314787,True,False,False
pressure_negative_actor_0019,piecewise_inverse_direct_q_0015,1863384.6556502262,27.31141715208414,693.6085338949856,50.74990439236444,0.0,300,0,0,300,True,0.7621577369276022,True,False,False
pressure_negative_actor_0020,piecewise_inverse_direct_q_0016,1861473.6036852368,15.913303783490694,696.341968469437,64.21252171146352,0.0,300,0,0,300,True,0.6565597118395711,True,False,False
pressure_negative_actor_0021,piecewise_inverse_direct_q_0017,1866220.0233884216,44.643475261099134,689.6303480303418,71.47486442165501,0.0,300,0,0,300,True,0.9228605494907829,True,False,False
pressure_negative_actor_0022,piecewise_inverse_direct_q_0018,1861644.9161893423,18.702470644271727,695.6556155772312,65.36951346733136,0.0,300,0,0,300,True,0.6823872946474424,True,False,False
pressure_negative_actor_0023,piecewise_inverse_direct_q_0019,1861307.6441488531,17.926986679193764,695.8084590438561,95.16682672081771,0.0,300,0,0,300,True,0.6751787193720016,True,False,False
pressure_negative_actor_0024,piecewise_inverse_direct_q_0020,1861626.356297962,18.753461324425395,695.6358579909903,60.560753641156595,0.0,300,0,0,300,True,0.6828542236899369,True,False,False
pressure_negative_actor_0025,piecewise_inverse_direct_q_0021,1861290.668171297,15.881718249700224,696.4073216774868,60.725727456271414,0.0,300,0,0,300,True,0.6563091016314144,True,False,False
pressure_negative_actor_0026,piecewise_inverse_direct_q_0022,1860844.3380135098,16.180544088026444,696.1586137611944,101.22104777520985,0.0,300,0,0,300,True,0.6589488379316253,True,False,False
pressure_negative_actor_0027,piecewise_inverse_direct_q_0023,1861515.2954220271,17.020642812813694,696.0935581009246,60.29581255951388,0.0,300,0,0,300,True,0.666831141868652,True,False,False
pressure_negative_actor_0028,piecewise_inverse_direct_q_0024,1864660.101793263,37.40007258556511,691.1167926860974,92.83881456217972,0.0,300,0,0,300,True,0.8555716669255193,True,False,False
pressure_negative_actor_0029,piecewise_inverse_direct_q_0025,1865698.9571724022,41.953593922740964,690.1837656311654,61.62440006101059,0.0,300,0,0,300,True,0.8978734471651358,True,False,False
pressure_negative_actor_0030,piecewise_inverse_direct_q_0026,1865913.123085744,43.038200365488024,689.9170876338302,61.590364374500126,0.0,300,0,0,300,True,0.9079170229384603,True,False,False
pressure_negative_actor_0031,piecewise_inverse_direct_q_0027,1861777.1943942555,19.657586439562746,695.5065587986927,79.4881429554591,0.0,300,0,0,300,True,0.6912941508422233,True,False,False
pressure_negative_actor_0032,piecewise_inverse_direct_q_0028,1862936.3795876228,27.468352630515234,693.5367055578494,84.5763255627729,0.0,300,0,0,300,True,0.7635868045819647,True,False,False
pressure_negative_actor_0033,piecewise_inverse_direct_q_0029,1865632.4755097376,41.70525241885426,690.2495798342123,66.98364175062918,0.0,300,0,0,300,True,0.8955772336594401,True,False,False
pressure_negative_actor_0034,piecewise_inverse_direct_q_0030,1862153.5300922135,21.708992853242975,694.8451813123588,52.85757049753178,0.0,300,0,0,300,True,0.710176245798625,True,False,False
pressure_negative_actor_0035,piecewise_inverse_direct_q_0031,1864975.2861304942,38.06988499542347,691.1411045446075,67.96367062595814,0.0,300,0,0,300,True,0.8619116398421516,True,False,False
pressure_negative_actor_0036,piecewise_inverse_direct_q_0032,1864499.7235383394,34.89676311948574,691.8648327579683,61.01560423885701,0.0,300,0,0,300,True,0.8324871210246443,True,False,False
pressure_negative_actor_0037,piecewise_inverse_direct_q_0033,1863746.3030492703,31.77736027707958,692.5274466100484,74.49649971311283,0.0,300,0,0,300,True,0.8035252107078208,True,False,False
pressure_negative_actor_0038,piecewise_inverse_direct_q_0034,1862293.5218469612,20.634263900069687,695.2635728380806,62.4996245892801,0.0,300,0,0,300,True,0.7003362234734006,True,False,False
pressure_negative_actor_0039,piecewise_inverse_direct_q_0035,1861770.4149537454,20.302784672521213,695.0895717332345,69.6954231364841,0.0,300,0,0,300,True,0.6970808957560165,True,False,False
pressure_negative_actor_0040,time_local_pressure_negative_actor_0034_167_10_0,1862149.8502322808,21.63870754227093,694.8611985595026,57.748707270300486,0.0,300,0,0,300,True,0.7095244767686039,True,False,False
pressure_negative_actor_0041,time_local_pressure_negative_actor_0001_283_5_1,1859809.2390280713,7.68759314807232,698.2753668348013,59.485640676415755,0.0,300,0,0,300,True,0.5803239291382181,True,False,False
pressure_negative_actor_0042,time_local_pressure_negative_actor_0001_33_1_1,1859809.2390280713,7.68759314807232,698.2753668348013,59.485640676415755,0.0,300,0,0,300,True,0.5803239291382181,True,False,False
pressure_negative_actor_0043,time_local_pressure_negative_actor_0001_27_5_0,1859823.1331420084,7.730924530631885,698.2494863019474,88.35280850552465,0.0,300,0,0,300,True,0.5807141104226138,True,False,False
pressure_negative_actor_0044,time_local_pressure_negative_actor_0034_271_10_0,1862126.1670557351,21.501105928872647,694.887032244299,68.17300242147297,0.0,300,0,0,300,True,0.7082444538790912,True,False,False
pressure_negative_actor_0045,time_local_pressure_negative_actor_0001_24_5_0,1859823.1419934242,7.7122204092983075,698.253141212123,87.26210725588004,0.0,300,0,0,300,True,0.5805402217639374,True,False,False
pressure_negative_actor_0046,time_local_pressure_negative_actor_0001_238_1_1,1859809.2390280713,7.68759314807232,698.2753668348013,59.485640676415755,0.0,300,0,0,300,True,0.5803239291382181,True,False,False
pressure_negative_actor_0047,time_local_pressure_negative_actor_0001_27_2_0,1859806.5975110603,7.681539030662641,698.2798600836429,70.82300186244683,0.0,300,0,0,300,True,0.5802700522466927,True,False,False
pressure_negative_actor_0048,time_local_pressure_negative_actor_0001_196_20_0,1859864.5394276914,8.74252249250344,698.0437833882916,101.33906176739649,0.0,300,0,0,300,True,0.5901129052003242,True,False,False
pressure_negative_actor_0049,time_local_pressure_negative_actor_0001_163_2_1,1859809.2390280713,7.68759314807232,698.2753668348013,59.485640676415755,0.0,300,0,0,300,True,0.5803239291382181,True,False,False
pressure_negative_actor_0050,time_local_pressure_negative_actor_0034_286_20_1,1862153.5300922135,21.708992853242975,694.8451813123588,52.85757049753178,0.0,300,0,0,300,True,0.710176245798625,True,False,False
pressure_negative_actor_0051,time_local_pressure_negative_actor_0001_267_1_1,1859809.2390280713,7.68759314807232,698.2753668348013,59.485640676415755,0.0,300,0,0,300,True,0.5803239291382181,True,False,False
pressure_negative_actor_0052,time_local_pressure_negative_actor_0001_110_10_1,1859809.2390280713,7.68759314807232,698.2753668348013,59.485640676415755,0.0,300,0,0,300,True,0.5803239291382181,True,False,False
pressure_negative_actor_0053,time_local_pressure_negative_actor_0001_34_10_1,1859809.2390280713,7.68759314807232,698.2753668348013,59.485640676415755,0.0,300,0,0,300,True,0.5803239291382181,True,False,False
pressure_negative_actor_0054,time_local_pressure_negative_actor_0001_31_10_0,1859798.1886398718,7.588700100237631,698.3129848565105,67.96930483237637,0.0,300,0,0,300,True,0.5794178417923921,True,False,False
pressure_negative_actor_0055,time_local_pressure_negative_actor_0019_289_5_0,1863427.385395187,27.338131939446615,693.6032569903775,54.9041731346052,0.0,300,0,0,300,True,0.7624060580259328,True,False,False
pressure_negative_actor_0056,time_local_pressure_negative_actor_0001_62_5_1,1859809.2390280713,7.68759314807232,698.2753668348013,59.485640676415755,0.0,300,0,0,300,True,0.5803239291382181,True,False,False
pressure_negative_actor_0057,time_local_pressure_negative_actor_0019_29_40_0,1863274.0657973283,25.51385625962345,694.092143947021,87.45311051739918,0.0,300,0,0,300,True,0.7455423988771795,True,False,False
pressure_negative_actor_0059,time_local_pressure_negative_actor_0001_119_1_1,1859809.2390280713,7.68759314807232,698.2753668348013,59.485640676415755,0.0,300,0,0,300,True,0.5803239291382181,True,False,False
pressure_negative_actor_0060,time_local_pressure_negative_actor_0019_91_2_0,1863385.3911793996,27.325453160577215,693.6050571598814,54.22039285669794,0.0,300,0,0,300,True,0.7622876932859588,True,False,False
pressure_negative_actor_0061,time_local_pressure_negative_actor_0001_282_20_0,1860418.6936699962,7.94529847481008,698.2241788380666,67.60865324303177,0.0,300,0,0,300,True,0.5827191625238971,True,False,False
pressure_negative_actor_0063,time_local_pressure_negative_actor_0019_164_5_1,1863384.6556502262,27.31141715208414,693.6085338949856,50.74990439236444,0.0,300,0,0,300,True,0.7621577369276022,True,False,False
pressure_negative_actor_0064,time_local_pressure_negative_actor_0001_188_40_1,1859809.2390280713,7.68759314807232,698.2753668348013,59.485640676415755,0.0,300,0,0,300,True,0.5803239291382181,True,False,False
pressure_negative_actor_0065,time_local_pressure_negative_actor_0019_120_1_1,1863384.6556502262,27.31141715208414,693.6085338949856,50.74990439236444,0.0,300,0,0,300,True,0.7621577369276022,True,False,False
pressure_negative_actor_0066,time_local_pressure_negative_actor_0001_258_1_0,1859810.4068710974,7.70870038439509,698.2710157714453,69.50866399987075,0.0,300,0,0,300,True,0.5805199943472114,True,False,False
pressure_negative_actor_0067,time_local_pressure_negative_actor_0019_135_20_1,1863384.6556502262,27.31141715208414,693.6085338949856,50.74990439236444,0.0,300,0,0,300,True,0.7621577369276022,True,False,False
pressure_negative_actor_0068,time_local_pressure_negative_actor_0034_190_10_0,1862157.2086235888,21.779309828559377,694.8295696447266,57.95745365829899,0.0,300,0,0,300,True,0.7108286086285833,True,False,False
pressure_negative_actor_0069,time_local_pressure_negative_actor_0019_21_20_0,1863406.7596362182,27.45367216557913,693.5531515146649,57.325674694904365,0.0,300,0,0,300,True,0.7634601960274874,True,False,False
pressure_negative_actor_0070,time_local_pressure_negative_actor_0001_271_5_0,1859819.5093481473,7.79223876751135,698.2542013607487,73.04421819856722,0.0,300,0,0,300,True,0.5812962781664983,True,False,False
pressure_negative_actor_0071,time_local_pressure_negative_actor_0001_13_2_0,1859805.6902117112,7.687262651605252,698.2798625427502,74.75084705887934,0.0,300,0,0,300,True,0.5803240787361874,True,False,False
pressure_negative_actor_0072,time_local_pressure_negative_actor_0034_124_20_0,1862208.6528007586,22.762542674736675,694.5952858322823,94.61493380370212,0.0,300,0,0,300,True,0.7199388848059802,True,False,False
pressure_negative_actor_0073,time_local_pressure_negative_actor_0019_247_20_1,1863384.6556502262,27.31141715208414,693.6085338949856,50.74990439236444,0.0,300,0,0,300,True,0.7621577369276022,True,False,False
pressure_negative_actor_0074,time_local_pressure_negative_actor_0001_61_20_1,1859809.2390280713,7.68759314807232,698.2753668348013,59.485640676415755,0.0,300,0,0,300,True,0.5803239291382181,True,False,False
pressure_negative_actor_0075,time_local_pressure_negative_actor_0001_288_40_1,1859809.2390280713,7.68759314807232,698.2753668348013,59.485640676415755,0.0,300,0,0,300,True,0.5803239291382181,True,False,False
pressure_negative_actor_0076,time_local_pressure_negative_actor_0019_144_5_0,1863390.1615610775,27.416799832979923,693.5838849641199,64.35966061321182,0.0,300,0,0,300,True,0.7631345099590128,True,False,False
pressure_negative_actor_0077,time_local_pressure_negative_actor_0019_285_40_1,1863384.6556502262,27.31141715208414,693.6085338949856,50.74990439236444,0.0,300,0,0,300,True,0.7621577369276022,True,False,False
pressure_negative_actor_0078,time_local_pressure_negative_actor_0019_103_20_0,1863391.9992793088,27.451837654499734,693.5745155341197,55.24766139664723,0.0,300,0,0,300,True,0.7634584154254552,True,False,False
pressure_negative_actor_0079,time_local_pressure_negative_actor_0001_44_20_0,1859804.3156367869,7.594144085074124,698.2995949271344,57.96991734620576,0.0,300,0,0,300,True,0.5794594903462134,True,False,False
