geometry,policy,validation_seed,component,baseline_cost,own_baseline_cost,SAC_cost,absolute_change,economic_gain_component,geometry_baseline_component_change,SAC_given_geometry_component_change,contribution_to_total_gain
P100_1000,frozen_SAC,420000,flow_F2,19952.397097472094,19952.397097472094,20035.540931921587,83.14383444949272,-83.14383444949272,0.0,83.14383444949272,-0.015212803801793864
P100_1000,frozen_SAC,420000,recirculation_F3,504500.0,504500.0,504500.0,0.0,0.0,0.0,0.0,0.0
P100_1000,frozen_SAC,420000,steam_F100,5568777.587435841,5568777.587435841,5563229.599823472,-5547.987612368539,5547.987612368539,0.0,-5547.987612368539,1.0151137195027493
P100_1000,frozen_SAC,420000,cooling_F200,126810.17129981352,126810.17129981352,126809.62976594044,-0.5415338730817894,0.5415338730817894,0.0,-0.5415338730817894,9.90842991277156e-05
P100_1000,frozen_SAC,420001,flow_F2,20108.000691387715,20108.000691387715,20183.895299471318,75.89460808360309,-75.89460808360309,0.0,75.89460808360309,-0.01494169743929085
P100_1000,frozen_SAC,420001,recirculation_F3,504500.0,504500.0,504500.0,0.0,0.0,0.0,0.0,0.0
P100_1000,frozen_SAC,420001,steam_F100,5597455.893532646,5597455.893532646,5592349.69223498,-5106.201297665946,5106.201297665946,0.0,-5106.201297665946,1.0052797791615762
P100_1000,frozen_SAC,420001,cooling_F200,129060.59400205623,129060.59400205623,129011.51741594574,-49.07658611048828,49.07658611048828,0.0,-49.07658611048828,0.009661918277625907
P100_1000,frozen_SAC,420002,flow_F2,19971.456220197386,19971.456220197386,20049.337269799496,77.88104960211058,-77.88104960211058,0.0,77.88104960211058,-0.01523068613195926
P100_1000,frozen_SAC,420002,recirculation_F3,504500.0,504500.0,504500.0,0.0,0.0,0.0,0.0,0.0
P100_1000,frozen_SAC,420002,steam_F100,5568658.491290355,5568658.491290355,5563435.997499055,-5222.493791299872,5222.493791299872,0.0,-5222.493791299872,1.0213288619987821
P100_1000,frozen_SAC,420002,cooling_F200,125587.2205270198,125587.2205270198,125618.40312332862,31.182596308819484,-31.182596308819484,0.0,31.182596308819484,-0.006098175866730361
P100_1000,frozen_SAC,420003,flow_F2,19971.337503477454,19971.337503477454,20055.062349914206,83.72484643675125,-83.72484643675125,0.0,83.72484643675125,-0.015298181288606128
P100_1000,frozen_SAC,420003,recirculation_F3,504500.0,504500.0,504500.0,0.0,0.0,0.0,0.0,0.0
P100_1000,frozen_SAC,420003,steam_F100,5547525.9969701255,5547525.9969701255,5541933.727107308,-5592.2698628176,5592.2698628176,0.0,-5592.2698628176,1.0218180363080258
P100_1000,frozen_SAC,420003,cooling_F200,126243.11313090305,126243.11313090305,126278.79540253911,35.68227163606207,-35.68227163606207,0.0,35.68227163606207,-0.0065198550192640675
P100_1000,frozen_SAC,420004,flow_F2,19728.357331834828,19728.357331834828,19801.049447702637,72.69211586780875,-72.69211586780875,0.0,72.69211586780875,-0.015228673113577059
P100_1000,frozen_SAC,420004,recirculation_F3,504500.0,504500.0,504500.0,0.0,0.0,0.0,0.0,0.0
P100_1000,frozen_SAC,420004,steam_F100,5561105.685307581,5561105.685307581,5556213.316079395,-4892.369228186086,4892.369228186086,0.0,-4892.369228186086,1.0249294691387978
P100_1000,frozen_SAC,420004,cooling_F200,125308.3631597779,125308.3631597779,125354.66866409928,46.305504321382614,-46.305504321382614,0.0,46.305504321382614,-0.009700796025142892
P100_1000,frozen_SAC,420005,flow_F2,19848.38802526566,19848.38802526566,19927.436852848972,79.04882758331223,-79.04882758331223,0.0,79.04882758331223,-0.015133489660585552
P100_1000,frozen_SAC,420005,recirculation_F3,504500.0,504500.0,504500.0,0.0,0.0,0.0,0.0,0.0
P100_1000,frozen_SAC,420005,steam_F100,5583547.356245063,5583547.356245063,5578259.13249748,-5288.223747583106,5288.223747583106,0.0,-5288.223747583106,1.01240311657458
P100_1000,frozen_SAC,420005,cooling_F200,127675.96327683938,127675.96327683938,127661.70134544415,-14.261931395230931,14.261931395230931,0.0,-14.261931395230931,0.0027303730859541755
P100_1000,frozen_SAC,420006,flow_F2,19918.363863333878,19918.363863333878,19992.114525788827,73.75066245494963,-73.75066245494963,0.0,73.75066245494963,-0.01524263750658476
P100_1000,frozen_SAC,420006,recirculation_F3,504500.0,504500.0,504500.0,0.0,0.0,0.0,0.0,0.0
P100_1000,frozen_SAC,420006,steam_F100,5545582.93751652,5545582.93751652,5540608.923671485,-4974.013845034875,4974.013845034875,0.0,-4974.013845034875,1.0280191047627958
P100_1000,frozen_SAC,420006,cooling_F200,124968.18111274429,124968.18111274429,125029.99934620796,61.81823346366582,-61.81823346366582,0.0,61.81823346366582,-0.012776467256272718
P100_1000,frozen_SAC,420007,flow_F2,19813.67474853748,19813.67474853748,19905.408715156493,91.73396661901279,-91.73396661901279,0.0,91.73396661901279,-0.015306554569185796
P100_1000,frozen_SAC,420007,recirculation_F3,504500.0,504500.0,504500.0,0.0,0.0,0.0,0.0,0.0
P100_1000,frozen_SAC,420007,steam_F100,5559056.187468057,5559056.187468057,5552943.773984003,-6112.413484053686,6112.413484053686,0.0,-6112.413484053686,1.0199056466364942
P100_1000,frozen_SAC,420007,cooling_F200,125183.40821209736,125183.40821209736,125210.97110721307,27.56289511571231,-27.56289511571231,0.0,27.56289511571231,-0.004599092067233835
P100_1000,frozen_SAC,420008,flow_F2,20137.96454637684,20137.96454637684,20227.137416346533,89.17286996969415,-89.17286996969415,0.0,89.17286996969415,-0.015367595938517019
P100_1000,frozen_SAC,420008,recirculation_F3,504500.0,504500.0,504500.0,0.0,0.0,0.0,0.0,0.0
P100_1000,frozen_SAC,420008,steam_F100,5544498.071919518,5544498.071919518,5538551.201836379,-5946.870083138347,5946.870083138347,0.0,-5946.870083138347,1.0248531483576144
P100_1000,frozen_SAC,420008,cooling_F200,125012.62248056487,125012.62248056487,125067.66387648921,55.041395924345125,-55.041395924345125,0.0,55.041395924345125,-0.009485552419079267
P100_1000,frozen_SAC,420009,flow_F2,19827.417743869064,19827.417743869064,19918.165690572187,90.74794670312258,-90.74794670312258,0.0,90.74794670312258,-0.015052429658929967
P100_1000,frozen_SAC,420009,recirculation_F3,504500.0,504500.0,504500.0,0.0,0.0,0.0,0.0,0.0
P100_1000,frozen_SAC,420009,steam_F100,5593792.335833397,5593792.335833397,5587736.04027887,-6056.295554527082,6056.295554527082,0.0,-6056.295554527082,1.0045622643831382
P100_1000,frozen_SAC,420009,cooling_F200,129001.97883681522,129001.97883681522,128938.73582682107,-63.24300999415573,63.24300999415573,0.0,-63.24300999415573,0.010490165275808688
P100_1025,frozen_SAC,420000,flow_F2,19952.397097472094,19952.397097472094,20038.58598944298,86.1888919708872,-86.1888919708872,0.0,86.1888919708872,-0.015200502563111071
P100_1025,frozen_SAC,420000,recirculation_F3,504500.0,504500.0,504500.0,0.0,0.0,0.0,0.0,0.0
P100_1025,frozen_SAC,420000,steam_F100,5568777.587435841,5568777.587435841,5563027.970052197,-5749.617383643985,5749.617383643985,0.0,-5749.617383643985,1.0140178366199355
P100_1025,frozen_SAC,420000,cooling_F200,126810.17129981352,126810.17129981352,126803.4654250048,-6.705874808714725,6.705874808714725,0.0,-6.705874808714725,0.001182665943219236
P100_1025,frozen_SAC,420001,flow_F2,20108.000691387715,20108.000691387715,20185.940232146084,77.93954075836882,-77.93954075836882,0.0,77.93954075836882,-0.014936396426569822
P100_1025,frozen_SAC,420001,recirculation_F3,504500.0,504500.0,504500.0,0.0,0.0,0.0,0.0,0.0
P100_1025,frozen_SAC,420001,steam_F100,5597455.893532646,5597455.893532646,5592213.022771993,-5242.870760653168,5242.870760653168,0.0,-5242.870760653168,1.0047479794263328
P100_1025,frozen_SAC,420001,cooling_F200,129060.59400205623,129060.59400205623,129007.4298706711,-53.16413138512871,53.16413138512871,0.0,-53.16413138512871,0.010188417000099658
P100_1025,frozen_SAC,420002,flow_F2,19971.456220197386,19971.456220197386,20051.814329263525,80.35810906613915,-80.35810906613915,0.0,80.35810906613915,-0.015213924174978789
P100_1025,frozen_SAC,420002,recirculation_F3,504500.0,504500.0,504500.0,0.0,0.0,0.0,0.0,0.0
P100_1025,frozen_SAC,420002,steam_F100,5568658.491290355,5568658.491290355,5563270.747425182,-5387.74386517331,5387.74386517331,0.0,-5387.74386517331,1.0200429999104272
P100_1025,frozen_SAC,420002,cooling_F200,125587.2205270198,125587.2205270198,125612.72712151613,25.506594496328034,-25.506594496328034,0.0,25.506594496328034,-0.004829075735339604
P100_1025,frozen_SAC,420003,flow_F2,19971.337503477454,19971.337503477454,20057.5304200452,86.19291656774658,-86.19291656774658,0.0,86.19291656774658,-0.01528558420105195
P100_1025,frozen_SAC,420003,recirculation_F3,504500.0,504500.0,504500.0,0.0,0.0,0.0,0.0,0.0
P100_1025,frozen_SAC,420003,steam_F100,5547525.9969701255,5547525.9969701255,5541769.395157524,-5756.6018126010895,5756.6018126010895,0.0,-5756.6018126010895,1.0208846065590644
P100_1025,frozen_SAC,420003,cooling_F200,126243.11313090305,126243.11313090305,126274.6851049019,31.571973998856265,-31.571973998856265,0.0,31.571973998856265,-0.005599022357871203
P100_1025,frozen_SAC,420004,flow_F2,19728.357331834828,19728.357331834828,19802.516658544082,74.15932670925395,-74.15932670925395,0.0,74.15932670925395,-0.015218657632022561
P100_1025,frozen_SAC,420004,recirculation_F3,504500.0,504500.0,504500.0,0.0,0.0,0.0,0.0,0.0
P100_1025,frozen_SAC,420004,steam_F100,5561105.685307581,5561105.685307581,5556114.327361182,-4991.357946398668,4991.357946398668,0.0,-4991.357946398668,1.0243049805849664
P100_1025,frozen_SAC,420004,cooling_F200,125308.3631597779,125308.3631597779,125352.64009988286,44.27694010495907,-44.27694010495907,0.0,44.27694010495907,-0.009086322952913983
P100_1025,frozen_SAC,420005,flow_F2,19848.38802526566,19848.38802526566,19929.820133803616,81.43210853795608,-81.43210853795608,0.0,81.43210853795608,-0.015124746134451129
P100_1025,frozen_SAC,420005,recirculation_F3,504500.0,504500.0,504500.0,0.0,0.0,0.0,0.0,0.0
P100_1025,frozen_SAC,420005,steam_F100,5583547.356245063,5583547.356245063,5578100.85553289,-5446.50071217306,5446.50071217306,0.0,-5446.50071217306,1.011602696672509
P100_1025,frozen_SAC,420005,cooling_F200,127675.96327683938,127675.96327683938,127657.00045184365,-18.962824995731353,18.962824995731353,0.0,-18.962824995731353,0.003522049461838236
P100_1025,frozen_SAC,420006,flow_F2,19918.363863333878,19918.363863333878,19993.941717027457,75.57785369357953,-75.57785369357953,0.0,75.57785369357953,-0.015230136205259199
P100_1025,frozen_SAC,420006,recirculation_F3,504500.0,504500.0,504500.0,0.0,0.0,0.0,0.0,0.0
P100_1025,frozen_SAC,420006,steam_F100,5545582.93751652,5545582.93751652,5540487.332242691,-5095.605273828842,5095.605273828842,0.0,-5095.605273828842,1.0268452804084218
P100_1025,frozen_SAC,420006,cooling_F200,124968.18111274429,124968.18111274429,125025.81997147668,57.63885873238905,-57.63885873238905,0.0,57.63885873238905,-0.01161514420307696
P100_1025,frozen_SAC,420007,flow_F2,19813.67474853748,19813.67474853748,19908.273959147027,94.5992106095473,-94.5992106095473,0.0,94.5992106095473,-0.015295476738772714
P100_1025,frozen_SAC,420007,recirculation_F3,504500.0,504500.0,504500.0,0.0,0.0,0.0,0.0,0.0
P100_1025,frozen_SAC,420007,steam_F100,5559056.187468057,5559056.187468057,5552753.733230598,-6302.454237458296,6302.454237458296,0.0,-6302.454237458296,1.0190258625318165
P100_1025,frozen_SAC,420007,cooling_F200,125183.40821209736,125183.40821209736,125206.47984022096,23.071628123594564,-23.071628123594564,0.0,23.071628123594564,-0.0037303857930336675
P100_1025,frozen_SAC,420008,flow_F2,20137.96454637684,20137.96454637684,20229.8766356053,91.91208922845908,-91.91208922845908,0.0,91.91208922845908,-0.015355371050253162
P100_1025,frozen_SAC,420008,recirculation_F3,504500.0,504500.0,504500.0,0.0,0.0,0.0,0.0,0.0
P100_1025,frozen_SAC,420008,steam_F100,5544498.071919518,5544498.071919518,5538369.754432064,-6128.317487454042,6128.317487454042,0.0,-6128.317487454042,1.0238325526439525
P100_1025,frozen_SAC,420008,cooling_F200,125012.62248056487,125012.62248056487,125063.36403988607,50.741559321206296,-50.741559321206296,0.0,50.741559321206296,-0.008477181593695097
P100_1025,frozen_SAC,420009,flow_F2,19827.417743869064,19827.417743869064,19920.3265176521,92.90877378303776,-92.90877378303776,0.0,92.90877378303776,-0.01504977009351537
P100_1025,frozen_SAC,420009,recirculation_F3,504500.0,504500.0,504500.0,0.0,0.0,0.0,0.0,0.0
P100_1025,frozen_SAC,420009,steam_F100,5593792.335833397,5593792.335833397,5587592.338165244,-6199.997668152675,6199.997668152675,0.0,-6199.997668152675,1.004302776656217
P100_1025,frozen_SAC,420009,cooling_F200,129001.97883681522,129001.97883681522,128935.63297399368,-66.34586282154487,66.34586282154487,0.0,-66.34586282154487,0.0107469934373674
P100_1050,frozen_SAC,420000,flow_F2,19952.397097472094,19952.397097472094,20042.515735736484,90.11863826439003,-90.11863826439003,0.0,90.11863826439003,-0.015201020063500712
P100_1050,frozen_SAC,420000,recirculation_F3,504500.0,504500.0,504500.0,0.0,0.0,0.0,0.0,0.0
P100_1050,frozen_SAC,420000,steam_F100,5568777.587435841,5568777.587435841,5562772.119301425,-6005.468134415336,6005.468134415336,0.0,-6005.468134415336,1.0129895808471647
P100_1050,frozen_SAC,420000,cooling_F200,126810.17129981352,126810.17129981352,126797.06087104288,-13.110428770640283,13.110428770640283,0.0,-13.110428770640283,0.0022114392163685103
P100_1050,frozen_SAC,420001,flow_F2,20108.000691387715,20108.000691387715,20187.062370244286,79.06167885657123,-79.06167885657123,0.0,79.06167885657123,-0.014918972003044857
P100_1050,frozen_SAC,420001,recirculation_F3,504500.0,504500.0,504500.0,0.0,0.0,0.0,0.0,0.0
P100_1050,frozen_SAC,420001,steam_F100,5597455.893532646,5597455.893532646,5592133.305531264,-5322.588001381606,5322.588001381606,0.0,-5322.588001381606,1.004374591139291
P100_1050,frozen_SAC,420001,cooling_F200,129060.59400205623,129060.59400205623,129004.715054537,-55.87894751923159,55.87894751923159,0.0,-55.87894751923159,0.010544380863849305
P100_1050,frozen_SAC,420002,flow_F2,19971.456220197386,19971.456220197386,20054.073153817284,82.61693361989819,-82.61693361989819,0.0,82.61693361989819,-0.015200998567275045
P100_1050,frozen_SAC,420002,recirculation_F3,504500.0,504500.0,504500.0,0.0,0.0,0.0,0.0,0.0
P100_1050,frozen_SAC,420002,steam_F100,5568658.491290355,5568658.491290355,5563120.024340098,-5538.466950257309,5538.466950257309,0.0,-5538.466950257309,1.0190432455784635
P100_1050,frozen_SAC,420002,cooling_F200,125587.2205270198,125587.2205270198,125608.1030147631,20.882487743292586,-20.882487743292586,0.0,20.882487743292586,-0.0038422470110955017
P100_1050,frozen_SAC,420003,flow_F2,19971.337503477454,19971.337503477454,20059.466494162632,88.128990685178,-88.128990685178,0.0,88.128990685178,-0.015283975780661688
P100_1050,frozen_SAC,420003,recirculation_F3,504500.0,504500.0,504500.0,0.0,0.0,0.0,0.0,0.0
P100_1050,frozen_SAC,420003,steam_F100,5547525.9969701255,5547525.9969701255,5541641.109796947,-5884.887173178606,5884.887173178606,0.0,-5884.887173178606,1.0206002851898743
P100_1050,frozen_SAC,420003,cooling_F200,126243.11313090305,126243.11313090305,126273.7675227391,30.654391836054856,-30.654391836054856,0.0,30.654391836054856,-0.005316309409089536
P100_1050,frozen_SAC,420004,flow_F2,19728.357331834828,19728.357331834828,19804.417113093015,76.05978125818729,-76.05978125818729,0.0,76.05978125818729,-0.01520840678896016
P100_1050,frozen_SAC,420004,recirculation_F3,504500.0,504500.0,504500.0,0.0,0.0,0.0,0.0,0.0
P100_1050,frozen_SAC,420004,steam_F100,5561105.685307581,5561105.685307581,5555987.2428363925,-5118.442471188493,5118.442471188493,0.0,-5118.442471188493,1.0234496331705638
P100_1050,frozen_SAC,420004,cooling_F200,125308.3631597779,125308.3631597779,125349.57890871035,41.21574893244542,-41.21574893244542,0.0,41.21574893244542,-0.008241226381502473
P100_1050,frozen_SAC,420005,flow_F2,19848.38802526566,19848.38802526566,19932.030610448106,83.64258518244606,-83.64258518244606,0.0,83.64258518244606,-0.015116682189634092
P100_1050,frozen_SAC,420005,recirculation_F3,504500.0,504500.0,504500.0,0.0,0.0,0.0,0.0,0.0
P100_1050,frozen_SAC,420005,steam_F100,5583547.356245063,5583547.356245063,5577953.921306355,-5593.43493870832,5593.43493870832,0.0,-5593.43493870832,1.0108986723977342
P100_1050,frozen_SAC,420005,cooling_F200,127675.96327683938,127675.96327683938,127652.62447544858,-23.338801390797016,23.338801390797016,0.0,-23.338801390797016,0.004218009791807718
P100_1050,frozen_SAC,420006,flow_F2,19918.363863333878,19918.363863333878,19996.172053051177,77.80818971729968,-77.80818971729968,0.0,77.80818971729968,-0.015211554729793055
P100_1050,frozen_SAC,420006,recirculation_F3,504500.0,504500.0,504500.0,0.0,0.0,0.0,0.0,0.0
P100_1050,frozen_SAC,420006,steam_F100,5545582.93751652,5545582.93751652,5540337.81315557,-5245.124360949732,5245.124360949732,0.0,-5245.124360949732,1.0254254284933986
P100_1050,frozen_SAC,420006,cooling_F200,124968.18111274429,124968.18111274429,125020.42580710094,52.244694356646505,-52.244694356646505,0.0,52.244694356646505,-0.010213873763608997
P100_1050,frozen_SAC,420007,flow_F2,19813.67474853748,19813.67474853748,19910.66954554105,96.99479700357188,-96.99479700357188,0.0,96.99479700357188,-0.01529250639873471
P100_1050,frozen_SAC,420007,recirculation_F3,504500.0,504500.0,504500.0,0.0,0.0,0.0,0.0,0.0
P100_1050,frozen_SAC,420007,steam_F100,5559056.187468057,5559056.187468057,5552595.9522945685,-6460.235173488036,6460.235173488036,0.0,-6460.235173488036,1.0185411050889537
P100_1050,frozen_SAC,420007,cooling_F200,125183.40821209736,125183.40821209736,125204.012890119,20.60467802164203,-20.60467802164203,0.0,20.60467802164203,-0.0032485986900743303
P100_1050,frozen_SAC,420008,flow_F2,20137.96454637684,20137.96454637684,20232.477540360393,94.51299398355332,-94.51299398355332,0.0,94.51299398355332,-0.015344600290707486
P100_1050,frozen_SAC,420008,recirculation_F3,504500.0,504500.0,504500.0,0.0,0.0,0.0,0.0,0.0
P100_1050,frozen_SAC,420008,steam_F100,5544498.071919518,5544498.071919518,5538197.60316704,-6300.468752477318,6300.468752477318,0.0,-6300.468752477318,1.0229088147147294
P100_1050,frozen_SAC,420008,cooling_F200,125012.62248056487,125012.62248056487,125059.21323814748,46.59075758261315,-46.59075758261315,0.0,46.59075758261315,-0.00756421442400665
P100_1050,frozen_SAC,420009,flow_F2,19827.417743869064,19827.417743869064,19922.59425279141,95.17650892234451,-95.17650892234451,0.0,95.17650892234451,-0.015047125277466914
P100_1050,frozen_SAC,420009,recirculation_F3,504500.0,504500.0,504500.0,0.0,0.0,0.0,0.0,0.0
P100_1050,frozen_SAC,420009,steam_F100,5593792.335833397,5593792.335833397,5587441.697815355,-6350.638018041849,6350.638018041849,0.0,-6350.638018041849,1.004017135439243
P100_1050,frozen_SAC,420009,cooling_F200,129001.97883681522,129001.97883681522,128932.21162833556,-69.76720847966499,69.76720847966499,0.0,-69.76720847966499,0.01102998983824055
P100_1075,frozen_SAC,420000,flow_F2,19952.397097472094,19952.397097472094,20045.034885122892,92.63778765079769,-92.63778765079769,0.0,92.63778765079769,-0.015189431457819454
P100_1075,frozen_SAC,420000,recirculation_F3,504500.0,504500.0,504500.0,0.0,0.0,0.0,0.0,0.0
P100_1075,frozen_SAC,420000,steam_F100,5568777.587435841,5568777.587435841,5562604.7723348355,-6172.815101005137,6172.815101005137,0.0,-6172.815101005137,1.0121307325683206
P100_1075,frozen_SAC,420000,cooling_F200,126810.17129981352,126810.17129981352,126791.5168097492,-18.65449006432027,18.65449006432027,0.0,-18.65449006432027,0.003058698889492822
P100_1075,frozen_SAC,420001,flow_F2,20108.000691387715,20108.000691387715,20188.867986424688,80.86729503697279,-80.86729503697279,0.0,80.86729503697279,-0.014916156726520028
P100_1075,frozen_SAC,420001,recirculation_F3,504500.0,504500.0,504500.0,0.0,0.0,0.0,0.0,0.0
P100_1075,frozen_SAC,420001,steam_F100,5597455.893532646,5597455.893532646,5592013.050983093,-5442.842549553141,5442.842549553141,0.0,-5442.842549553141,1.0039447031063407
P100_1075,frozen_SAC,420001,cooling_F200,129060.59400205623,129060.59400205623,129001.112743367,-59.48125868922216,59.48125868922216,0.0,-59.48125868922216,0.010971453620322947
P100_1075,frozen_SAC,420002,flow_F2,19971.456220197386,19971.456220197386,20056.250637019974,84.79441682258766,-84.79441682258766,0.0,84.79441682258766,-0.01518980522232653
P100_1075,frozen_SAC,420002,recirculation_F3,504500.0,504500.0,504500.0,0.0,0.0,0.0,0.0,0.0
P100_1075,frozen_SAC,420002,steam_F100,5568658.491290355,5568658.491290355,5562975.006148527,-5683.485141827725,5683.485141827725,0.0,-5683.485141827725,1.0181216585164723
P100_1075,frozen_SAC,420002,cooling_F200,125587.2205270198,125587.2205270198,125603.58708252515,16.366555505344877,-16.366555505344877,0.0,16.366555505344877,-0.0029318532941470846
P100_1075,frozen_SAC,420003,flow_F2,19971.337503477454,19971.337503477454,20062.001134454767,90.663630977313,-90.663630977313,0.0,90.663630977313,-0.015270659431512255
P100_1075,frozen_SAC,420003,recirculation_F3,504500.0,504500.0,504500.0,0.0,0.0,0.0,0.0,0.0
P100_1075,frozen_SAC,420003,steam_F100,5547525.9969701255,5547525.9969701255,5541472.054071951,-6053.942898174748,6053.942898174748,0.0,-6053.942898174748,1.0196778931011738
P100_1075,frozen_SAC,420003,cooling_F200,126243.11313090305,126243.11313090305,126269.2793753172,26.16624441415479,-26.16624441415479,0.0,26.16624441415479,-0.004407233669587473
P100_1075,frozen_SAC,420004,flow_F2,19728.357331834828,19728.357331834828,19806.384757612468,78.02742577764002,-78.02742577764002,0.0,78.02742577764002,-0.015198750536605507
P100_1075,frozen_SAC,420004,recirculation_F3,504500.0,504500.0,504500.0,0.0,0.0,0.0,0.0,0.0
P100_1075,frozen_SAC,420004,steam_F100,5561105.685307581,5561105.685307581,5555856.205635084,-5249.479672497138,5249.479672497138,0.0,-5249.479672497138,1.0225319007272617
P100_1075,frozen_SAC,420004,cooling_F200,125308.3631597779,125308.3631597779,125346.01012495598,37.64696517807897,-37.64696517807897,0.0,37.64696517807897,-0.007333150190453492
P100_1075,frozen_SAC,420005,flow_F2,19848.38802526566,19848.38802526566,19935.25331258896,86.86528732330044,-86.86528732330044,0.0,86.86528732330044,-0.015106952033923272
P100_1075,frozen_SAC,420005,recirculation_F3,504500.0,504500.0,504500.0,0.0,0.0,0.0,0.0,0.0
P100_1075,frozen_SAC,420005,steam_F100,5583547.356245063,5583547.356245063,5577740.847404849,-5806.508840214461,5806.508840214461,0.0,-5806.508840214461,1.0098239842020527
P100_1075,frozen_SAC,420005,cooling_F200,127675.96327683938,127675.96327683938,127645.58610230414,-30.377174535242375,30.377174535242375,0.0,-30.377174535242375,0.005282967831811068
P100_1075,frozen_SAC,420006,flow_F2,19918.363863333878,19918.363863333878,19998.60676243761,80.24289910373045,-80.24289910373045,0.0,80.24289910373045,-0.015190279366230105
P100_1075,frozen_SAC,420006,recirculation_F3,504500.0,504500.0,504500.0,0.0,0.0,0.0,0.0,0.0
P100_1075,frozen_SAC,420006,steam_F100,5545582.93751652,5545582.93751652,5540174.577929121,-5408.359587398358,5408.359587398358,0.0,-5408.359587398358,1.0238225931918095
P100_1075,frozen_SAC,420006,cooling_F200,124968.18111274429,124968.18111274429,125013.78145166008,45.60033891578496,-45.60033891578496,0.0,45.60033891578496,-0.008632313825427894
P100_1075,frozen_SAC,420007,flow_F2,19813.67474853748,19813.67474853748,19912.498077267075,98.82332872959523,-98.82332872959523,0.0,98.82332872959523,-0.015283052204406572
P100_1075,frozen_SAC,420007,recirculation_F3,504500.0,504500.0,504500.0,0.0,0.0,0.0,0.0,0.0
P100_1075,frozen_SAC,420007,steam_F100,5559056.187468057,5559056.187468057,5552472.821348509,-6583.366119547747,6583.366119547747,0.0,-6583.366119547747,1.018119196946644
P100_1075,frozen_SAC,420007,cooling_F200,125183.40821209736,125183.40821209736,125201.74730172705,18.339089629691443,-18.339089629691443,0.0,18.339089629691443,-0.002836144742288256
P100_1075,frozen_SAC,420008,flow_F2,20137.96454637684,20137.96454637684,20233.97942468336,96.01487830651968,-96.01487830651968,0.0,96.01487830651968,-0.015332795049752627
P100_1075,frozen_SAC,420008,recirculation_F3,504500.0,504500.0,504500.0,0.0,0.0,0.0,0.0,0.0
P100_1075,frozen_SAC,420008,steam_F100,5544498.071919518,5544498.071919518,5538095.608444959,-6402.463474558666,6402.463474558666,0.0,-6402.463474558666,1.0224213371967505
P100_1075,frozen_SAC,420008,cooling_F200,125012.62248056487,125012.62248056487,125057.01135483099,44.388874266122,-44.388874266122,0.0,44.388874266122,-0.007088542146967156
P100_1075,frozen_SAC,420009,flow_F2,19827.417743869064,19827.417743869064,19925.1042975926,97.68655372353533,-97.68655372353533,0.0,97.68655372353533,-0.015041448501474356
P100_1075,frozen_SAC,420009,recirculation_F3,504500.0,504500.0,504500.0,0.0,0.0,0.0,0.0,0.0
P100_1075,frozen_SAC,420009,steam_F100,5593792.335833397,5593792.335833397,5587274.1154856365,-6518.220347760245,6518.220347760245,0.0,-6518.220347760245,1.0036537470609599
P100_1075,frozen_SAC,420009,cooling_F200,129001.97883681522,129001.97883681522,128928.02151093392,-73.9573258813034,73.9573258813034,0.0,-73.9573258813034,0.011387701440452888
P100_1100,frozen_SAC,420000,flow_F2,19952.397097472094,19952.397097472094,20047.689914636292,95.29281716419791,-95.29281716419791,0.0,95.29281716419791,-0.015179042386839441
P100_1100,frozen_SAC,420000,recirculation_F3,504500.0,504500.0,504500.0,0.0,0.0,0.0,0.0,0.0
P100_1100,frozen_SAC,420000,steam_F100,5568777.587435841,5568777.587435841,5562428.403158586,-6349.184277255088,6349.184277255088,0.0,-6349.184277255088,1.0113515387025205
P100_1100,frozen_SAC,420000,cooling_F200,126810.17129981352,126810.17129981352,126786.14253703073,-24.02876278279291,24.02876278279291,0.0,-24.02876278279291,0.003827503684300313
P100_1100,frozen_SAC,420001,flow_F2,20108.000691387715,20108.000691387715,20190.76883965262,82.7681482649059,-82.7681482649059,0.0,82.7681482649059,-0.014911285050705023
P100_1100,frozen_SAC,420001,recirculation_F3,504500.0,504500.0,504500.0,0.0,0.0,0.0,0.0,0.0
P100_1100,frozen_SAC,420001,steam_F100,5597455.893532646,5597455.893532646,5591885.456976631,-5570.436556015164,5570.436556015164,0.0,-5570.436556015164,1.0035547379622667
P100_1100,frozen_SAC,420001,cooling_F200,129060.59400205623,129060.59400205623,128997.55715647223,-63.036845583992545,63.036845583992545,0.0,-63.036845583992545,0.011356547088522177
P100_1100,frozen_SAC,420002,flow_F2,19971.456220197386,19971.456220197386,20058.772559322704,87.31633912531834,-87.31633912531834,0.0,87.31633912531834,-0.015176757530267159
P100_1100,frozen_SAC,420002,recirculation_F3,504500.0,504500.0,504500.0,0.0,0.0,0.0,0.0,0.0
P100_1100,frozen_SAC,420002,steam_F100,5568658.491290355,5568658.491290355,5562807.17131637,-5851.319973984733,5851.319973984733,0.0,-5851.319973984733,1.017038338606041
P100_1100,frozen_SAC,420002,cooling_F200,125587.2205270198,125587.2205270198,125597.93074916024,10.71022214043478,-10.71022214043478,0.0,10.71022214043478,-0.0018615810757639227
P100_1100,frozen_SAC,420003,flow_F2,19971.337503477454,19971.337503477454,20064.279140209976,92.94163673252115,-92.94163673252115,0.0,92.94163673252115,-0.01526102153877987
P100_1100,frozen_SAC,420003,recirculation_F3,504500.0,504500.0,504500.0,0.0,0.0,0.0,0.0,0.0
P100_1100,frozen_SAC,420003,steam_F100,5547525.9969701255,5547525.9969701255,5541321.072054768,-6204.924915357493,6204.924915357493,0.0,-6204.924915357493,1.018848990709117
P100_1100,frozen_SAC,420003,cooling_F200,126243.11313090305,126243.11313090305,126264.96433702201,21.85120611896855,-21.85120611896855,0.0,21.85120611896855,-0.003587969170261154
P100_1100,frozen_SAC,420004,flow_F2,19728.357331834828,19728.357331834828,19808.267639502446,79.91030766761833,-79.91030766761833,0.0,79.91030766761833,-0.01518979447976545
P100_1100,frozen_SAC,420004,recirculation_F3,504500.0,504500.0,504500.0,0.0,0.0,0.0,0.0,0.0
P100_1100,frozen_SAC,420004,steam_F100,5561105.685307581,5561105.685307581,5555731.086895341,-5374.598412239924,5374.598412239924,0.0,-5374.598412239924,1.0216334747798794
P100_1100,frozen_SAC,420004,cooling_F200,125308.3631597779,125308.3631597779,125342.26200389766,33.898844119757996,-33.898844119757996,0.0,33.898844119757996,-0.006443680299949423
P100_1100,frozen_SAC,420005,flow_F2,19848.38802526566,19848.38802526566,19937.201479476156,88.81345421049627,-88.81345421049627,0.0,88.81345421049627,-0.015104129296655158
P100_1100,frozen_SAC,420005,recirculation_F3,504500.0,504500.0,504500.0,0.0,0.0,0.0,0.0,0.0
P100_1100,frozen_SAC,420005,steam_F100,5583547.356245063,5583547.356245063,5577612.063539584,-5935.292705479078,5935.292705479078,0.0,-5935.292705479078,1.0093901789314188
P100_1100,frozen_SAC,420005,cooling_F200,127675.96327683938,127675.96327683938,127642.36480458362,-33.59847225576232,33.59847225576232,0.0,-33.59847225576232,0.005713950365204239
P100_1100,frozen_SAC,420006,flow_F2,19918.363863333878,19918.363863333878,20000.775837777204,82.41197444332647,-82.41197444332647,0.0,82.41197444332647,-0.015184527200574732
P100_1100,frozen_SAC,420006,recirculation_F3,504500.0,504500.0,504500.0,0.0,0.0,0.0,0.0,0.0
P100_1100,frozen_SAC,420006,steam_F100,5545582.93751652,5545582.93751652,5540031.94861161,-5550.988904910162,5550.988904910162,0.0,-5550.988904910162,1.0227778497730489
P100_1100,frozen_SAC,420006,cooling_F200,124968.18111274429,124968.18111274429,125009.3928473941,41.21173464981257,-41.21173464981257,0.0,41.21173464981257,-0.0075933225723561265
P100_1100,frozen_SAC,420007,flow_F2,19813.67474853748,19813.67474853748,19915.01758765429,101.34283911680905,-101.34283911680905,0.0,101.34283911680905,-0.015280174907703305
P100_1100,frozen_SAC,420007,recirculation_F3,504500.0,504500.0,504500.0,0.0,0.0,0.0,0.0,0.0
P100_1100,frozen_SAC,420007,steam_F100,5559056.187468057,5559056.187468057,5552308.096101746,-6748.091366310604,6748.091366310604,0.0,-6748.091366310604,1.017457348432289
P100_1100,frozen_SAC,420007,cooling_F200,125183.40821209736,125183.40821209736,125197.84789931058,14.439687213220168,-14.439687213220168,0.0,14.439687213220168,-0.0021771735245764874
P100_1100,frozen_SAC,420008,flow_F2,20137.96454637684,20137.96454637684,20233.96331587991,95.99876950307225,-95.99876950307225,0.0,95.99876950307225,-0.015311493095199757
P100_1100,frozen_SAC,420008,recirculation_F3,504500.0,504500.0,504500.0,0.0,0.0,0.0,0.0,0.0
P100_1100,frozen_SAC,420008,steam_F100,5544498.071919518,5544498.071919518,5538088.635131375,-6409.436788142659,6409.436788142659,0.0,-6409.436788142659,1.0222844275376353
P100_1100,frozen_SAC,420008,cooling_F200,125012.62248056487,125012.62248056487,125056.34082482659,43.71834426172427,-43.71834426172427,0.0,43.71834426172427,-0.006972934442410061
P100_1100,frozen_SAC,420009,flow_F2,19827.417743869064,19827.417743869064,19927.31566026208,99.8979163930162,-99.8979163930162,0.0,99.8979163930162,-0.015038691537809604
P100_1100,frozen_SAC,420009,recirculation_F3,504500.0,504500.0,504500.0,0.0,0.0,0.0,0.0,0.0
P100_1100,frozen_SAC,420009,steam_F100,5593792.335833397,5593792.335833397,5587126.676566201,-6665.6592671955,6665.6592671955,0.0,-6665.6592671955,1.0034522964535328
P100_1100,frozen_SAC,420009,cooling_F200,129001.97883681522,129001.97883681522,128925.01358192424,-76.96525489097985,76.96525489097985,0.0,-76.96525489097985,0.011586395084364891
