episode,second,scenario_type,shock_scale_lambda,safety_mode,raw_actor_a_P100,raw_actor_a_F200,rho,q_base_P100_normalized,q_base_F200_normalized,u_base_P100,u_base_F200,mapping_center_P100_normalized,mapping_center_F200_normalized,interior_anchor_P100_normalized,interior_anchor_F200_normalized,boundary_target_P100_normalized,boundary_target_F200_normalized,interior_tau_max,interior_chebyshev_radius,mapped_action_P100_normalized,mapped_action_F200_normalized,final_applied_P100,final_applied_F200,applied_displacement_from_baseline,nonzero_actor,collapsed_action,qp_feasible,final_verification_gap,physical_violation,robust_region_violation,supervisor_mode,supervisor_remaining_shocks,supervisor_rank_before,supervisor_rank_next,supervisor_q_radius,supervisor_low_authority,supervisor_projection_distance_physical
1,0,pressure_negative,0.5511027518016418,Omega_safe_one_step_QP,0.7171958684921265,0.39473605155944824,0.7171958684921265,0.0648415999014984,-0.34323317639508505,201.3456029584422,183.02470038022335,0.0648415999014984,-0.33251953125,0.055419921875,0.0,0.387939453125,0.18301478382465686,0.33251953125,0.33251953125,0.23172444545057086,0.3697390808374621,224.5180475034993,219.99860846396956,43.63521588326405,True,False,True,0.0,False,False,wait_Gm,2,0,0,0.33251953125,False,0.0
1,1,pressure_negative,0.5511027518016418,Omega_safe_one_step_QP,-0.8116453289985657,0.9512447118759155,0.9512447118759155,0.013432705238956852,-0.35132275780110567,196.20471349218806,183.02470038022335,0.013432705238956852,-0.33251953125,0.055419921875,0.0,-0.2283008925173542,0.33251953125,0.33251953125,0.33251953125,-0.22994780654843056,0.6326148913940415,173.209932837345,246.2861895196275,67.31103880864782,True,False,True,0.0,False,False,wait_Gm,2,0,0,0.33251953125,False,0.0
1,2,pressure_negative,0.5511027518016418,Omega_safe_one_step_QP,0.5222793817520142,0.5721285939216614,0.5721285939216614,0.04522463522776189,-0.3467370091595962,199.38390649106856,183.02470038022335,0.04522463522776189,-0.33251953125,0.055419921875,0.0,0.3589672310757337,0.33251953125,0.33251953125,0.33251953125,0.17950111021583226,0.3804878637311049,217.3340175126518,221.07348675333384,42.07037710971655,True,False,True,0.0,False,False,wait_Gm,2,0,0,0.33251953125,False,0.0
1,3,pressure_negative,0.5511027518016418,Omega_safe_one_step_QP,-0.7437727451324463,-0.09922812134027481,0.7437727451324463,0.005491847702273534,-0.35301150494935657,195.41062773851974,183.02470038022335,0.005491847702273534,-0.33251953125,0.055419921875,0.0,-0.387939453125,-0.05914940840164059,0.443359375,0.33251953125,-0.2926234786373305,0.20332524670811836,166.14827987478668,203.3572250510352,35.63280177010074,True,False,True,0.0,False,False,wait_Gm,2,0,0,0.33251953125,False,0.0
1,4,pressure_negative,0.5511027518016418,Omega_safe_one_step_QP,-0.2584039568901062,0.8535299897193909,0.8535299897193909,0.04859494492561921,-0.3459977134333214,199.7209374608543,183.02470038022335,0.04859494492561921,-0.33251953125,0.055419921875,0.0,-0.045249490627414915,0.33251953125,0.33251953125,0.33251953125,-0.08009904011280311,0.5676307841786183,191.711033449574,239.78777879808518,57.32543618449192,True,False,True,0.0,False,False,wait_Gm,2,0,0,0.33251953125,False,0.0
1,5,pressure_negative,0.5511027518016418,Omega_safe_one_step_QP,0.28773024678230286,0.6455232501029968,0.6455232501029968,0.05032231938448585,-0.3460428463573923,199.89367490674096,183.02470038022335,0.05032231938448585,-0.33251953125,0.055419921875,0.0,0.20363445445958553,0.33251953125,0.33251953125,0.33251953125,0.09896654771390805,0.42929817707045004,209.79032967813177,225.95451808726835,44.055794443230816,True,False,True,0.0,False,False,wait_Gm,2,0,0,0.33251953125,False,0.0
1,6,pressure_negative,0.5511027518016418,Omega_safe_one_step_QP,-0.11317159980535507,-0.5455225706100464,0.5455225706100464,0.022782671341957578,-0.35047977846513173,197.13971010248812,183.02470038022335,0.022782671341957578,-0.33251953125,0.055419921875,0.0,-0.013563048483140175,-0.33251953125,0.33251953125,0.33251953125,-0.01982741050965998,0.0,195.15696905152214,183.02470038022335,1.9827410509659842,True,False,True,0.0,False,False,wait_Gm,2,0,0,0.33251953125,False,0.0
1,7,pressure_negative,0.5511027518016418,Omega_safe_one_step_QP,0.10916957259178162,-0.8723654747009277,0.8723654747009277,0.018845908393888347,-0.350450192747765,196.74603380768121,183.02470038022335,0.018845908393888347,-0.33251953125,0.055419921875,0.0,0.09703208576471276,-0.33251953125,0.33251953125,0.33251953125,0.06820692173715032,0.0,203.56672598139625,183.02470038022335,6.820692173715031,True,False,True,0.0,False,False,wait_Gm,2,0,0,0.33251953125,False,0.0
1,8,pressure_negative,0.5511027518016418,Omega_safe_one_step_QP,0.6552623510360718,0.26332879066467285,0.6552623510360718,0.0013331636566750464,-0.3525498137132179,194.99475933395988,183.02470038022335,0.0013331636566750464,-0.33251953125,0.055419921875,0.0,0.387939453125,0.133628867732134,0.33251953125,0.33251953125,0.25332854616234657,0.30544949584873393,220.32761395019455,213.56964996509674,39.68308793616922,True,False,True,0.0,False,False,wait_Gm,2,0,0,0.33251953125,False,0.0
1,9,pressure_negative,0.5511027518016418,Omega_safe_one_step_QP,0.5161755084991455,-0.2909480631351471,0.5161755084991455,-0.043115355935374605,-0.3594432145527795,190.54990737475492,183.02470038022335,-0.043115355935374605,-0.33251953125,0.055419921875,0.0,0.387939453125,-0.18742833005211187,0.33251953125,0.33251953125,0.22249993525774106,0.07489252455707174,212.79990090052902,190.51395283593052,23.476607809526172,True,False,True,0.0,False,False,wait_Gm,2,0,0,0.33251953125,False,0.0
1,10,pressure_negative,0.5511027518016418,Omega_safe_one_step_QP,0.9413960576057434,0.7862422466278076,0.9413960576057434,-0.07531342618187221,-0.3639970101449827,187.33010035010517,183.02470038022335,-0.07531342618187221,-0.33251953125,0.055419921875,0.0,0.387939453125,0.27771616546020944,0.33251953125,0.33251953125,0.43610443425399875,0.5744734790932853,230.94054377550503,240.47204828955188,72.12536694932952,True,False,True,0.0,False,False,wait_Gm,2,0,0,0.33251953125,False,0.0
1,11,pressure_negative,0.5511027518016418,Omega_safe_one_step_QP,0.5567669868469238,-0.6107226014137268,0.6107226014137268,-0.1366392573218815,-0.37393978928433463,181.19751723610423,183.02470038022335,-0.1366392573218815,-0.33251953125,0.055419921875,0.0,0.35856229298301784,-0.33251953125,0.33251953125,0.33251953125,0.30243077902631854,0.0,211.4405951387361,183.02470038022335,30.243077902631853,True,False,True,0.0,False,False,wait_Gm,2,0,0,0.33251953125,False,0.0
1,12,pressure_negative,0.5511027518016418,Omega_safe_one_step_QP,-0.06655799597501755,-0.9123924970626831,0.9123924970626831,-0.1663431107890447,-0.37794537804874623,178.22713188938792,183.02470038022335,-0.1663431107890447,-0.33251953125,0.055419921875,0.0,0.03116299988824267,-0.33251953125,0.33251953125,0.33251953125,0.18020309350598904,0.0,196.2474412399868,183.02470038022335,18.020309350598893,True,False,True,0.0,False,False,wait_Gm,2,0,0,0.33251953125,False,0.0
1,13,pressure_negative,0.5511027518016418,Omega_safe_one_step_QP,-0.6914210319519043,0.36609789729118347,0.6914210319519043,-0.17127936042697348,-0.3780601114640201,177.73350692559504,183.02470038022335,-0.17127936042697348,-0.33251953125,0.055419921875,0.0,-0.387939453125,0.2347526722952273,0.443359375,0.33251953125,-0.1498033448760648,0.3922239323728718,162.75317243798855,222.24709361751053,41.985789889210885,True,False,True,0.0,False,False,wait_Gm,2,0,0,0.33251953125,False,0.0
1,14,pressure_negative,0.5511027518016418,Omega_safe_one_step_QP,0.48952430486679077,0.9350194931030273,0.9350194931030273,-0.1217226832978468,-0.37032567105195696,182.6891746385077,183.02470038022335,-0.1217226832978468,-0.33251953125,0.055419921875,0.0,0.22950869070866908,0.33251953125,0.33251953125,0.33251953125,0.32840818128545235,0.6218244871124625,215.52999276705293,245.2071490914696,70.32194723611511,True,False,True,0.0,False,False,wait_Gm,2,0,0,0.33251953125,False,0.0
1,15,pressure_negative,0.5511027518016418,Omega_safe_one_step_QP,-0.34834927320480347,-0.25908058881759644,0.34834927320480347,-0.15788938973382263,-0.37638061795415007,179.0725039949101,183.02470038022335,-0.15788938973382263,-0.33251953125,0.055419921875,0.0,-0.387939453125,-0.3297432111054499,0.443359375,0.33251953125,-0.08013777238303571,0.0009671291045378894,171.05872675660655,183.12141329067714,8.014360798728786,True,False,True,0.0,False,False,wait_Gm,2,0,0,0.33251953125,False,0.0
1,16,pressure_negative,0.5511027518016418,Omega_safe_one_step_QP,-0.0608883760869503,-0.6210572719573975,0.6210572719573975,-0.12200742062520578,-0.3700893343015751,182.6607009057718,183.02470038022335,-0.12200742062520578,-0.33251953125,0.055419921875,0.0,0.02281974925131438,-0.33251953125,0.33251953125,0.33251953125,0.08994596702882222,0.0,191.65529760865402,183.02470038022335,8.994596702882234,True,False,True,0.0,False,False,wait_Gm,2,0,0,0.33251953125,False,0.0
1,17,pressure_negative,0.5511027518016418,Omega_safe_one_step_QP,-0.7401570081710815,-0.048590146005153656,0.7401570081710815,-0.11966355977725926,-0.36906459068751196,182.89508699056645,183.02470038022335,-0.11966355977725926,-0.33251953125,0.055419921875,0.0,-0.387939453125,-0.029105847173204358,0.443359375,0.33251953125,-0.19856628258468786,0.22457376464444678,163.03845873209767,205.48207684466803,29.97698189379336,True,False,True,0.0,False,False,wait_Gm,2,0,0,0.33251953125,False,0.0
1,18,pressure_negative,0.5511027518016418,Omega_safe_one_step_QP,-0.546181321144104,0.3396279811859131,0.546181321144104,-0.07087158618459193,-0.36118159278818995,187.77428434983318,183.02470038022335,-0.07087158618459193,-0.33251953125,0.055419921875,0.0,-0.387939453125,0.27569095397784577,0.443359375,0.33251953125,-0.17317654645785502,0.33219320635544136,170.45662970404769,216.2440210157675,37.46230673514091,True,False,True,0.0,False,False,wait_Gm,2,0,0,0.33251953125,False,0.0
1,19,pressure_negative,0.5511027518016418,Omega_safe_one_step_QP,-0.12569616734981537,0.6653563976287842,0.6653563976287842,-0.0342859370813963,-0.3554007625478493,191.43284926015275,183.02470038022335,-0.0342859370813963,-0.33251953125,0.055419921875,0.0,-0.007398187030298653,0.33251953125,0.33251953125,0.33251953125,0.017889936514341405,0.44248799490742385,193.2218429115869,227.27349987096574,44.28494952754034,True,False,True,0.0,False,False,wait_Gm,2,0,0,0.33251953125,False,0.0
1,20,pressure_negative,0.5511027518016418,Omega_safe_one_step_QP,0.4005301892757416,-0.3752667307853699,0.4005301892757416,0.030176075150489687,-0.6586113928484397,197.87905048334136,183.02470038022335,0.030176075150489687,-0.33251953125,0.055419921875,0.0,0.387939453125,-0.31154584786757483,0.33251953125,0.33251953125,0.14329503349605927,0.008400593374972232,212.20855383294727,183.86475971772057,14.354106239570731,True,False,True,0.0,False,False,wait_Gm,1,0,0,0.33251953125,False,0.0
1,21,pressure_negative,0.5511027518016418,Omega_safe_one_step_QP,0.6645196080207825,0.6095287203788757,0.6645196080207825,-0.004607748358651381,-0.6633440480730342,194.40066813242723,183.02470038022335,-0.004607748358651381,-0.33251953125,0.055419921875,0.0,0.387939453125,0.30500259426123266,0.33251953125,0.33251953125,0.26085531245957116,0.4236459529493004,220.48619937838436,225.3892956751534,49.75152133238756,True,False,True,0.0,False,False,wait_Gm,1,0,0,0.33251953125,False,0.0
1,22,pressure_negative,0.5511027518016418,Omega_safe_one_step_QP,-0.22504323720932007,-0.4233437776565552,0.4233437776565552,-0.052535062957178746,-0.6708724253552218,189.6079366725745,183.02470038022335,-0.052535062957178746,-0.33251953125,0.055419921875,0.0,-0.12134250076425232,-0.33251953125,0.33251953125,0.33251953125,-0.029129200652114898,0.0,186.69501660736302,183.02470038022335,2.9129200652114946,True,False,True,0.0,False,False,wait_Gm,1,0,0,0.33251953125,False,0.0
1,23,pressure_negative,0.5511027518016418,Omega_safe_one_step_QP,0.3649910092353821,-0.7204950451850891,0.7204950451850891,-0.045672273721966826,-0.669046444819024,190.2942155960957,183.02470038022335,-0.045672273721966826,-0.33251953125,0.055419921875,0.0,0.22386887945282152,-0.33251953125,0.33251953125,0.33251953125,0.19420306533591017,0.0,209.7145221296867,183.02470038022335,19.420306533591003,True,False,True,0.0,False,False,wait_Gm,1,0,0,0.33251953125,False,0.0
1,24,pressure_negative,0.5511027518016418,Omega_safe_one_step_QP,-0.6001836061477661,-0.9852754473686218,0.9852754473686218,-0.07614539914963003,-0.6730824150675285,187.2469030533294,183.02470038022335,-0.07614539914963003,-0.33251953125,0.055419921875,0.0,-0.14713538579372293,-0.33251953125,0.33251953125,0.33251953125,-0.06994469084945124,0.0,180.25243396838425,183.02470038022335,6.994469084945138,True,False,True,0.0,False,False,wait_Gm,1,0,0,0.33251953125,False,0.0
1,25,pressure_negative,0.5511027518016418,Omega_safe_one_step_QP,0.5738487839698792,0.3297017216682434,0.5738487839698792,-0.05872383582623654,-0.6695973375441009,188.98905938566872,183.02470038022335,-0.05872383582623654,-0.33251953125,0.055419921875,0.0,0.387939453125,0.19104730201396883,0.33251953125,0.33251953125,0.25631718520865376,0.300448190595489,214.6207779065341,213.06951943977225,39.49273536555687,True,False,True,0.0,False,False,wait_Gm,1,0,0,0.33251953125,False,0.0
1,26,pressure_negative,0.5511027518016418,Omega_safe_one_step_QP,0.41033074259757996,0.5614580512046814,0.5614580512046814,-0.09698237715892827,-0.6754135659567551,185.16320525239956,183.02470038022335,-0.09698237715892827,-0.33251953125,0.055419921875,0.0,0.2984353811657796,0.33251953125,0.33251953125,0.33251953125,0.22201048400071424,0.3733915360062383,207.36425365247098,220.36385398084718,43.44075208457254,True,False,True,0.0,False,False,wait_Gm,1,0,0,0.33251953125,False,0.0
1,27,pressure_negative,0.5511027518016418,Omega_safe_one_step_QP,-0.08216845244169235,0.1374823898077011,0.1374823898077011,-0.12331047267942212,-0.6794714508453551,182.53039570035017,183.02470038022335,-0.12331047267942212,-0.33251953125,0.055419921875,0.0,-0.14331546036316195,0.33251953125,0.33251953125,0.33251953125,-0.0027503335148341274,0.0914311596279731,182.25536234886675,192.16781634302066,9.147251655748144,True,False,True,0.0,False,False,wait_Gm,1,0,0,0.33251953125,False,0.0
1,28,pressure_negative,0.5511027518016418,Omega_safe_one_step_QP,-0.7204059958457947,-0.770939826965332,0.770939826965332,-0.10888513614257007,-0.6766372945785146,183.9729293540354,183.02470038022335,-0.10888513614257007,-0.33251953125,0.055419921875,0.0,-0.25530350383161515,-0.33251953125,0.33251953125,0.33251953125,-0.1128797510507387,0.0,172.6849542489615,183.02470038022335,11.287975105073883,True,False,True,0.0,False,False,wait_Gm,1,0,0,0.33251953125,False,0.0
1,29,pressure_negative,0.5511027518016418,Omega_safe_one_step_QP,0.33680590987205505,-0.05780758708715439,0.33680590987205505,-0.07903024384817216,-0.6711974618704071,186.95841858347515,183.02470038022335,-0.07903024384817216,-0.33251953125,0.055419921875,0.0,0.387939453125,-0.057071895704609785,0.33251953125,0.33251953125,0.1572781536717271,0.09277239151197136,202.68623395064787,192.3019395314205,18.260102477597968,True,False,True,0.0,False,False,wait_Gm,1,0,0,0.33251953125,False,0.0
1,30,pressure_negative,0.5511027518016418,Omega_safe_one_step_QP,0.13047221302986145,0.529997706413269,0.529997706413269,-0.09791449032817827,-0.6736002725895256,185.06999393547454,183.02470038022335,-0.09791449032817827,-0.33251953125,0.055419921875,0.0,0.13727793483026796,0.33251953125,0.33251953125,0.33251953125,0.12465144589975086,0.3524691778002307,197.53513852544964,218.27161816024642,37.386161111308176,True,False,True,0.0,False,False,wait_Gm,1,0,0,0.33251953125,False,0.0
1,31,pressure_negative,0.5511027518016418,Omega_safe_one_step_QP,0.26943662762641907,0.10715880244970322,0.26943662762641907,-0.10827318091411263,-0.6751179891711531,184.03412487688112,183.02470038022335,-0.10827318091411263,-0.33251953125,0.055419921875,0.0,0.387939453125,0.132247775938214,0.33251953125,0.33251953125,0.1336978587011209,0.12522533587980433,197.4039107469932,195.54723396820378,18.318433930736187,True,False,True,0.0,False,False,wait_Gm,1,0,0,0.33251953125,False,0.0
1,32,pressure_negative,0.5511027518016418,Omega_safe_one_step_QP,0.11841432005167007,-0.3920997977256775,0.3920997977256775,-0.11845708469257701,-0.6762151079125834,183.0157344990347,183.02470038022335,-0.11845708469257701,-0.33251953125,0.055419921875,0.0,0.15584097392669366,-0.33251953125,0.33251953125,0.33251953125,0.10755221330116214,0.0,193.7709558291509,183.02470038022335,10.7552213301162,True,False,True,0.0,False,False,wait_Gm,1,0,0,0.33251953125,False,0.0
1,33,pressure_negative,0.5511027518016418,Omega_safe_one_step_QP,-0.9383643269538879,-0.12656521797180176,0.9383643269538879,-0.12274997065616383,-0.676137314114583,182.586445902676,183.02470038022335,-0.12274997065616383,-0.33251953125,0.055419921875,0.0,-0.387939453125,-0.05979966876924369,0.443359375,0.33251953125,-0.24884435023211926,0.25591059020371176,157.70201087946407,208.61575940059453,35.69506139802223,True,False,True,0.0,False,False,wait_Gm,1,0,0,0.33251953125,False,0.0
1,34,pressure_negative,0.5511027518016418,Omega_safe_one_step_QP,-0.5708306431770325,-0.1829427182674408,0.5708306431770325,-0.06840720640132196,-0.6673354842555993,188.0207223281602,183.02470038022335,-0.06840720640132196,-0.33251953125,0.055419921875,0.0,-0.387939453125,-0.14209007557903489,0.443359375,0.33251953125,-0.18239879791307934,0.10870296866050921,169.78084253685225,193.89499724627427,21.23338335634339,True,False,True,0.0,False,False,wait_Gm,1,0,0,0.33251953125,False,0.0
1,35,pressure_negative,0.5511027518016418,Omega_safe_one_step_QP,0.7068061232566833,-0.5321210026741028,0.7068061232566833,-0.03395725213944132,-0.661397536635574,191.46571775434825,183.02470038022335,-0.03395725213944132,-0.33251953125,0.055419921875,0.0,0.387939453125,-0.2503382760214359,0.33251953125,0.33251953125,0.2981991746627273,0.05808621441246942,221.28563522062097,188.8333218214703,30.38038118166115,True,False,True,0.0,False,False,wait_Gm,1,0,0,0.33251953125,False,0.0
1,36,pressure_negative,0.5511027518016418,Omega_safe_one_step_QP,-0.8833945393562317,-0.43723222613334656,0.8833945393562317,-0.08314539066603706,-0.6684929554217185,186.54690390168867,183.02470038022335,-0.08314539066603706,-0.33251953125,0.055419921875,0.0,-0.387939453125,-0.21943876475578727,0.443359375,0.33251953125,-0.26925341040445017,0.09989493162720464,159.62156286124366,193.01419354294381,28.718704075781535,True,False,True,0.0,False,False,wait_Gm,1,0,0,0.33251953125,False,0.0
1,37,pressure_negative,0.5511027518016418,Omega_safe_one_step_QP,-0.4128124713897705,0.32383301854133606,0.4128124713897705,-0.03215492295489961,-0.6599405579307829,191.64595067280243,183.02470038022335,-0.03215492295489961,-0.33251953125,0.055419921875,0.0,-0.36846585141330584,0.33251953125,0.42388577328830584,0.33251953125,-0.1388333455323029,0.27453641896136105,177.76261611957213,210.47834227635946,30.764418273034156,True,False,True,0.0,False,False,wait_Gm,1,0,0,0.33251953125,False,0.0
1,38,pressure_negative,0.5511027518016418,Omega_safe_one_step_QP,0.1140643060207367,0.5677964091300964,0.5677964091300964,-0.01072160997461958,-0.6563469494790835,193.78928197083042,183.02470038022335,-0.01072160997461958,-0.33251953125,0.055419921875,0.0,0.12221958626259481,0.33251953125,0.33251953125,0.33251953125,0.07548353384894987,0.3776067916187458,201.3376353557254,220.78537954209793,38.50774635822362,True,False,True,0.0,False,False,wait_Gm,1,0,0,0.33251953125,False,0.0
1,39,pressure_negative,0.5511027518016418,Omega_safe_one_step_QP,0.3286270797252655,-0.1872262805700302,0.3286270797252655,-0.027525323108772867,-0.6589222182829829,192.1089106574151,183.02470038022335,-0.027525323108772867,-0.33251953125,0.055419921875,0.0,0.387939453125,-0.18944389824744268,0.33251953125,0.33251953125,0.13653297614241552,0.047018527453474235,205.76220827165665,187.72655312557077,14.440220046176067,True,False,True,0.0,False,False,wait_Gm,1,0,0,0.33251953125,False,0.0
1,40,pressure_negative,0.5511027518016418,Omega_safe_one_step_QP,0.6280407905578613,-0.6660541892051697,0.6660541892051697,0.013286968822272548,-0.9650642056939626,196.19013985051964,183.02470038022335,0.013286968822272548,-0.33251953125,0.055419921875,0.0,0.3689617217267388,-0.33251953125,0.33251953125,0.33251953125,0.2368986591665334,0.0,219.88000576717297,183.02470038022335,23.689865916653332,True,False,True,0.0,False,False,wait_Gm,0,0,0,0.33251953125,False,0.0
1,41,pressure_negative,0.5511027518016418,Omega_safe_one_step_QP,-0.9545758366584778,-0.8199042677879333,0.9545758366584778,-0.03708839221538377,-0.9721347240238916,191.152603746754,183.02470038022335,-0.03708839221538377,-0.33251953125,0.055419921875,0.0,-0.33171687228345215,-0.33251953125,0.38713679415845215,0.33251953125,-0.28124522786439193,0.0,163.0280809603148,183.02470038022335,28.1245227864392,True,False,True,0.0,False,False,wait_Gm,0,0,0,0.33251953125,False,0.0
1,42,pressure_negative,0.5511027518016418,Omega_safe_one_step_QP,0.44471868872642517,-0.07624553889036179,0.44471868872642517,0.004940617872384708,-0.9646937824891384,195.35550475553086,183.02470038022335,0.004940617872384708,-0.33251953125,0.055419921875,0.0,0.387939453125,-0.05700936680743605,0.33251953125,0.33251953125,0.1703267397972912,0.12252451906169881,212.38817873525997,195.27715228639323,20.98176733768505,True,False,True,0.0,False,False,wait_Gm,0,0,0,0.33251953125,False,0.0
1,43,pressure_negative,0.5511027518016418,Omega_safe_one_step_QP,-0.6774564385414124,0.0020895502530038357,0.6774564385414124,-0.033187028159651515,-0.9700842217253396,191.54274015232724,183.02470038022335,-0.033187028159651515,-0.33251953125,0.055419921875,0.0,-0.387939453125,0.0013675000213998866,0.443359375,0.33251953125,-0.24032931438095445,0.22619391908028774,167.50980871423178,205.64409228825212,33.00331322454148,True,False,True,0.0,False,False,wait_Gm,0,0,0,0.33251953125,False,0.0
1,44,pressure_negative,0.5511027518016418,Omega_safe_one_step_QP,-0.6953758001327515,0.39264073967933655,0.6953758001327515,0.0016600544690277778,-0.9642017640900895,195.02744841519515,183.02470038022335,0.0016600544690277778,-0.33251953125,0.055419921875,0.0,-0.387939453125,0.25034082709023703,0.443359375,0.33251953125,-0.27091806932452306,0.40530698804650456,167.93564148274285,223.5553991848738,48.75144662939311,True,False,True,0.0,False,False,wait_Gm,0,0,0,0.33251953125,False,0.0
1,45,pressure_negative,0.5511027518016418,Omega_safe_one_step_QP,-0.10768745094537735,-0.23795755207538605,0.23795755207538605,0.03571674418547296,-0.9587373210744441,198.43311738683968,183.02470038022335,0.03571674418547296,-0.33251953125,0.055419921875,0.0,-0.0950614576717187,-0.33251953125,0.33251953125,0.33251953125,-0.031119660778758128,0.0,195.32115130896386,183.02470038022335,3.1119660778758202,True,False,True,0.0,False,False,wait_Gm,0,0,0,0.33251953125,False,0.0
1,46,pressure_negative,0.5511027518016418,Omega_safe_one_step_QP,-0.3969758152961731,0.2605651915073395,0.3969758152961731,0.025114764429455948,-0.9595653810392156,197.37291941123797,183.02470038022335,0.025114764429455948,-0.33251953125,0.055419921875,0.0,-0.387939453125,0.2910102227947059,0.443359375,0.33251953125,-0.1639725347752031,0.2475262324733194,180.97566593371766,207.7773236275553,29.691114482794504,True,False,True,0.0,False,False,wait_Gm,0,0,0,0.33251953125,False,0.0
1,47,pressure_negative,0.5511027518016418,Omega_safe_one_step_QP,-0.27637478709220886,-0.8247001767158508,0.8247001767158508,0.03790093464653364,-0.9571887559570061,198.65153643294573,183.02470038022335,0.03790093464653364,-0.33251953125,0.055419921875,0.0,-0.056014533031008645,-0.33251953125,0.33251953125,0.33251953125,-0.07745210279002077,0.0,190.90632615394367,183.02470038022335,7.745210279002066,True,False,True,0.0,False,False,wait_Gm,0,0,0,0.33251953125,False,0.0
1,48,pressure_negative,0.5511027518016418,Omega_safe_one_step_QP,-0.763988196849823,0.9237953424453735,0.9237953424453735,0.03445672501021736,-0.9568938899123218,198.3071154693141,183.02470038022335,0.03445672501021736,-0.33251953125,0.055419921875,0.0,-0.2195771315032573,0.33251953125,0.33251953125,0.33251953125,-0.2346752934705842,0.6143599884817377,174.8395861222557,244.46069922839712,65.7655448401962,True,False,True,0.0,False,False,wait_Gm,0,0,0,0.33251953125,False,0.0
1,49,pressure_negative,0.5511027518016418,Omega_safe_one_step_QP,0.8171613812446594,0.3994142711162567,0.8171613812446594,0.05726381025205974,-0.9534927114506059,200.58782399349835,183.02470038022335,0.05726381025205974,-0.33251953125,0.055419921875,0.0,0.387939453125,0.16252976370939592,0.33251953125,0.33251953125,0.2702153650740177,0.4045351656532148,227.60936050090012,223.47821694554483,48.648231599119676,True,False,True,0.0,False,False,wait_Gm,0,0,0,0.33251953125,False,0.0
2,0,pressure_positive,0.9753411018781792,Omega_safe_one_step_QP,0.5575017929077148,0.43378037214279175,0.5575017929077148,-0.11475659899850077,0.49606533244432494,183.3857830684423,249.52860663022335,-0.11475659899850077,0.33251953125,0.055419921875,0.0,0.387939453125,0.2587264253592244,0.33251953125,0.33251953125,0.28025395034648193,-0.041139788838336244,211.4111781030905,245.41462774638973,28.32574075120919,True,False,True,0.0,False,False,wait_Gm,2,0,0,0.33251953125,False,0.0
2,1,pressure_positive,0.9753411018781792,Omega_safe_one_step_QP,-0.10127699375152588,-0.45551687479019165,0.45551687479019165,-0.13518683060214132,0.4921983340168422,181.34275990807825,249.52860663022335,-0.13518683060214132,0.33251953125,0.055419921875,0.0,-0.018510552169848052,-0.33251953125,0.33251953125,0.33251953125,0.053148013713628484,-0.30293651536339894,186.6575612794411,219.23495509388346,30.756339785842997,True,False,True,0.0,False,False,wait_Gm,2,0,0,0.33251953125,False,0.0
2,2,pressure_positive,0.9753411018781792,Omega_safe_one_step_QP,-0.807218074798584,0.8052048087120056,0.807218074798584,-0.11562918866780698,0.4949840441609844,183.29852410151167,249.52860663022335,-0.11562918866780698,0.33251953125,0.055419921875,0.0,-0.2779310131224036,0.33251953125,0.3333509349974036,0.33251953125,-0.1310129662725371,0.0,170.19722747425797,249.52860663022335,13.101296627253703,True,False,True,0.0,False,False,wait_Gm,2,0,0,0.33251953125,False,0.0
2,3,pressure_positive,0.9753411018781792,Omega_safe_one_step_QP,-0.08844742178916931,-0.5952732563018799,0.5952732563018799,-0.06950283937236017,0.5014973586570534,187.91115903105637,249.52860663022335,-0.06950283937236017,0.33251953125,0.055419921875,0.0,0.006013208366119092,-0.33251953125,0.33251953125,0.33251953125,0.04495268364033288,-0.3958799683023244,192.40642739508965,209.9406097999909,39.8424011662848,True,False,True,0.0,False,False,wait_Gm,2,0,0,0.33251953125,False,0.0
2,4,pressure_positive,0.9753411018781792,Omega_safe_one_step_QP,-0.3880867660045624,0.15843914449214935,0.3880867660045624,-0.05954957109928805,0.5029257957693085,188.90648585836357,249.52860663022335,-0.05954957109928805,0.33251953125,0.055419921875,0.0,-0.387939453125,0.18100457482940352,0.443359375,0.33251953125,-0.12744376730397827,-0.05880094943859149,176.16210912796575,243.6485116863642,14.035478431286313,True,False,True,0.0,False,False,wait_Gm,2,0,0,0.33251953125,False,0.0
2,5,pressure_positive,0.9753411018781792,Omega_safe_one_step_QP,-0.6464544534683228,0.7132285833358765,0.7132285833358765,-0.02333894273184885,0.5079561977878277,192.5275486951075,249.52860663022335,-0.02333894273184885,0.33251953125,0.055419921875,0.0,-0.24596835232507142,0.33251953125,0.33251953125,0.33251953125,-0.1587856584130767,0.0,176.64898285379982,249.52860663022335,15.878565841307676,True,False,True,0.0,False,False,wait_Gm,2,0,0,0.33251953125,False,0.0
2,6,pressure_positive,0.9753411018781792,Omega_safe_one_step_QP,0.5170390605926514,0.43892592191696167,0.5170390605926514,0.011925535221869895,0.5127570482721009,196.05399649047936,249.52860663022335,0.011925535221869895,0.33251953125,0.055419921875,0.0,0.387939453125,0.2822832024373684,0.33251953125,0.33251953125,0.19441388288239658,-0.025974144256906584,215.49538477871903,246.9311922045327,19.614131137343,True,False,True,0.0,False,False,wait_Gm,2,0,0,0.33251953125,False,0.0
2,7,pressure_positive,0.9753411018781792,Omega_safe_one_step_QP,-0.13581392168998718,0.25461769104003906,0.25461769104003906,-0.015574685473943455,0.5077567875819449,193.30397442089804,249.52860663022335,-0.015574685473943455,0.33251953125,0.055419921875,0.0,-0.12194710000439146,0.33251953125,0.33251953125,0.33251953125,-0.02708429857809667,0.0,190.59554456308837,249.52860663022335,2.7084298578096764,True,False,True,0.0,False,False,wait_Gm,2,0,0,0.33251953125,False,0.0
2,8,pressure_positive,0.9753411018781792,Omega_safe_one_step_QP,0.1681959331035614,0.29969319701194763,0.29969319701194763,-0.0028335304171725095,0.5090290827325316,194.57808992657513,249.52860663022335,-0.0028335304171725095,0.33251953125,0.055419921875,0.0,0.24203888216966077,0.33251953125,0.33251953125,0.33251953125,0.07338659618817675,0.0,201.9167495453928,249.52860663022335,7.3386596188176725,True,False,True,0.0,False,False,wait_Gm,2,0,0,0.33251953125,False,0.0
2,9,pressure_positive,0.9753411018781792,Omega_safe_one_step_QP,-0.8311113715171814,-0.16838519275188446,0.8311113715171814,-0.008398962081539785,0.507432714481952,194.0215467601384,249.52860663022335,-0.008398962081539785,0.33251953125,0.055419921875,0.0,-0.387939453125,-0.08982569168972886,0.443359375,0.33251953125,-0.3154404180574347,-0.3510159174911678,162.47750495439493,214.42701488110657,47.19267227826958,True,False,True,0.0,False,False,wait_Gm,2,0,0,0.33251953125,False,0.0
2,10,pressure_positive,0.9753411018781792,Omega_safe_one_step_QP,-0.916771650314331,-0.012018361128866673,0.916771650314331,0.04948435631114936,0.5162883428151102,199.8098785994073,249.52860663022335,0.04948435631114936,0.33251953125,0.055419921875,0.0,-0.387939453125,-0.0058121922474278845,0.443359375,0.33251953125,-0.40101774766356024,-0.3101729325044289,159.7081038330513,218.51131337978046,50.69738474512781,True,False,True,0.0,False,False,wait_Gm,2,0,0,0.33251953125,False,0.0
2,11,pressure_positive,0.9753411018781792,Omega_safe_one_step_QP,-0.3402775824069977,-0.7109516263008118,0.7109516263008118,0.11153521616767009,0.5257216359073486,206.01496458505937,249.52860663022335,0.11153521616767009,0.33251953125,0.055419921875,0.0,-0.10373147185004017,-0.33251953125,0.33251953125,0.33251953125,-0.15304420193458057,-0.4728106030379422,190.71054439160133,202.24754632642913,49.696317176516736,True,False,True,0.0,False,False,wait_Gm,2,0,0,0.33251953125,False,0.0
2,12,pressure_positive,0.9753411018781792,Omega_safe_one_step_QP,-0.793194055557251,0.17528913915157318,0.793194055557251,0.12338491985794008,0.5275684349571422,207.1999349540864,249.52860663022335,0.12338491985794008,0.33251953125,0.055419921875,0.0,-0.387939453125,0.0979786505383362,0.443359375,0.33251953125,-0.40557945311160665,-0.18603643236565404,166.64198964292572,230.92496339365795,44.62109892793436,True,False,True,0.0,False,False,wait_Gm,2,0,0,0.33251953125,False,0.0
2,13,pressure_positive,0.9753411018781792,Omega_safe_one_step_QP,-0.6588140726089478,0.8502402305603027,0.8502402305603027,0.17395025360106572,0.5350035789791454,212.25646832839897,249.52860663022335,0.17395025360106572,0.33251953125,0.055419921875,0.0,-0.20223496051096523,0.33251953125,0.33251953125,0.33251953125,-0.3198478031799901,0.0,180.27168801039994,249.52860663022335,31.984780317999025,True,False,True,0.0,False,False,wait_Gm,2,0,0,0.33251953125,False,0.0
2,14,pressure_positive,0.9753411018781792,Omega_safe_one_step_QP,0.16212227940559387,-0.3062603771686554,0.3062603771686554,0.202435770220583,0.5387226840596758,215.10501999035068,249.52860663022335,0.202435770220583,0.33251953125,0.055419921875,0.0,0.23144277161975296,-0.33251953125,0.33251953125,0.33251953125,0.008883695189041446,-0.203675114113139,215.99338950925483,229.16109521890945,20.38687620730846,True,False,True,0.0,False,False,wait_Gm,2,0,0,0.33251953125,False,0.0
2,15,pressure_positive,0.9753411018781792,Omega_safe_one_step_QP,0.1818309873342514,-0.9543922543525696,0.9543922543525696,0.17338527222445946,0.5337207418814366,212.19997019073833,249.52860663022335,0.17338527222445946,0.33251953125,0.055419921875,0.0,0.11877160395264402,-0.33251953125,0.33251953125,0.33251953125,-0.05212286198040146,-0.6347081300918944,206.98768399269818,186.0577936210339,63.68447245175052,True,False,True,0.0,False,False,wait_Gm,2,0,0,0.33251953125,False,0.0
2,16,pressure_positive,0.9753411018781792,Omega_safe_one_step_QP,0.9171184301376343,-0.035393126308918,0.9171184301376343,0.1587480127931671,0.5317335534898676,210.73624424760908,249.52860663022335,0.1587480127931671,0.33251953125,0.055419921875,0.0,0.387939453125,-0.012832482025191955,0.33251953125,0.33251953125,0.2101956939581139,-0.3167286962598155,231.75581364342048,217.8557370042418,38.013063122165725,True,False,True,0.0,False,False,wait_Gm,2,0,0,0.33251953125,False,0.0
2,17,pressure_positive,0.9753411018781792,Omega_safe_one_step_QP,0.5654704570770264,-0.8345400094985962,0.8345400094985962,0.10446674543674238,0.5229594455483996,205.30811751196663,249.52860663022335,0.10446674543674238,0.33251953125,0.055419921875,0.0,0.28072963642774773,-0.33251953125,0.33251953125,0.33251953125,0.1470984347218835,-0.5550017055356875,220.01796098415497,194.0284360766546,57.41644735136006,True,False,True,0.0,False,False,wait_Gm,2,0,0,0.33251953125,False,0.0
2,18,pressure_positive,0.9753411018781792,Omega_safe_one_step_QP,-0.02668333798646927,-0.018586011603474617,0.02668333798646927,0.06915249842380815,0.5175786464493372,201.77669281067318,249.52860663022335,0.06915249842380815,0.33251953125,0.055419921875,0.0,-0.387939453125,-0.30881752846805677,0.443359375,0.33251953125,-0.01219673903407182,-0.017113013527705334,200.557018907266,247.81730527745282,2.101465381738833,True,False,True,0.0,False,False,wait_Gm,2,0,0,0.33251953125,False,0.0
2,19,pressure_positive,0.9753411018781792,Omega_safe_one_step_QP,0.8756529092788696,0.1434561014175415,0.8756529092788696,0.06546293206770873,0.5162940544847401,201.40773617506326,249.52860663022335,0.06546293206770873,0.33251953125,0.055419921875,0.0,0.387939453125,0.05447587176704245,0.33251953125,0.33251953125,0.2823775038379459,-0.24346973933279514,229.64548655885784,225.18163269694384,37.284657520825945,True,False,True,0.0,False,False,wait_Gm,2,0,0,0.33251953125,False,0.0
2,20,pressure_positive,0.9753411018781792,Omega_safe_one_step_QP,-0.05302119627594948,-0.4660486876964569,0.4660486876964569,-0.09988439495664705,1.044265189644801,184.8730034726277,249.52860663022335,-0.09988439495664705,0.33251953125,0.055419921875,0.0,0.017590004534955954,-0.33251953125,0.33251953125,0.33251953125,0.0547487897209909,-0.309940582345007,190.34788244472676,218.53454839572265,31.47389307986467,True,False,True,0.0,False,False,wait_Gm,1,0,0,0.33251953125,False,0.0
2,21,pressure_positive,0.9753411018781792,Omega_safe_one_step_QP,-0.3368619978427887,0.04134480655193329,0.3368619978427887,-0.08082097932633549,1.0468025339422602,186.77934503565882,249.52860663022335,-0.08082097932633549,0.33251953125,0.055419921875,0.0,-0.387939453125,0.054415777706441744,0.443359375,0.33251953125,-0.10345654265824618,-0.09368258602626156,176.43369076983421,240.1603480275972,13.956963546332485,True,False,True,0.0,False,False,wait_Gm,1,0,0,0.33251953125,False,0.0
2,22,pressure_positive,0.9753411018781792,Omega_safe_one_step_QP,-0.12217707931995392,-0.9567758440971375,0.9567758440971375,-0.039384083222502,1.0525172066633455,190.92303464604217,249.52860663022335,-0.039384083222502,0.33251953125,0.055419921875,0.0,0.01295828846774967,-0.33251953125,0.33251953125,0.33251953125,0.050079916855986714,-0.6362933103810064,195.93102633164085,185.8992755921227,63.826105545295675,True,False,True,0.0,False,False,wait_Gm,1,0,0,0.33251953125,False,0.0
2,23,pressure_positive,0.9753411018781792,Omega_safe_one_step_QP,0.6525838375091553,0.7923215627670288,0.7923215627670288,-0.029701458100204185,1.0541828918369276,191.89129715827195,249.52860663022335,-0.029701458100204185,0.33251953125,0.055419921875,0.0,0.32929467418143876,0.33251953125,0.33251953125,0.33251953125,0.28444037655671045,0.0,220.335334813943,249.52860663022335,28.444037655671053,True,False,True,0.0,False,False,wait_Gm,1,0,0,0.33251953125,False,0.0
2,24,pressure_positive,0.9753411018781792,Omega_safe_one_step_QP,-0.719501793384552,0.10807228833436966,0.719501793384552,-0.059118277247014205,1.0486734064123269,188.94961524359096,249.52860663022335,-0.059118277247014205,0.33251953125,0.055419921875,0.0,-0.387939453125,0.06659450004336108,0.443359375,0.33251953125,-0.23658742574702787,-0.19133353685901966,165.29087266888817,230.39525294432138,30.427312130483568,True,False,True,0.0,False,False,wait_Gm,1,0,0,0.33251953125,False,0.0
2,25,pressure_positive,0.9753411018781792,Omega_safe_one_step_QP,-0.7828485369682312,0.3444801867008209,0.7828485369682312,9.153769842925261e-05,1.0573082096349629,194.8705967381353,249.52860663022335,9.153769842925261e-05,0.33251953125,0.055419921875,0.0,-0.387939453125,0.19509332018047465,0.443359375,0.33251953125,-0.30376949346445486,-0.10758390827686526,164.49364739168982,238.77021580253682,32.2257975044492,True,False,True,0.0,False,False,wait_Gm,1,0,0,0.33251953125,False,0.0
2,26,pressure_positive,0.9753411018781792,Omega_safe_one_step_QP,-0.4375324249267578,0.318845272064209,0.4375324249267578,0.06029418231176695,1.0659693771880698,200.89086119946907,249.52860663022335,0.06029418231176695,0.33251953125,0.055419921875,0.0,-0.387939453125,0.32309157559638374,0.443359375,0.33251953125,-0.19611674944638482,-0.004125036299228668,181.2791862548306,249.11610300030048,19.61601267788284,True,False,True,0.0,False,False,wait_Gm,1,0,0,0.33251953125,False,0.0
2,27,pressure_positive,0.9753411018781792,Omega_safe_one_step_QP,0.4539892375469208,0.5372949838638306,0.5372949838638306,0.09327056431349658,1.0702240030765258,204.18849939964204,249.52860663022335,0.09327056431349658,0.33251953125,0.055419921875,0.0,0.3363834391147322,0.33251953125,0.33251953125,0.33251953125,0.13062332814341948,0.0,217.25083221398398,249.52860663022335,13.062332814341943,True,False,True,0.0,False,False,wait_Gm,1,0,0,0.33251953125,False,0.0
2,28,pressure_positive,0.9753411018781792,Omega_safe_one_step_QP,-0.7845181226730347,0.8320236802101135,0.8320236802101135,0.06835269837044494,1.0654142043458241,201.6967128053369,249.52860663022335,0.06835269837044494,0.33251953125,0.055419921875,0.0,-0.25811394093824325,0.33251953125,0.33251953125,0.33251953125,-0.27162797470344247,0.0,174.53391533499263,249.52860663022335,27.16279747034426,True,False,True,0.0,False,False,wait_Gm,1,0,0,0.33251953125,False,0.0
2,29,pressure_positive,0.9753411018781792,Omega_safe_one_step_QP,-0.53957200050354,-0.9251748919487,0.9251748919487,0.11209843132850073,1.0713475420339762,206.07128610114245,249.52860663022335,0.11209843132850073,0.33251953125,0.055419921875,0.0,-0.1385090641409872,-0.33251953125,0.33251953125,0.33251953125,-0.23185576254251777,-0.6152774427901022,182.88570984689068,188.00086235121313,65.75130616425045,True,False,True,0.0,False,False,wait_Gm,1,0,0,0.33251953125,False,0.0
2,30,pressure_positive,0.9753411018781792,Omega_safe_one_step_QP,0.10970494151115417,-0.2581554353237152,0.2581554353237152,0.1420284488583632,1.0761239646281118,209.0642878541287,249.52860663022335,0.1420284488583632,0.33251953125,0.055419921875,0.0,0.196726401366143,-0.33251953125,0.33251953125,0.33251953125,0.014120573740961873,-0.17168344868696295,210.4763452282249,232.36026176152706,17.22631625038359,True,False,True,0.0,False,False,wait_Gm,1,0,0,0.33251953125,False,0.0
2,31,pressure_positive,0.9753411018781792,Omega_safe_one_step_QP,0.6595795154571533,0.6165029406547546,0.6595795154571533,0.12774130508623,1.0732119218337661,207.63557347691537,249.52860663022335,0.12774130508623,0.33251953125,0.055419921875,0.0,0.387939453125,0.31080296467163776,0.33251953125,0.33251953125,0.17162136840626052,-0.014323802461149171,224.79771031754143,248.09622638410843,17.221807515642325,True,False,True,0.0,False,False,wait_Gm,1,0,0,0.33251953125,False,0.0
2,32,pressure_positive,0.9753411018781792,Omega_safe_one_step_QP,-0.3657222092151642,0.9057987928390503,0.9057987928390503,0.09056149756654637,1.0665019737754506,203.917592724947,249.52860663022335,0.09056149756654637,0.33251953125,0.055419921875,0.0,-0.07883702187161132,0.33251953125,0.33251953125,0.33251953125,-0.15344097441580548,0.0,188.57349528336647,249.52860663022335,15.344097441580544,True,False,True,0.0,False,False,wait_Gm,1,0,0,0.33251953125,False,0.0
2,33,pressure_positive,0.9753411018781792,Omega_safe_one_step_QP,-0.41816431283950806,0.03011425770819187,0.41816431283950806,0.1116540447410084,1.0688906188716696,206.02684744239323,249.52860663022335,0.1116540447410084,0.33251953125,0.055419921875,0.0,-0.387939453125,0.03192868943174779,0.443359375,0.33251953125,-0.2089121717342256,-0.1256963628147787,185.13563026897066,236.95897034874548,24.381113822706116,True,False,True,0.0,False,False,wait_Gm,1,0,0,0.33251953125,False,0.0
2,34,pressure_positive,0.9753411018781792,Omega_safe_one_step_QP,-0.4880698323249817,0.8720871210098267,0.8720871210098267,0.13812341852139415,1.0722889940495357,208.6737848204318,249.52860663022335,0.13812341852139415,0.33251953125,0.055419921875,0.0,-0.1306770264138858,0.33251953125,0.33251953125,0.33251953125,-0.23441740614976883,0.0,185.2320442054549,249.52860663022335,23.44174061497688,True,False,True,0.0,False,False,wait_Gm,1,0,0,0.33251953125,False,0.0
2,35,pressure_positive,0.9753411018781792,Omega_safe_one_step_QP,-0.6707843542098999,-0.9101787805557251,0.9101787805557251,0.16434550815805637,1.0754754421319277,211.29599378409802,249.52860663022335,0.16434550815805637,0.33251953125,0.055419921875,0.0,-0.1896406132602221,-0.33251953125,0.33251953125,0.33251953125,-0.32219065632613936,-0.6053044429281726,179.07692815148408,188.9981623374061,68.571151926481,True,False,True,0.0,False,False,wait_Gm,1,0,0,0.33251953125,False,0.0
2,36,pressure_positive,0.9753411018781792,Omega_safe_one_step_QP,-0.12980587780475616,0.9847511053085327,0.9847511053085327,0.2001007301950689,1.0811373588636264,214.87151598779928,249.52860663022335,0.2001007301950689,0.33251953125,0.055419921875,0.0,0.011588552294958872,0.33251953125,0.33251953125,0.33251953125,-0.18563757555125207,0.0,196.30775843267406,249.52860663022335,18.56375755512522,True,False,True,0.0,False,False,wait_Gm,1,0,0,0.33251953125,False,0.0
2,37,pressure_positive,0.9753411018781792,Omega_safe_one_step_QP,0.7833545207977295,0.49721604585647583,0.7833545207977295,0.20830006355489486,1.0815009088079606,215.69144932378185,249.52860663022335,0.20830006355489486,0.33251953125,0.055419921875,0.0,0.387939453125,0.21105903152228678,0.33251953125,0.33251953125,0.14072132793308625,-0.09514663156005554,229.7635821170905,240.0139434742178,16.98686952692467,True,False,True,0.0,False,False,wait_Gm,1,0,0,0.33251953125,False,0.0
2,38,pressure_positive,0.9753411018781792,Omega_safe_one_step_QP,0.7815849781036377,0.7868933081626892,0.7868933081626892,0.16283140950020716,1.0736028349720514,211.1445839183131,249.52860663022335,0.16283140950020716,0.33251953125,0.055419921875,0.0,0.38569629842455216,0.33251953125,0.33251953125,0.33251953125,0.17537088971898804,0.0,228.6816728902119,249.52860663022335,17.53708897189881,True,False,True,0.0,False,False,wait_Gm,1,0,0,0.33251953125,False,0.0
2,39,pressure_positive,0.9753411018781792,Omega_safe_one_step_QP,0.03771672025322914,-0.36814188957214355,0.36814188957214355,0.11925813338990497,1.0658746933530063,206.7872563072829,249.52860663022335,0.11925813338990497,0.33251953125,0.055419921875,0.0,0.08948707504104417,-0.33251953125,0.33251953125,0.33251953125,-0.010959973675112061,-0.24482873710803688,205.69125893977167,225.04573291941966,24.507393075738467,True,False,True,0.0,False,False,wait_Gm,1,0,0,0.33251953125,False,0.0
2,40,pressure_positive,0.9753411018781792,Omega_safe_one_step_QP,0.5440248847007751,0.3233225345611572,0.5440248847007751,-0.002111558651107062,1.6005570289664752,194.65028710318168,249.52860663022335,-0.002111558651107062,0.33251953125,0.055419921875,0.0,0.387939453125,0.19762158066348604,0.33251953125,0.33251953125,0.2121974567089175,-0.07338784201419912,215.87003277407342,242.18982242880344,22.452958822666094,True,False,True,0.0,False,False,wait_Gm,0,0,0,0.33251953125,False,0.0
2,41,pressure_positive,0.9753411018781792,Omega_safe_one_step_QP,-0.2526845335960388,-0.8110666871070862,0.8110666871070862,-0.018822729645203446,1.5969576752538068,192.97917000377203,249.52860663022335,-0.018822729645203446,0.33251953125,0.055419921875,0.0,-0.04817518812165321,-0.33251953125,0.33251953125,0.33251953125,-0.023806801254942323,-0.5393910292186774,190.5984898782778,195.5895037083556,53.99161473669559,True,False,True,0.0,False,False,wait_Gm,0,0,0,0.33251953125,False,0.0
2,42,pressure_positive,0.9753411018781792,Omega_safe_one_step_QP,0.4935792088508606,-0.4750789701938629,0.4935792088508606,0.004922736366051748,1.6004529848429396,195.35371660489756,249.52860663022335,0.004922736366051748,0.33251953125,0.055419921875,0.0,0.387939453125,-0.3200560996954979,0.33251953125,0.33251953125,0.18904908803453596,-0.32209776363743003,214.25862540835115,217.31883026648035,37.34789512501655,True,False,True,0.0,False,False,wait_Gm,0,0,0,0.33251953125,False,0.0
2,43,pressure_positive,0.9753411018781792,Omega_safe_one_step_QP,0.8736262917518616,-0.5180588364601135,0.8736262917518616,-0.009315869129182542,1.5976154575452757,193.92985605537413,249.52860663022335,-0.009315869129182542,0.33251953125,0.055419921875,0.0,0.387939453125,-0.19718349033910046,0.33251953125,0.33251953125,0.3470526940596122,-0.4627624864806421,228.63512546133535,203.25235798215914,57.84416058235967,True,False,True,0.0,False,False,wait_Gm,0,0,0,0.33251953125,False,0.0
2,44,pressure_positive,0.9753411018781792,Omega_safe_one_step_QP,-0.7544841170310974,0.6622253656387329,0.7544841170310974,-0.046639119813270784,1.591412568816098,190.1975309869653,249.52860663022335,-0.046639119813270784,0.33251953125,0.055419921875,0.0,-0.3234249819120513,0.33251953125,0.3788449037870513,0.33251953125,-0.2088305367722897,0.0,169.31447730973633,249.52860663022335,20.883053677228958,True,False,True,0.0,False,False,wait_Gm,0,0,0,0.33251953125,False,0.0
2,45,pressure_positive,0.9753411018781792,Omega_safe_one_step_QP,-0.6934313774108887,-0.6414633989334106,0.6934313774108887,0.011546832982728907,1.599433733978455,196.01612626656527,249.52860663022335,0.011546832982728907,0.33251953125,0.055419921875,0.0,-0.30403858652018695,-0.33251953125,0.35945850839518695,0.33251953125,-0.21883683213670002,-0.4611589531414211,174.13244305289527,203.41271131608124,51.04479788990428,True,False,True,0.0,False,False,wait_Gm,0,0,0,0.33251953125,False,0.0
2,46,pressure_positive,0.9753411018781792,Omega_safe_one_step_QP,0.1987655758857727,0.7491241097450256,0.7491241097450256,0.06155830585525941,1.6068849554873712,201.0172735538183,249.52860663022335,0.06155830585525941,0.33251953125,0.055419921875,0.0,0.14364754031951812,0.33251953125,0.33251953125,0.33251953125,0.06149502468768836,0.0,207.16677602258716,249.52860663022335,6.149502468768844,True,False,True,0.0,False,False,wait_Gm,0,0,0,0.33251953125,False,0.0
2,47,pressure_positive,0.9753411018781792,Omega_safe_one_step_QP,-0.6071306467056274,-0.3793526589870453,0.6071306467056274,0.05854693495965718,1.6053262522579685,200.71613646425808,249.52860663022335,0.05854693495965718,0.33251953125,0.055419921875,0.0,-0.387939453125,-0.27702366649699484,0.443359375,0.33251953125,-0.2710755695430977,-0.3700723558431491,173.60857950994833,212.52137104590844,45.873250698246046,True,False,True,0.0,False,False,wait_Gm,0,0,0,0.33251953125,False,0.0
2,48,pressure_positive,0.9753411018781792,Omega_safe_one_step_QP,0.5548096895217896,0.943652868270874,0.943652868270874,0.10918109475573842,1.6127076386858483,205.77955244386624,249.52860663022335,0.10918109475573842,0.33251953125,0.055419921875,0.0,0.2509208990836947,0.33251953125,0.33251953125,0.33251953125,0.13375317290222838,0.0,219.15486973408906,249.52860663022335,13.375317290222824,True,False,True,0.0,False,False,wait_Gm,0,0,0,0.33251953125,False,0.0
2,49,pressure_positive,0.9753411018781792,Omega_safe_one_step_QP,0.0014823724050074816,-0.7122049927711487,0.7122049927711487,0.08676739352091042,1.6081135982722958,203.5381823203834,249.52860663022335,0.08676739352091042,0.33251953125,0.055419921875,0.0,0.05611202286032602,-0.33251953125,0.33251953125,0.33251953125,-0.02183290803971838,-0.473644140700344,201.35489151641158,202.16419256018895,47.414707411650035,True,False,True,0.0,False,False,wait_Gm,0,0,0,0.33251953125,False,0.0
3,0,concentration_positive,1.0,Omega_safe_one_step_QP,-0.5406879186630249,-0.7363555431365967,0.7363555431365967,-1.9713760271714313,-0.4612714095936162,156.06749765579238,183.02470038022335,-0.387939453125,-0.33251953125,0.055419921875,0.0,-0.18874106114759345,-0.33251953125,0.33251953125,0.33251953125,0.14668084011645988,0.0,170.73558166743837,183.02470038022335,14.668084011645988,True,False,True,0.0,False,False,recover_Bj,2,5,4,0.11445075801659475,False,0.0
3,1,concentration_positive,1.0,Omega_safe_one_step_QP,0.3553173542022705,-0.7563350200653076,0.7563350200653076,-1.9241357675578121,-0.4530377725563019,156.06749765579238,183.02470038022335,-0.387939453125,-0.33251953125,0.055419921875,0.0,0.21163371196781794,-0.33251953125,0.33251953125,0.33251953125,0.142904195558946,0.0,170.35791721168698,183.02470038022335,14.290419555894601,True,False,True,0.31057398629215044,False,False,recover_Bj,2,4,3,0.07135407498107958,False,31.057398629215044
3,2,concentration_positive,1.0,Omega_safe_one_step_QP,0.012659863568842411,0.3885248601436615,0.3885248601436615,-1.876487070748535,-0.4447450985363403,156.06749765579238,183.02470038022335,-0.387939453125,-0.33251953125,0.055419921875,0.0,0.06625488337024091,0.33251953125,0.33251953125,0.33251953125,0.059836467865621634,0.2580784086477456,162.05114444235454,208.8325412449979,26.492426822921743,True,False,True,0.11662972409987452,False,False,recover_Bj,2,3,2,0.030216906489118664,False,11.662972409987454
3,3,concentration_positive,1.0,Omega_safe_one_step_QP,0.16223321855068207,-0.6004486680030823,0.6004486680030823,-1.8150660849495128,-0.4347639134473503,156.06749765579238,183.02470038022335,-0.387939453125,-0.33251953125,0.055419921875,0.0,0.1452622625451182,-0.33251953125,0.33251953125,0.33251953125,0.06312678555676426,0.0,162.3801762114688,183.02470038022335,6.3126785556764275,True,False,True,0.2570334743943164,False,False,recover_Bj,2,2,1,0.03152392780038413,False,25.70334743943164
3,4,concentration_positive,1.0,Omega_safe_one_step_QP,0.6082490682601929,0.430814266204834,0.6082490682601929,-1.7546092411990106,-0.4244520050718873,156.06749765579238,183.02470038022335,-0.387939453125,-0.33251953125,0.055419921875,0.0,0.387939453125,0.23551891047527881,0.33251953125,0.33251953125,0.06180405470426675,0.34453282374459604,162.24790312621906,217.47798275468296,35.003229538902964,True,False,True,0.4101247285008537,False,False,recover_Bj,2,1,0,0.03127473540206946,False,41.012472850085366
3,5,concentration_positive,1.0,Omega_safe_one_step_QP,0.4779680073261261,-0.737884521484375,0.737884521484375,-1.6941080022916335,-0.41477672993115594,156.06749765579238,183.02470038022335,-0.387939453125,-0.33251953125,0.055419921875,0.0,0.27081093919686894,-0.33251953125,0.33251953125,0.33251953125,0.4363410815490073,0.0,199.7016058106931,183.02470038022335,43.63410815490073,True,False,True,0.04974063646705929,False,False,wait_Gm,2,0,0,0.2179109354657931,False,4.974063646705929
3,6,concentration_positive,1.0,Omega_safe_one_step_QP,-0.752492368221283,0.8551251292228699,0.8551251292228699,-1.6965323919103275,-0.4144535792820054,156.06749765579238,183.02470038022335,-0.387939453125,-0.33251953125,0.055419921875,0.0,-0.23719036520373393,0.33251953125,0.33251953125,0.33251953125,0.12890933328890242,0.5686916142585687,168.95843098468262,239.89386180608022,58.31190001509178,True,False,True,0.0,False,False,wait_Gm,2,0,0,0.2114859162141451,False,0.0
3,7,concentration_positive,1.0,Omega_safe_one_step_QP,-0.20484361052513123,-0.39810261130332947,0.39810261130332947,-1.647446284573039,-0.406928312556428,156.06749765579238,183.02470038022335,-0.387939453125,-0.33251953125,0.055419921875,0.0,-0.1156779293256674,-0.33251953125,0.33251953125,0.33251953125,0.10838802358193789,0.0,166.90630001398617,183.02470038022335,10.838802358193789,True,False,True,0.0,False,False,wait_Gm,2,0,0,0.33251953125,False,0.0
3,8,concentration_positive,1.0,Omega_safe_one_step_QP,-0.022831909358501434,0.3257284164428711,0.3257284164428711,-1.5953808035860693,-0.39796928371127205,156.06749765579238,183.02470038022335,-0.387939453125,-0.33251953125,0.055419921875,0.0,0.03211198982430358,0.33251953125,0.33251953125,0.33251953125,0.13682269133641967,0.21662212070077658,169.74976678943435,204.686912450301,25.621395754611612,True,False,True,0.0,False,False,wait_Gm,2,0,0,0.33251953125,False,0.0
3,9,concentration_positive,1.0,Omega_safe_one_step_QP,0.9112465381622314,-0.4271075427532196,0.9112465381622314,-1.5482171182981432,-0.3902133653399312,156.06749765579238,183.02470038022335,-0.387939453125,-0.33251953125,0.055419921875,0.0,0.387939453125,-0.15585419967253195,0.33251953125,0.33251953125,0.707016967353411,0.16098567181325052,226.76919439113348,199.1232675615484,72.51133557277633,True,False,True,0.0,False,False,wait_Gm,2,0,0,0.33251953125,False,0.0
3,10,concentration_positive,1.0,Omega_safe_one_step_QP,0.8496168851852417,-0.950281023979187,0.950281023979187,-1.5962217543839239,-0.3974437076297333,156.06749765579238,183.02470038022335,-0.387939453125,-0.33251953125,0.055419921875,0.0,0.35271535477850835,-0.33251953125,0.33251953125,0.33251953125,0.703830209269654,0.0,226.45051858275778,183.02470038022335,70.3830209269654,True,False,True,0.0,False,False,wait_Gm,2,0,0,0.33251953125,False,0.0
3,11,concentration_positive,1.0,Omega_safe_one_step_QP,0.11039608716964722,0.26795023679733276,0.26795023679733276,-1.6436052245455512,-0.4042558509140072,156.06749765579238,183.02470038022335,-0.387939453125,-0.33251953125,0.055419921875,0.0,0.1924187004401796,0.33251953125,0.33251953125,0.33251953125,0.1555071046750527,0.17819737427635118,171.61820812329765,200.84443780785847,23.650954273221995,True,False,True,0.0,False,False,wait_Gm,2,0,0,0.33251953125,False,0.0
3,12,concentration_positive,1.0,Omega_safe_one_step_QP,-0.7882052063941956,-0.7193208336830139,0.7882052063941956,-1.5993173385056134,-0.396881410263372,156.06749765579238,183.02470038022335,-0.387939453125,-0.33251953125,0.055419921875,0.0,-0.30894270115241157,-0.33251953125,0.36436262302741157,0.33251953125,0.06226565119302507,0.0,162.2940627750949,183.02470038022335,6.2265651193025064,True,False,True,0.0,False,False,wait_Gm,2,0,0,0.33251953125,False,0.0
3,13,concentration_positive,1.0,Omega_safe_one_step_QP,-0.16177135705947876,0.9324638247489929,0.9324638247489929,-1.5397898727318096,-0.38674675938178765,156.06749765579238,183.02470038022335,-0.387939453125,-0.33251953125,0.055419921875,0.0,-0.002268252605735911,0.33251953125,0.33251953125,0.33251953125,0.3596244427317288,0.6201248678262345,192.02994192896526,245.0371871628468,71.68574415506973,True,False,True,0.0,False,False,wait_Gm,2,0,0,0.33251953125,False,0.0
3,14,concentration_positive,1.0,Omega_safe_one_step_QP,0.19208510220050812,0.8660464286804199,0.8660464286804199,-1.5298123012538631,-0.3855064056022172,156.06749765579238,183.02470038022335,-0.387939453125,-0.33251953125,0.055419921875,0.0,0.12917121975996682,0.33251953125,0.33251953125,0.33251953125,0.44784185148455435,0.5759547050110996,200.85168280424782,240.6201708813333,72.9579431018677,True,False,True,0.0,False,False,wait_Gm,2,0,0,0.33251953125,False,0.0
3,15,concentration_positive,1.0,Omega_safe_one_step_QP,0.6087218523025513,-0.06523679941892624,0.6087218523025513,-1.534571516926838,-0.3865426266508546,156.06749765579238,183.02470038022335,-0.387939453125,-0.33251953125,0.055419921875,0.0,0.387939453125,-0.03563616104954592,0.33251953125,0.33251953125,0.4722944449749775,0.18071939502624446,203.29694215329013,201.0966398828478,50.568917577191016,True,False,True,0.0,False,False,wait_Gm,2,0,0,0.33251953125,False,0.0
3,16,concentration_positive,1.0,Omega_safe_one_step_QP,0.5695269107818604,-0.9643264412879944,0.9643264412879944,-1.5435101305675838,-0.38761866282581453,156.06749765579238,183.02470038022335,-0.387939453125,-0.33251953125,0.055419921875,0.0,0.251804479322686,-0.33251953125,0.33251953125,0.33251953125,0.6169219897128642,0.0,217.7596966270788,183.02470038022335,61.692198971286416,True,False,True,0.0,False,False,wait_Gm,2,0,0,0.33251953125,False,0.0
3,17,concentration_positive,1.0,Omega_safe_one_step_QP,-0.781711995601654,0.6588572263717651,0.781711995601654,-1.576564905607834,-0.3921612361188274,156.06749765579238,183.02470038022335,-0.387939453125,-0.33251953125,0.055419921875,0.0,-0.33910334651409724,0.33251953125,0.39452326838909724,0.33251953125,0.03817577035622405,0.5198690126999281,159.8850746914148,235.01160165021616,52.12688172218718,True,False,True,0.0,False,False,wait_Gm,2,0,0,0.33251953125,False,0.0
3,18,concentration_positive,1.0,Omega_safe_one_step_QP,0.5936341881752014,-0.5347185134887695,0.5936341881752014,-1.5129537715695662,-0.3822824716262744,156.06749765579238,183.02470038022335,-0.387939453125,-0.33251953125,0.055419921875,0.0,0.387939453125,-0.29951837848581997,0.33251953125,0.33251953125,0.46058824463398196,0.01959061253000982,202.12632211919058,184.98376163322433,46.10046889070802,True,False,True,0.0,False,False,wait_Gm,2,0,0,0.33251953125,False,0.0
3,19,concentration_positive,1.0,Omega_safe_one_step_QP,0.0615391805768013,0.21203164756298065,0.21203164756298065,-1.52008183010443,-0.3827593070106335,156.06749765579238,183.02470038022335,-0.387939453125,-0.33251953125,0.055419921875,0.0,0.15192900301501647,0.33251953125,0.33251953125,0.33251953125,0.11446919822265045,0.14100932811561506,167.51441747805742,197.12563319178486,18.16227627731547,True,False,True,0.0,False,False,wait_Gm,2,0,0,0.33251953125,False,0.0
3,20,concentration_positive,1.0,Omega_safe_one_step_QP,0.7354779243469238,0.2062143087387085,0.7354779243469238,-3.440940504989995,-0.7954003935799401,156.06749765579238,183.02470038022335,-0.387939453125,-0.33251953125,0.055419921875,0.0,0.387939453125,0.09323228204262679,0.33251953125,0.33251953125,0.22166346166482667,0.3124676539249725,178.23384382227505,214.2714657727206,38.310667572702314,True,False,True,0.3489789764135782,False,False,recover_Bj,1,17,16,0.11102310304576866,False,34.897897641357815
3,21,concentration_positive,1.0,Omega_safe_one_step_QP,-0.17485685646533966,-0.2516319155693054,0.2516319155693054,-3.4002867691883614,-0.7886062349542566,156.06749765579238,183.02470038022335,-0.387939453125,-0.33251953125,0.055419921875,0.0,-0.1756450438554271,-0.33251953125,0.33251953125,0.33251953125,0.053420048869156744,0.0,161.40950254270805,183.02470038022335,5.342004886915674,True,False,True,0.0,False,False,recover_Bj,1,16,15,0.03192477458253071,False,0.0
3,22,concentration_positive,1.0,Omega_safe_one_step_QP,-0.14823582768440247,0.303862065076828,0.303862065076828,-3.330969367907275,-0.7766380583772324,156.06749765579238,183.02470038022335,-0.387939453125,-0.33251953125,0.055419921875,0.0,-0.10679614127065967,0.33251953125,0.33251953125,0.33251953125,0.08517790595048808,0.20207972535654903,164.5852882508412,203.23267291587825,21.929772242841118,True,False,True,0.0002508817195503353,False,False,recover_Bj,1,15,14,0.04272153000960068,False,0.025088171955032865
3,23,concentration_positive,1.0,Omega_safe_one_step_QP,0.7349812388420105,-0.09220623224973679,0.7349812388420105,-3.2673911172431556,-0.7659927609611165,156.06749765579238,183.02470038022335,-0.387939453125,-0.33251953125,0.055419921875,0.0,0.387939453125,-0.04171585818206412,0.33251953125,0.33251953125,0.07195979699739863,0.212964600429583,163.26347735553225,204.32116042318165,22.479353509395857,True,False,True,0.4982972386307336,False,False,recover_Bj,1,14,13,0.03611662951207553,False,49.829723863073355
3,24,concentration_positive,1.0,Omega_safe_one_step_QP,-0.5043208599090576,-0.526675283908844,0.526675283908844,-3.2018636280969806,-0.7550629544627344,156.06749765579238,183.02470038022335,-0.387939453125,-0.33251953125,0.055419921875,0.0,-0.2629860125974849,-0.33251953125,0.33251953125,0.33251953125,0.06580988876521587,0.0,162.64848653231397,183.02470038022335,6.580988876521587,True,False,True,0.0,False,False,recover_Bj,1,13,12,0.03627741521056091,False,0.0
3,25,concentration_positive,1.0,Omega_safe_one_step_QP,0.4920285642147064,0.6331375241279602,0.6331375241279602,-3.135701876374449,-0.7436270870200452,156.06749765579238,183.02470038022335,-0.387939453125,-0.33251953125,0.055419921875,0.0,0.3138299849329882,0.33251953125,0.33251953125,0.33251953125,0.0787111560023675,0.4205813390400471,163.93861325602913,225.08283428422806,42.78832887925726,True,False,True,0.36560572341043257,False,False,recover_Bj,1,12,11,0.039605570739592484,False,36.560572341043255
3,26,concentration_positive,1.0,Omega_safe_one_step_QP,-0.789443850517273,-0.8668822646141052,0.8668822646141052,-3.071936473266288,-0.7333377578869764,156.06749765579238,183.02470038022335,-0.387939453125,-0.33251953125,0.055419921875,0.0,-0.24739570815643647,-0.33251953125,0.33251953125,0.33251953125,0.07106333800072434,0.0,163.1738314558648,183.02470038022335,7.106333800072434,True,False,True,0.0507715419149713,False,False,recover_Bj,1,11,10,0.03551041955442849,False,5.077154191497129
3,27,concentration_positive,1.0,Omega_safe_one_step_QP,0.18886733055114746,-0.7076535224914551,0.7076535224914551,-3.007344027239892,-0.7221703126243972,156.06749765579238,183.02470038022335,-0.387939453125,-0.33251953125,0.055419921875,0.0,0.14416684989451634,-0.33251953125,0.33251953125,0.33251953125,0.07104709667118103,0.0,163.17220732291048,183.02470038022335,7.104709667118101,True,False,True,0.3054998030004853,False,False,recover_Bj,1,10,9,0.03550436322378718,False,30.54998030004853
3,28,concentration_positive,1.0,Omega_safe_one_step_QP,0.6493284106254578,-0.37933066487312317,0.6493284106254578,-2.9430764479867744,-0.7110635074002757,156.06749765579238,183.02470038022335,-0.387939453125,-0.33251953125,0.055419921875,0.0,0.387939453125,-0.1942543292551513,0.33251953125,0.33251953125,0.07041257364312797,0.08936147003460035,163.10875502010518,191.9608473836834,11.376907687853365,True,False,True,0.43338784502122135,False,False,recover_Bj,1,9,8,0.03523238558903487,False,43.33878450212213
3,29,concentration_positive,1.0,Omega_safe_one_step_QP,-0.712256133556366,0.8419409394264221,0.8419409394264221,-2.8789895887142865,-0.7001764628030339,156.06749765579238,183.02470038022335,-0.387939453125,-0.33251953125,0.055419921875,0.0,-0.22588137203933134,0.33251953125,0.33251953125,0.33251953125,0.06949353233950006,0.5598667369064236,163.0168508897424,239.0113740708657,56.41631981362021,True,False,True,0.0669498248505091,False,False,recover_Bj,1,8,7,0.03496971878456911,False,6.694982485050909
3,30,concentration_positive,1.0,Omega_safe_one_step_QP,-0.668936550617218,-0.43055984377861023,0.668936550617218,-2.8149172068877704,-0.6900730974569698,156.06749765579238,183.02470038022335,-0.387939453125,-0.33251953125,0.055419921875,0.0,-0.387939453125,-0.28536748823434493,0.443359375,0.33251953125,0.0,0.031541725009446964,156.06749765579238,186.17887288116805,3.1541725009446964,True,False,True,0.0,False,False,recover_Bj,1,7,6,0.03472539355106141,False,0.0
3,31,concentration_positive,1.0,Omega_safe_one_step_QP,-0.6927732229232788,-0.7690199017524719,0.7690199017524719,-2.7395231274796137,-0.6772807332447062,156.06749765579238,183.02470038022335,-0.387939453125,-0.33251953125,0.055419921875,0.0,-0.24413100889291095,-0.33251953125,0.33251953125,0.33251953125,0.11059155565453693,0.0,167.12665322124607,183.02470038022335,11.059155565453693,True,False,True,0.0,False,False,recover_Bj,1,6,5,0.07095467714594353,False,0.0
3,32,concentration_positive,1.0,Omega_safe_one_step_QP,-0.9577039480209351,-0.8892092108726501,0.9577039480209351,-2.683351786099433,-0.6675021929025252,156.06749765579238,183.02470038022335,-0.387939453125,-0.33251953125,0.055419921875,0.0,-0.3027131968313062,-0.33251953125,0.3581331187063062,0.33251953125,0.08162152212751467,0.0,164.22964986854385,183.02470038022335,8.162152212751465,True,False,True,0.0,False,False,recover_Bj,1,5,4,0.048672548185265514,False,0.0
3,33,concentration_positive,1.0,Omega_safe_one_step_QP,-0.6507170796394348,-0.8932361602783203,0.8932361602783203,-2.6225332903709364,-0.656989211982869,156.06749765579238,183.02470038022335,-0.387939453125,-0.33251953125,0.055419921875,0.0,-0.1868185229173088,-0.33251953125,0.33251953125,0.33251953125,0.08291727862847692,0.0,164.35922551864007,183.02470038022335,8.291727862847694,True,False,True,0.09673120882184522,False,False,recover_Bj,1,4,3,0.04145048280723924,False,9.67312088218452
3,34,concentration_positive,1.0,Omega_safe_one_step_QP,0.18228763341903687,0.3614290654659271,0.3614290654659271,-2.5622391249914336,-0.6465679564909056,156.06749765579238,183.02470038022335,-0.387939453125,-0.33251953125,0.055419921875,0.0,0.22312696098385174,0.33251953125,0.33251953125,0.33251953125,0.06660898373945173,0.24032117653288765,162.72839602973755,207.05681803351212,24.93812835899156,True,False,True,0.15424818531870915,False,False,recover_Bj,1,3,2,0.03333352372186175,False,15.424818531870917
3,35,concentration_positive,1.0,Omega_safe_one_step_QP,-0.21273908019065857,-0.3640178143978119,0.3640178143978119,-2.4993887166877355,-0.6362080614906122,156.06749765579238,183.02470038022335,-0.387939453125,-0.33251953125,0.055419921875,0.0,-0.138910949927463,-0.33251953125,0.33251953125,0.33251953125,0.06699816035357714,0.0,162.7673136911501,183.02470038022335,6.699816035357713,True,False,True,0.023652651103148792,False,False,recover_Bj,1,2,1,0.033496266382786,False,2.36526511031488
3,36,concentration_positive,1.0,Omega_safe_one_step_QP,0.009052474051713943,0.7500098943710327,0.7500098943710327,-2.4370191603062956,-0.6254721755074371,156.06749765579238,183.02470038022335,-0.387939453125,-0.33251953125,0.055419921875,0.0,0.05943336816540266,0.33251953125,0.33251953125,0.33251953125,0.06644570602322858,0.49877084039788944,162.71206825811524,232.9017844200123,50.31772879216054,True,False,True,0.26908833683737937,False,False,recover_Bj,1,1,0,0.03323586000197333,False,26.90883368373794
3,37,concentration_positive,1.0,Omega_safe_one_step_QP,0.7022632360458374,-0.9130498766899109,0.9130498766899109,-2.3746959415179747,-0.6156210099150359,156.06749765579238,183.02470038022335,-0.387939453125,-0.33251953125,0.055419921875,0.0,0.31117401376605724,-0.33251953125,0.33251953125,0.33251953125,0.451025872222836,0.0,201.17008487807598,183.02470038022335,45.1025872222836,True,False,True,0.1872995925142999,False,False,wait_Gm,1,0,0,0.2255066352950282,False,18.72995925142999
3,38,concentration_positive,1.0,Omega_safe_one_step_QP,-0.6370031833648682,-0.5265102386474609,0.6370031833648682,-2.3778804073153155,-0.6153450428141906,156.06749765579238,183.02470038022335,-0.387939453125,-0.33251953125,0.055419921875,0.0,-0.3468818462375682,-0.33251953125,0.4023017681125682,0.33251953125,0.026153826288637272,0.0,158.6828802846561,183.02470038022335,2.6153826288637276,True,False,True,0.0,False,False,wait_Gm,1,0,0,0.2162806570658369,False,0.0
3,39,concentration_positive,1.0,Omega_safe_one_step_QP,-0.5012248754501343,0.14246530830860138,0.5012248754501343,-2.3092234400048963,-0.6036241633664553,156.06749765579238,183.02470038022335,-0.387939453125,-0.33251953125,0.055419921875,0.0,-0.387939453125,0.12601794752137713,0.443359375,0.33251953125,0.0,0.2298303906864021,156.06749765579238,206.00773944886356,22.98303906864021,True,False,True,0.0,False,False,wait_Gm,1,0,0,0.33251953125,False,0.0
3,40,concentration_positive,1.0,Omega_safe_one_step_QP,-0.1674751490354538,-0.9014917612075806,0.9014917612075806,-4.207796602481885,-1.0127516508444636,156.06749765579238,183.02470038022335,-0.387939453125,-0.33251953125,0.055419921875,0.0,-0.006354084776703496,-0.33251953125,0.33251953125,0.33251953125,0.3439960657633492,0.0,190.4671042321273,183.02470038022335,34.39960657633492,True,False,True,0.0,False,False,wait_Gm,0,0,0,0.33251953125,False,0.0
3,41,concentration_positive,1.0,Omega_safe_one_step_QP,-0.2527717351913452,0.04750589653849602,0.2527717351913452,-4.186008485260982,-1.008304774011764,156.06749765579238,183.02470038022335,-0.387939453125,-0.33251953125,0.055419921875,0.0,-0.387939453125,0.08332491994082501,0.443359375,0.33251953125,0.0,0.1051137234971975,156.06749765579238,193.5360727299431,10.51137234971975,True,False,True,0.0,False,False,wait_Gm,0,0,0,0.33251953125,False,0.0
3,42,concentration_positive,1.0,Omega_safe_one_step_QP,-0.7966561913490295,0.666917085647583,0.7966561913490295,-4.104150445836129,-0.9943966479436953,156.06749765579238,183.02470038022335,-0.387939453125,-0.33251953125,0.055419921875,0.0,-0.3417864910594737,0.33251953125,0.3972064129344737,0.33251953125,0.036768042978598314,0.5298074866295792,159.7443019536522,236.00544904318127,53.108178454285905,True,False,True,0.0,False,False,wait_Gm,0,0,0,0.33251953125,False,0.0
3,43,concentration_positive,1.0,Omega_safe_one_step_QP,-0.8960762619972229,0.8496837615966797,0.8960762619972229,-4.029007031113328,-0.9822813822329914,156.06749765579238,183.02470038022335,-0.387939453125,-0.33251953125,0.055419921875,0.0,-0.29525508460464966,0.33251953125,0.35067500647964966,0.33251953125,0.08305226248928849,0.5959257172071375,164.37272390472123,242.6172721009371,60.16852488913376,True,False,True,0.0,False,False,wait_Gm,0,0,0,0.33251953125,False,0.0
3,44,concentration_positive,1.0,Omega_safe_one_step_QP,-0.801773726940155,0.6871498823165894,0.801773726940155,-3.962312084887545,-0.9716263542838329,156.06749765579238,183.02470038022335,-0.387939453125,-0.33251953125,0.055419921875,0.0,-0.3325673727628141,0.33251953125,0.3879872946378141,0.33251953125,0.044395879240419434,0.5332108477014117,160.50708557983432,236.34578515036452,53.50558869875071,True,False,True,0.0,False,False,wait_Gm,0,0,0,0.33251953125,False,0.0
3,45,concentration_positive,1.0,Omega_safe_one_step_QP,0.8053063154220581,0.9591413736343384,0.9591413736343384,-3.889258407636328,-0.9598710465357719,156.06749765579238,183.02470038022335,-0.387939453125,-0.33251953125,0.055419921875,0.0,0.3346072094613402,0.33251953125,0.33251953125,0.33251953125,0.6930243984679691,0.6378664799267426,225.3699375025893,246.8113483728976,94.18898359606733,True,False,True,0.0,False,False,wait_Gm,0,0,0,0.33251953125,False,0.0
3,46,concentration_positive,1.0,Omega_safe_one_step_QP,0.6040517687797546,0.5589550733566284,0.6040517687797546,-3.9293793964849266,-0.9664691367758262,156.06749765579238,183.02470038022335,-0.387939453125,-0.33251953125,0.055419921875,0.0,0.387939453125,0.307694619217519,0.33251953125,0.33251953125,0.4686710256792139,0.38672248998773284,202.93460022371377,221.69694937899664,60.76239088231458,True,False,True,0.0,False,False,wait_Gm,0,0,0,0.33251953125,False,0.0
3,47,concentration_positive,1.0,Omega_safe_one_step_QP,0.2849665582180023,0.557992696762085,0.557992696762085,-3.9303655347398165,-0.9664117246111774,156.06749765579238,183.02470038022335,-0.387939453125,-0.33251953125,0.055419921875,0.0,0.22523746054608068,0.33251953125,0.33251953125,0.33251953125,0.3421482396515785,0.37108693993650377,190.28232162095023,220.13339437387373,50.47483877023406,True,False,True,0.0,False,False,wait_Gm,0,0,0,0.33251953125,False,0.0
3,48,concentration_positive,1.0,Omega_safe_one_step_QP,-0.7308955788612366,0.07213607430458069,0.7308955788612366,-3.9093255487477783,-0.9627863063479244,156.06749765579238,183.02470038022335,-0.387939453125,-0.33251953125,0.055419921875,0.0,-0.387939453125,0.043757556816066606,0.443359375,0.33251953125,0.0,0.27501926009426825,156.06749765579238,210.52662638965018,27.501926009426825,True,False,True,0.0,False,False,wait_Gm,0,0,0,0.33251953125,False,0.0
3,49,concentration_positive,1.0,Omega_safe_one_step_QP,0.028445741161704063,0.7151442766189575,0.7151442766189575,-3.828914607534537,-0.949457928558798,156.06749765579238,183.02470038022335,-0.387939453125,-0.33251953125,0.055419921875,0.0,0.06864629426780945,0.33251953125,0.33251953125,0.33251953125,0.3265246840337568,0.4755988792749122,188.71996605916806,230.58458830771457,57.68991794507054,True,False,True,0.0,False,False,wait_Gm,0,0,0,0.33251953125,False,0.0
