episode,policy_scale,return_per_step,economic_cost_mean,incremental_return_per_step,economic_cost_reduction_percent,violation_rate,rpi_violation_rate,qp_infeasible_rate,disturbance_bound_exceedance_rate,intervention_rate,mapping_rate,safe,positive_increment,eligible
0.0,0.0,-0.9077192879810051,6392.110897518553,0.0,0.0,0.0,0.0,0.0,0.0,0.0,0.0,1.0,0.0,1.0
90.0,0.0,-0.9077192879810051,6392.110897518553,0.0,0.0,0.0,0.0,0.0,0.0,0.0,0.0,1.0,0.0,0.0
90.0,0.25,-0.9077332173955416,6392.11095062862,-1.392941453648433e-05,-8.308689829196668e-07,0.0,0.0,0.0,0.0,0.0,0.9981666666666666,1.0,0.0,0.0
90.0,0.5,-0.9077744815192464,6392.111006095471,-5.5193538241349316e-05,-1.6986081588464795e-06,0.0,0.0,0.0,0.0,0.0,0.999,1.0,0.0,0.0
90.0,0.75,-0.9078430080315952,6392.111043692421,-0.00012372005059013702,-2.286785536885711e-06,0.0,0.0,0.0,0.0,0.0,0.9996666666666667,1.0,0.0,0.0
90.0,1.0,-0.9079387165248606,6392.111049522559,-0.00021942854385548216,-2.377993879915426e-06,0.0,0.0,0.0,0.0,0.0,1.0,1.0,0.0,0.0
125.0,0.0,-0.9077192879810051,6392.110897518553,0.0,0.0,0.0,0.0,0.0,0.0,0.0,0.0,1.0,0.0,0.0
125.0,0.25,-0.9077337881283053,6392.110877200398,-1.4500147300200439e-05,3.178629973588303e-07,0.0,0.0,0.0,0.0,0.0,0.9986666666666667,1.0,0.0,0.0
125.0,0.5,-0.9077775213230076,6392.110858899653,-5.823334200250052e-05,6.041650556633019e-07,0.0,0.0,0.0,0.0,0.0,0.9993333333333334,1.0,0.0,0.0
125.0,0.75,-0.9078504969537144,6392.110841648849,-0.00013120897270935128,8.740415433003794e-07,0.0,0.0,0.0,0.0,0.0,0.9994999999999999,1.0,0.0,0.0
125.0,1.0,-0.907953008060152,6392.110883557019,-0.00023372007914690407,2.1841820717675942e-07,0.0,0.0,0.0,0.0,0.0,0.9998333333333335,1.0,0.0,0.0
70.0,0.0,-0.9077192879810051,6392.110897518553,0.0,0.0,0.0,0.0,0.0,0.0,0.0,0.0,1.0,0.0,0.0
70.0,0.25,-0.9077739337727949,6392.121230384918,-5.464579178982021e-05,-0.00016165029878455485,0.0,0.0,0.0,0.0,0.0,0.9233333333333333,1.0,0.0,0.0
70.0,0.5,-0.9078293604421163,6392.130483248658,-0.00011007246111116586,-0.0003064047294886182,0.0,0.0,0.0,0.0,0.0,0.9246666666666666,1.0,0.0,0.0
70.0,0.75,-0.9078954476479263,6392.140633699339,-0.000176159666921194,-0.0004652012654656061,0.0,0.0,0.0,0.0,0.0,0.9261666666666667,1.0,0.0,0.0
70.0,1.0,-0.9079792204822289,6392.153074083363,-0.00025993250122380296,-0.0006598221696396424,0.0,0.0,0.0,0.0,0.0,0.9246666666666666,1.0,0.0,0.0
135.0,0.0,-0.9077192879810051,6392.110897518553,0.0,0.0,0.0,0.0,0.0,0.0,0.0,0.0,1.0,0.0,0.0
135.0,0.25,-0.9077366360471341,6392.1110770319165,-1.734806612896378e-05,-2.808358082560242e-06,0.0,0.0,0.0,0.0,0.0,0.9983333333333334,1.0,0.0,0.0
135.0,0.5,-0.9077868612487677,6392.111247826376,-6.757326776263284e-05,-5.48031515706319e-06,0.0,0.0,0.0,0.0,0.0,0.9986666666666668,1.0,0.0,0.0
135.0,0.75,-0.907869882284022,6392.11139133184,-0.00015059430301689325,-7.725355440649938e-06,0.0,0.0,0.0,0.0,0.0,0.9993333333333334,1.0,0.0,0.0
135.0,1.0,-0.9079859914213575,6392.11155530079,-0.00026670344035240046,-1.0290532305075462e-05,0.0,0.0,0.0,0.0,0.0,0.9993333333333334,1.0,0.0,0.0
85.0,0.0,-0.9077192879810051,6392.110897518553,0.0,0.0,0.0,0.0,0.0,0.0,0.0,0.0,1.0,0.0,0.0
85.0,0.25,-0.9077377653014143,6392.111014476894,-1.847732040916039e-05,-1.8297295222381954e-06,0.0,0.0,0.0,0.0,0.0,0.9894999999999999,1.0,0.0,0.0
85.0,0.5,-0.9077919901155019,6392.111121281479,-7.270213449683816e-05,-3.500610824585076e-06,0.0,0.0,0.0,0.0,0.0,0.9948333333333333,1.0,0.0,0.0
85.0,0.75,-0.907881739962422,6392.111160733296,-0.0001624519814169556,-4.117806257391892e-06,0.0,0.0,0.0,0.0,0.0,0.9988333333333334,1.0,0.0,0.0
85.0,1.0,-0.908007379098892,6392.111185270485,-0.00028809111788685726,-4.50167302285359e-06,0.0,0.0,0.0,0.0,0.0,0.9994999999999999,1.0,0.0,0.0
145.0,0.0,-0.9077192879810051,6392.110897518553,0.0,0.0,0.0,0.0,0.0,0.0,0.0,0.0,1.0,0.0,0.0
145.0,0.25,-0.9077610898506158,6392.115464244263,-4.180186961066923e-05,-7.14431552144221e-05,0.0,0.0,0.0,0.0,0.0,0.9676666666666667,1.0,0.0,0.0
145.0,0.5,-0.9078460762546007,6392.120954811016,-0.00012678827359557943,-0.00015733914233079067,0.0,0.0,0.0,0.0,0.0,0.9751666666666666,1.0,0.0,0.0
145.0,0.75,-0.9079462710984387,6392.121605355674,-0.0002269831174336323,-0.0001675164478821022,0.0,0.0,0.0,0.0,0.0,0.9781666666666666,1.0,0.0,0.0
145.0,1.0,-0.9080997315455223,6392.125090558878,-0.0003804435645171633,-0.00022203995756321857,0.0,0.0,0.0,0.0,0.0,0.9793333333333334,1.0,0.0,0.0
140.0,0.0,-0.9077192879810051,6392.110897518553,0.0,0.0,0.0,0.0,0.0,0.0,0.0,0.0,1.0,0.0,0.0
140.0,0.25,-0.9077440847543795,6392.11093216523,-2.479677337441366e-05,-5.420224609767249e-07,0.0,0.0,0.0,0.0,0.0,0.9998333333333335,1.0,0.0,0.0
140.0,0.5,-0.9078181169158795,6392.110966984753,-9.882893487445088e-05,-1.0867489712552265e-06,0.0,0.0,0.0,0.0,0.0,0.9998333333333335,1.0,0.0,0.0
140.0,0.75,-0.9079413649092553,6392.111001974357,-0.0002220769282501589,-1.6341362907471674e-06,0.0,0.0,0.0,0.0,0.0,0.9998333333333335,1.0,0.0,0.0
140.0,1.0,-0.9081138586864016,6392.111037131287,-0.00039457070539650196,-2.1841412931913606e-06,0.0,0.0,0.0,0.0,0.0,0.9998333333333335,1.0,0.0,0.0
120.0,0.0,-0.9077192879810051,6392.110897518553,0.0,0.0,0.0,0.0,0.0,0.0,0.0,0.0,1.0,0.0,0.0
120.0,0.25,-0.9077457022833558,6392.111126624185,-2.6414302350730168e-05,-3.584193630772681e-06,0.0,0.0,0.0,0.0,0.0,0.9996666666666667,1.0,0.0,0.0
120.0,0.5,-0.9078227209363691,6392.111352591494,-0.00010343295536396901,-7.119290453352635e-06,0.0,0.0,0.0,0.0,0.0,0.9996666666666667,1.0,0.0,0.0
120.0,0.75,-0.9079497609597378,6392.111464803816,-0.00023047297873268757,-8.874771906262305e-06,0.0,0.0,0.0,0.0,0.0,0.9998333333333335,1.0,0.0,0.0
120.0,1.0,-0.9081272437721096,6392.111537783617,-0.0004079557911045306,-1.0016488662416406e-05,0.0,0.0,0.0,0.0,0.0,0.9998333333333335,1.0,0.0,0.0
75.0,0.0,-0.9077192879810051,6392.110897518553,0.0,0.0,0.0,0.0,0.0,0.0,0.0,0.0,1.0,0.0,0.0
75.0,0.25,-0.9077481769905672,6392.115031027028,-2.8889009562105272e-05,-6.466578162624617e-05,0.0,0.0,0.0,0.0,0.0,0.96,1.0,0.0,0.0
75.0,0.5,-0.9078071311508135,6392.121674874819,-8.784316980836593e-05,-0.0001686040251592944,0.0,0.0,0.0,0.0,0.0,0.9563333333333334,1.0,0.0,0.0
75.0,0.75,-0.907927284695991,6392.136864790872,-0.0002079967149859474,-0.00040623939000725747,0.0,0.0,0.0,0.0,0.0,0.9463333333333334,1.0,0.0,0.0
75.0,1.0,-0.9081780696584864,6392.17459292737,-0.000458781677481257,-0.0009964690825609876,0.0,0.0,0.0,0.0,0.0,0.9365,1.0,0.0,0.0
130.0,0.0,-0.9077192879810051,6392.110897518553,0.0,0.0,0.0,0.0,0.0,0.0,0.0,0.0,1.0,0.0,0.0
130.0,0.25,-0.9077508483578427,6392.111053442618,-3.156037683760271e-05,-2.439320390855159e-06,0.0,0.0,0.0,0.0,0.0,0.999,1.0,0.0,0.0
130.0,0.5,-0.9078436801168955,6392.111168992206,-0.00012439213589043874,-4.247010999243841e-06,0.0,0.0,0.0,0.0,0.0,0.9998333333333335,1.0,0.0,0.0
130.0,0.75,-0.9079980181091857,6392.111255962026,-0.00027873012818058207,-5.607591581635782e-06,0.0,0.0,0.0,0.0,0.0,0.9998333333333335,1.0,0.0,0.0
130.0,1.0,-0.9082140077934525,6392.111343239271,-0.0004947198124474195,-6.9729816171963665e-06,0.0,0.0,0.0,0.0,0.0,0.9998333333333335,1.0,0.0,0.0
160.0,0.0,-0.9077192879810051,6392.110897518553,0.0,0.0,0.0,0.0,0.0,0.0,0.0,0.0,1.0,0.0,0.0
160.0,0.25,-0.9079492547463497,6392.15543780712,-0.00022996676534459137,-0.0006968009360328622,0.0,0.0,0.0,0.0,0.0,0.6,1.0,0.0,0.0
160.0,0.5,-0.9081440540981167,6392.189841113656,-0.00042476611711161905,-0.0012350160435025364,0.0,0.0,0.0,0.0,0.0,0.6190000000000001,1.0,0.0,0.0
160.0,0.75,-0.9082723989645478,6392.207701754396,-0.000553110983542715,-0.0015144329845757632,0.0,0.0,0.0,0.0,0.0,0.8483333333333333,1.0,0.0,0.0
160.0,1.0,-0.9083449100546188,6392.210811267527,-0.0006256220736137186,-0.0015630790919512422,0.0,0.0,0.0,0.0,0.0,0.9641666666666667,1.0,0.0,0.0
20.0,0.0,-0.9077192879810051,6392.110897518553,0.0,0.0,0.0,0.0,0.0,0.0,0.0,0.0,1.0,0.0,0.0
20.0,0.25,-0.9077891777932933,6392.118738256861,-6.988981228817082e-05,-0.00012266273901863332,0.0,0.0,0.0,0.0,0.0,0.9233333333333333,1.0,0.0,0.0
20.0,0.5,-0.9079241079063949,6392.127777418973,-0.00020481992538978755,-0.00026407396070218846,0.0,0.0,0.0,0.0,0.0,0.9231666666666666,1.0,0.0,0.0
20.0,0.75,-0.9081176112366683,6392.137446965735,-0.00039832325566324656,-0.00041534709905815647,0.0,0.0,0.0,0.0,0.0,0.919,1.0,0.0,0.0
20.0,1.0,-0.9083790559442789,6392.149216918809,-0.0006597679632738274,-0.0005994795908512835,0.0,0.0,0.0,0.0,0.0,0.9198333333333334,1.0,0.0,0.0
5.0,0.0,-0.9077192879810051,6392.110897518553,0.0,0.0,0.0,0.0,0.0,0.0,0.0,0.0,1.0,0.0,0.0
5.0,0.25,-0.907761770341677,6392.111093472381,-4.2482360671947106e-05,-3.0655573844696623e-06,0.0,0.0,0.0,0.0,0.0,0.9994999999999999,1.0,0.0,0.0
5.0,0.5,-0.9078872696545025,6392.111289556975,-0.00016798167349740822,-6.133160513151568e-06,0.0,0.0,0.0,0.0,0.0,0.9994999999999999,1.0,0.0,0.0
5.0,0.75,-0.908095831685856,6392.11148576922,-0.0003765437048508513,-9.202760653797429e-06,0.0,0.0,0.0,0.0,0.0,0.9994999999999999,1.0,0.0,0.0
5.0,1.0,-0.9083874183298697,6392.111682106039,-0.0006681303488645929,-1.2274309657523091e-05,0.0,0.0,0.0,0.0,0.0,0.9994999999999999,1.0,0.0,0.0
115.0,0.0,-0.9077192879810051,6392.110897518553,0.0,0.0,0.0,0.0,0.0,0.0,0.0,0.0,1.0,0.0,0.0
115.0,0.25,-0.9079681865448338,6392.157878452687,-0.00024889856382870335,-0.0007349830891096854,0.0,0.0,0.0,0.0,0.0,0.934,1.0,0.0,0.0
115.0,0.5,-0.9081709404649826,6392.18996896969,-0.0004516524839774938,-0.0012370162596438293,0.0,0.0,0.0,0.0,0.0,0.9383333333333334,1.0,0.0,0.0
115.0,0.75,-0.9082632451722765,6392.193776273376,-0.0005439571912714269,-0.001296578800826704,0.0,0.0,0.0,0.0,0.0,0.9561666666666667,1.0,0.0,0.0
115.0,1.0,-0.9084444576635516,6392.209582751624,-0.0007251696825465448,-0.0015438598399316336,0.0,0.0,0.0,0.0,0.0,0.9603333333333334,1.0,0.0,0.0
165.0,0.0,-0.9077192879810051,6392.110897518553,0.0,0.0,0.0,0.0,0.0,0.0,0.0,0.0,1.0,0.0,0.0
165.0,0.25,-0.908087855485646,6392.182687152858,-0.00036856750464087096,-0.0011230974470850764,0.0,0.0,0.0,0.0,0.0,0.5865,1.0,0.0,0.0
165.0,0.5,-0.9083850540820831,6392.236318853041,-0.0006657661010780469,-0.0019621270109067878,0.0,0.0,0.0,0.0,0.0,0.8346666666666667,1.0,0.0,0.0
165.0,0.75,-0.908527589383505,6392.253814666571,-0.000808301402499878,-0.002235836491402868,0.0,0.0,0.0,0.0,0.0,0.9503333333333334,1.0,0.0,0.0
165.0,1.0,-0.9087047871749862,6392.272742299415,-0.0009854991939810542,-0.0025319457602692415,0.0,0.0,0.0,0.0,0.0,0.9645,1.0,0.0,0.0
1.0,0.0,-0.9077192879810051,6392.110897518553,0.0,0.0,0.0,0.0,0.0,0.0,0.0,0.0,1.0,0.0,0.0
1.0,0.25,-0.9077834523253899,6392.111023315963,-6.416434438483165e-05,-1.9680104425796094e-06,0.0,0.0,0.0,0.0,0.0,0.9994999999999999,1.0,0.0,0.0
1.0,0.5,-0.9079746825547274,6392.111150191503,-0.00025539457372225627,-3.952887450659755e-06,0.0,0.0,0.0,0.0,0.0,0.9994999999999999,1.0,0.0,0.0
1.0,0.75,-0.90829296416735,6392.111278119087,-0.0005736761863448514,-5.9542229396818336e-06,0.0,0.0,0.0,0.0,0.0,0.9994999999999999,1.0,0.0,0.0
1.0,1.0,-0.9087382833760755,6392.111407073345,-0.0010189953950704433,-7.97162000860466e-06,0.0,0.0,0.0,0.0,0.0,0.9994999999999999,1.0,0.0,0.0
170.0,0.0,-0.9077192879810051,6392.110897518553,0.0,0.0,0.0,0.0,0.0,0.0,0.0,0.0,1.0,0.0,0.0
170.0,0.25,-0.908207081162096,6392.20636895647,-0.00048779318109093417,-0.0014935823149414978,0.0,0.0,0.0,0.0,0.0,0.5555,1.0,0.0,0.0
170.0,0.5,-0.9085219850441945,6392.262588229717,-0.0008026970631893615,-0.0023730926073653874,0.0,0.0,0.0,0.0,0.0,0.9235000000000001,1.0,0.0,0.0
170.0,0.75,-0.9086158010435161,6392.26776107764,-0.0008965130625110396,-0.002454018110784887,0.0,0.0,0.0,0.0,0.0,0.9716666666666667,1.0,0.0,0.0
170.0,1.0,-0.9087499216631024,6392.272685629858,-0.001030633682097326,-0.0025310592056078207,0.0,0.0,0.0,0.0,0.0,0.9833333333333334,1.0,0.0,0.0
190.0,0.0,-0.9077192879810051,6392.110897518553,0.0,0.0,0.0,0.0,0.0,0.0,0.0,0.0,1.0,0.0,0.0
190.0,0.25,-0.9082642905085403,6392.218453017272,-0.0005450025275351988,-0.001682628797320109,0.0,0.0,0.0,0.0,0.0,0.4383333333333333,1.0,0.0,0.0
190.0,0.5,-0.9085325620222885,6392.266859834631,-0.0008132740412833961,-0.0024399188089487952,0.0,0.0,0.0,0.0,0.0,0.9161666666666667,1.0,0.0,0.0
190.0,0.75,-0.9086178078716008,6392.271735535069,-0.0008985198905957503,-0.0025161956526401543,0.0,0.0,0.0,0.0,0.0,0.9668333333333333,1.0,0.0,0.0
190.0,1.0,-0.9087548995988799,6392.278522456975,-0.0010356116178747987,-0.0026223721882996137,0.0,0.0,0.0,0.0,0.0,0.9763333333333334,1.0,0.0,0.0
185.0,0.0,-0.9077192879810051,6392.110897518553,0.0,0.0,0.0,0.0,0.0,0.0,0.0,0.0,1.0,0.0,0.0
185.0,0.25,-0.9082138960899263,6392.207865058138,-0.0004946081089212129,-0.0015169877547361512,0.0,0.0,0.0,0.0,0.0,0.4871666666666667,1.0,0.0,0.0
185.0,0.5,-0.9085411469236059,6392.26681913515,-0.0008218589426007838,-0.0024392820947067677,0.0,0.0,0.0,0.0,0.0,0.8781666666666667,1.0,0.0,0.0
185.0,0.75,-0.9086555645335544,6392.2768569438595,-0.0009362765525493533,-0.00259631642765231,0.0,0.0,0.0,0.0,0.0,0.963,1.0,0.0,0.0
185.0,1.0,-0.9088062803264689,6392.286033208954,-0.001086992345463833,-0.0027398725273767477,0.0,0.0,0.0,0.0,0.0,0.9731666666666666,1.0,0.0,0.0
175.0,0.0,-0.9077192879810051,6392.110897518553,0.0,0.0,0.0,0.0,0.0,0.0,0.0,0.0,1.0,0.0,0.0
175.0,0.25,-0.9082284884386492,6392.210340336315,-0.0005092004576441322,-0.001555711710203386,0.0,0.0,0.0,0.0,0.0,0.5621666666666666,1.0,0.0,0.0
175.0,0.5,-0.9084972254558575,6392.254989463206,-0.0007779374748524415,-0.002254215343920001,0.0,0.0,0.0,0.0,0.0,0.9245,1.0,0.0,0.0
175.0,0.75,-0.9086506190788173,6392.265856231449,-0.0009313310978121825,-0.0024242181554740075,0.0,0.0,0.0,0.0,0.0,0.9691666666666667,1.0,0.0,0.0
175.0,1.0,-0.9088528665482029,6392.274699311455,-0.0011335785671977572,-0.002562561812957766,0.0,0.0,0.0,0.0,0.0,0.9805,1.0,0.0,0.0
200.0,0.0,-0.9077192879810051,6392.110897518553,0.0,0.0,0.0,0.0,0.0,0.0,0.0,0.0,1.0,0.0,0.0
200.0,0.25,-0.9080012894762101,6392.1649795802805,-0.0002820014952049643,-0.0008460751478522254,0.0,0.0,0.0,0.0,0.0,0.8025000000000001,1.0,0.0,0.0
200.0,0.5,-0.9081565980872446,6392.179279148918,-0.00043731010623948574,-0.0010697816646297903,0.0,0.0,0.0,0.0,0.0,0.8858333333333333,1.0,0.0,0.0
200.0,0.75,-0.9084737784299323,6392.2068331418095,-0.0007544904489271698,-0.001500844162345882,0.0,0.0,0.0,0.0,0.0,0.9119999999999999,1.0,0.0,0.0
200.0,1.0,-0.908877724849411,6392.22938714231,-0.0011584368684058877,-0.0018536853577185261,0.0,0.0,0.0,0.0,0.0,0.926,1.0,0.0,0.0
180.0,0.0,-0.9077192879810051,6392.110897518553,0.0,0.0,0.0,0.0,0.0,0.0,0.0,0.0,1.0,0.0,0.0
180.0,0.25,-0.9083674857961065,6392.238066258417,-0.0006481978151013923,-0.0019894639173623574,0.0,0.0,0.0,0.0,0.0,0.5268333333333333,1.0,0.0,0.0
180.0,0.5,-0.9086111425413202,6392.277566576025,-0.0008918545603151529,-0.0026074181149744365,0.0,0.0,0.0,0.0,0.0,0.9238333333333332,1.0,0.0,0.0
180.0,0.75,-0.9087370877676714,6392.283574135228,-0.0010177997866662736,-0.002701402078957495,0.0,0.0,0.0,0.0,0.0,0.9538333333333333,1.0,0.0,0.0
180.0,1.0,-0.9089481323656982,6392.296634650298,-0.001228844384693062,-0.002905724489491398,0.0,0.0,0.0,0.0,0.0,0.9591666666666666,1.0,0.0,0.0
100.0,0.0,-0.9077192879810051,6392.110897518553,0.0,0.0,0.0,0.0,0.0,0.0,0.0,0.0,1.0,0.0,0.0
100.0,0.25,-0.9080358823787087,6392.17103640159,-0.00031659439770359565,-0.0009408297822204865,0.0,0.0,0.0,0.0,0.0,0.9278333333333334,1.0,0.0,0.0
100.0,0.5,-0.908447304263016,6392.243768892786,-0.0007280162820109126,-0.0020786775505395277,0.0,0.0,0.0,0.0,0.0,0.9255,1.0,0.0,0.0
100.0,0.75,-0.9087802501359857,6392.294228389558,-0.001060962154980638,-0.0028680802624356464,0.0,0.0,0.0,0.0,0.0,0.9293333333333335,1.0,0.0,0.0
100.0,1.0,-0.9090231557956704,6392.319561223271,-0.0013038678146652938,-0.0032643943145412076,0.0,0.0,0.0,0.0,0.0,0.9353333333333333,1.0,0.0,0.0
155.0,0.0,-0.9077192879810051,6392.110897518553,0.0,0.0,0.0,0.0,0.0,0.0,0.0,0.0,1.0,0.0,0.0
155.0,0.25,-0.9081312988692122,6392.190614383507,-0.00041201088820708165,-0.0012471132968647997,0.0,0.0,0.0,0.0,0.0,0.8331666666666667,1.0,0.0,0.0
155.0,0.5,-0.908529750445218,6392.261960529486,-0.0008104624642129021,-0.002363272686508286,0.0,0.0,0.0,0.0,0.0,0.8426666666666667,1.0,0.0,0.0
155.0,0.75,-0.9088068561843564,6392.303618204783,-0.001087568203351319,-0.0030149772011001464,0.0,0.0,0.0,0.0,0.0,0.8765,1.0,0.0,0.0
155.0,1.0,-0.9091083821227381,6392.344540513398,-0.0013890941417330493,-0.0036551774302798733,0.0,0.0,0.0,0.0,0.0,0.8993333333333333,1.0,0.0,0.0
25.0,0.0,-0.9077192879810051,6392.110897518553,0.0,0.0,0.0,0.0,0.0,0.0,0.0,0.0,1.0,0.0,0.0
25.0,0.25,-0.9079252724635793,6392.14935243734,-0.00020598448257425073,-0.0006015996812803156,0.0,0.0,0.0,0.0,0.0,0.45016666666666666,1.0,0.0,0.0
25.0,0.5,-0.9083181448248449,6392.219849375324,-0.0005988568438397568,-0.0017044738196397848,0.0,0.0,0.0,0.0,0.0,0.7425,1.0,0.0,0.0
25.0,0.75,-0.9087463716286891,6392.290183416345,-0.0010270836476840017,-0.0028047995516017584,0.0,0.0,0.0,0.0,0.0,0.7871666666666667,1.0,0.0,0.0
25.0,1.0,-0.9091160180086914,6392.337942241101,-0.0013967300276862549,-0.003551952182736716,0.0,0.0,0.0,0.0,0.0,0.8068333333333334,1.0,0.0,0.0
55.0,0.0,-0.9077192879810051,6392.110897518553,0.0,0.0,0.0,0.0,0.0,0.0,0.0,0.0,1.0,0.0,0.0
55.0,0.25,-0.9079727778461324,6392.154342442704,-0.00025348986512729876,-0.0006796647437245413,0.0,0.0,0.0,0.0,0.0,0.6703333333333333,1.0,0.0,0.0
55.0,0.5,-0.9083189570411992,6392.20085806423,-0.0005996690601941523,-0.0014073683501184607,0.0,0.0,0.0,0.0,0.0,0.6934999999999999,1.0,0.0,0.0
55.0,0.75,-0.9088210119006511,6392.262574647132,-0.001101723919646025,-0.002372880117546485,0.0,0.0,0.0,0.0,0.0,0.7091666666666666,1.0,0.0,0.0
55.0,1.0,-0.9094228904021772,6392.326708594162,-0.001703602421172068,-0.0033762098165712835,0.0,0.0,0.0,0.0,0.0,0.725,1.0,0.0,0.0
195.0,0.0,-0.9077192879810051,6392.110897518553,0.0,0.0,0.0,0.0,0.0,0.0,0.0,0.0,1.0,0.0,0.0
195.0,0.25,-0.9085338810211049,6392.272303229552,-0.000814593040099787,-0.0025250768265125457,0.0,0.0,0.0,0.0,0.0,0.3876666666666666,1.0,0.0,0.0
195.0,0.5,-0.9089739970040851,6392.35418329091,-0.0012547090230800029,-0.003806031782888137,0.0,0.0,0.0,0.0,0.0,0.7021666666666667,1.0,0.0,0.0
195.0,0.75,-0.9093024913464497,6392.406473839651,-0.0015832033654445965,-0.004624079992296223,0.0,0.0,0.0,0.0,0.0,0.7981666666666666,1.0,0.0,0.0
195.0,1.0,-0.9096312022450964,6392.451285645405,-0.001911914264091319,-0.005325128620398849,0.0,0.0,0.0,0.0,0.0,0.8581666666666666,1.0,0.0,0.0
150.0,0.0,-0.9077192879810051,6392.110897518553,0.0,0.0,0.0,0.0,0.0,0.0,0.0,0.0,1.0,0.0,0.0
150.0,0.25,-0.9087246587104604,6392.310123277758,-0.0010053707294552794,-0.0031167444119590835,0.0,0.0,0.0,0.0,0.0,0.7071666666666667,1.0,0.0,0.0
150.0,0.5,-0.9094564887637704,6392.449269703473,-0.0017372007827652913,-0.005293590651734359,0.0,0.0,0.0,0.0,0.0,0.7583333333333333,1.0,0.0,0.0
150.0,0.75,-0.9097847201990747,6392.500613642936,-0.0020654322180696516,-0.00609682983650151,0.0,0.0,0.0,0.0,0.0,0.8031666666666668,1.0,0.0,0.0
150.0,1.0,-0.910088251886032,6392.541528384344,-0.002368963905026944,-0.006736911682144986,0.0,0.0,0.0,0.0,0.0,0.8256666666666668,1.0,0.0,0.0
15.0,0.0,-0.9077192879810051,6392.110897518553,0.0,0.0,0.0,0.0,0.0,0.0,0.0,0.0,1.0,0.0,0.0
15.0,0.25,-0.909905420221174,6392.546274309905,-0.0021861322401689476,-0.00681115829077239,0.0,0.0,0.0,0.0,0.0,0.45366666666666666,1.0,0.0,0.0
15.0,0.5,-0.9106293372473039,6392.675284632522,-0.0029100492662987865,-0.00882943245223297,0.0,0.0,0.0,0.0,0.0,0.8475,1.0,0.0,0.0
15.0,0.75,-0.9111104753084658,6392.730840073353,-0.0033911873274606874,-0.009698557561633877,0.0,0.0,0.0,0.0,0.0,0.8786666666666667,1.0,0.0,0.0
15.0,1.0,-0.9116316112147343,6392.768751745415,-0.0039123232337292535,-0.010291658536729314,0.0,0.0,0.0,0.0,0.0,0.8925000000000001,1.0,0.0,0.0
60.0,0.0,-0.9077192879810051,6392.110897518553,0.0,0.0,0.0,0.0,0.0,0.0,0.0,0.0,1.0,0.0,0.0
60.0,0.25,-0.9084831687235729,6392.256613348334,-0.0007638807425678351,-0.002279619864501275,0.0,0.0,0.0,0.0,0.0,0.5776666666666667,1.0,0.0,0.0
60.0,0.5,-0.9096412296998363,6392.467471197261,-0.0019219417188311994,-0.005578339994791737,0.0,0.0,0.0,0.0,0.0,0.5748333333333333,1.0,0.0,0.0
60.0,0.75,-0.9109235828341874,6392.68812860133,-0.003204294853182299,-0.00903036715149991,0.0,0.0,0.0,0.0,0.0,0.5996666666666667,1.0,0.0,0.0
60.0,1.0,-0.9123230338708379,6392.915891055299,-0.004603745889832811,-0.012593547728619925,0.0,0.0,0.0,0.0,0.0,0.6158333333333333,1.0,0.0,0.0
30.0,0.0,-0.9077192879810051,6392.110897518553,0.0,0.0,0.0,0.0,0.0,0.0,0.0,0.0,1.0,0.0,0.0
30.0,0.25,-0.9080602457266185,6392.175398395594,-0.00034095774561337944,-0.0010090700564306515,0.0,0.0,0.0,0.0,0.0,0.6041666666666666,1.0,0.0,0.0
30.0,0.5,-0.9088843238086161,6392.329717160154,-0.0011650358276109607,-0.0034232766782234217,0.0,0.0,0.0,0.0,0.0,0.5990000000000001,1.0,0.0,0.0
30.0,0.75,-0.9102984512822028,6392.592285771986,-0.0025791633011976733,-0.007530974683489089,0.0,0.0,0.0,0.0,0.0,0.6128333333333333,1.0,0.0,0.0
30.0,1.0,-0.9125883791170143,6393.017639785098,-0.004869091136009196,-0.014185333782253782,0.0,0.0,0.0,0.0,0.0,0.6149999999999999,1.0,0.0,0.0
110.0,0.0,-0.9077192879810051,6392.110897518553,0.0,0.0,0.0,0.0,0.0,0.0,0.0,0.0,1.0,0.0,0.0
110.0,0.25,-0.9084016457977975,6392.246291943709,-0.0006823578167923783,-0.0021181488764298135,0.0,0.0,0.0,0.0,0.0,0.6795,1.0,0.0,0.0
110.0,0.5,-0.909533219828599,6392.469923610207,-0.0018139318475939303,-0.0056167062400760285,0.0,0.0,0.0,0.0,0.0,0.5676666666666667,1.0,0.0,0.0
110.0,0.75,-0.9110756653486041,6392.774540782894,-0.0033563773675989728,-0.0103822238847341,0.0,0.0,0.0,0.0,0.0,0.4723333333333333,1.0,0.0,0.0
110.0,1.0,-0.9132174149359188,6393.198435328755,-0.005498126954913696,-0.017013750662931284,0.0,0.0,0.0,0.0,0.0,0.3586666666666667,1.0,0.0,0.0
95.0,0.0,-0.9077192879810051,6392.110897518553,0.0,0.0,0.0,0.0,0.0,0.0,0.0,0.0,1.0,0.0,0.0
95.0,0.25,-0.9087876511911325,6392.322582736134,-0.0010683632101273766,-0.0033116637207065607,0.0,0.0,0.0,0.0,0.0,0.7709999999999999,1.0,0.0,0.0
95.0,0.5,-0.9103585913912182,6392.630977181831,-0.002639303410213123,-0.008136274098121616,0.0,0.0,0.0,0.0,0.0,0.7638333333333334,1.0,0.0,0.0
95.0,0.75,-0.9120506974146881,6392.959873791734,-0.004331409433683042,-0.013281626160618915,0.0,0.0,0.0,0.0,0.0,0.7563333333333334,1.0,0.0,0.0
95.0,1.0,-0.9138198317252294,6393.300508676485,-0.006100543744224307,-0.018610615131748335,0.0,0.0,0.0,0.0,0.0,0.7465,1.0,0.0,0.0
65.0,0.0,-0.9077192879810051,6392.110897518553,0.0,0.0,0.0,0.0,0.0,0.0,0.0,0.0,1.0,0.0,0.0
65.0,0.25,-0.908688328653532,6392.296052398441,-0.0009690406725268996,-0.002896615575921605,0.0,0.0,0.0,0.0,0.0,0.5886666666666666,1.0,0.0,0.0
65.0,0.5,-0.9104121316323618,6392.615904862262,-0.002692843651356691,-0.007900478446091388,0.0,0.0,0.0,0.0,0.0,0.5656666666666667,1.0,0.0,0.0
65.0,0.75,-0.9123554902236019,6392.959003972035,-0.004636202242596754,-0.013268018453981201,0.0,0.0,0.0,0.0,0.0,0.5966666666666666,1.0,0.0,0.0
65.0,1.0,-0.9141773282456088,6393.25300316158,-0.006458040264603726,-0.01786742535192355,0.0,0.0,0.0,0.0,0.0,0.6316666666666667,1.0,0.0,0.0
50.0,0.0,-0.9077192879810051,6392.110897518553,0.0,0.0,0.0,0.0,0.0,0.0,0.0,0.0,1.0,0.0,0.0
50.0,0.25,-0.9103797887032048,6392.638599275132,-0.002660500722199699,-0.008255516292488987,0.0,0.0,0.0,0.0,0.0,0.30116666666666664,1.0,0.0,0.0
50.0,0.5,-0.913205806003852,6393.192835910212,-0.005486518022846942,-0.016926151767465567,0.0,0.0,0.0,0.0,0.0,0.2655,1.0,0.0,0.0
50.0,0.75,-0.9160428089834288,6393.744007579188,-0.008323521002423728,-0.025548838041418265,0.0,0.0,0.0,0.0,0.0,0.24416666666666664,1.0,0.0,0.0
50.0,1.0,-0.9186906125368478,6394.251198098849,-0.01097132455584271,-0.03348347071272993,0.0,0.0,0.0,0.0,0.0,0.23816666666666664,1.0,0.0,0.0
80.0,0.0,-0.9077192879810051,6392.110897518553,0.0,0.0,0.0,0.0,0.0,0.0,0.0,0.0,1.0,0.0,0.0
80.0,0.25,-0.9089920817699078,6392.364578111355,-0.0012727937889026597,-0.003968651308907273,0.0,0.0,0.0,0.0,0.0,0.31116666666666665,1.0,0.0,0.0
80.0,0.5,-0.9115214745395542,6392.8678991095185,-0.0038021865585491366,-0.011842748085908803,0.0,0.0,0.0,0.0,0.0,0.2833333333333333,1.0,0.0,0.0
80.0,0.75,-0.9150141083132568,6393.56152116841,-0.007294820332251706,-0.02269396875482188,0.0,0.0,0.0,0.0,0.0,0.2901666666666667,1.0,0.0,0.0
80.0,1.0,-0.9188068653936252,6394.311014076226,-0.01108757741262012,-0.03441924886700907,0.0,0.0,0.0,0.0,0.0,0.304,1.0,0.0,0.0
105.0,0.0,-0.9077192879810051,6392.110897518553,0.0,0.0,0.0,0.0,0.0,0.0,0.0,0.0,1.0,0.0,0.0
105.0,0.25,-0.909640871355891,6392.493959242165,-0.0019215833748859046,-0.005992726499166716,0.0,0.0,0.0,0.0,0.0,0.6213333333333333,1.0,0.0,0.0
105.0,0.5,-0.9125252859673147,6393.067915410297,-0.004805997986309651,-0.014971859954985069,0.0,0.0,0.0,0.0,0.0,0.5503333333333332,1.0,0.0,0.0
105.0,0.75,-0.915839916152791,6393.726972457166,-0.008120628171785937,-0.025282335749838493,0.0,0.0,0.0,0.0,0.0,0.4793333333333334,1.0,0.0,0.0
105.0,1.0,-0.919801435200594,6394.513587770848,-0.01208214721958889,-0.037588369332380765,0.0,0.0,0.0,0.0,0.0,0.39716666666666667,1.0,0.0,0.0
45.0,0.0,-0.9077192879810051,6392.110897518553,0.0,0.0,0.0,0.0,0.0,0.0,0.0,0.0,1.0,0.0,0.0
45.0,0.25,-0.911255016568541,6392.8159300253,-0.0035357285875359246,-0.01102972895886935,0.0,0.0,0.0,0.0,0.0,0.1245,1.0,0.0,0.0
45.0,0.5,-0.9151217092242113,6393.584339274749,-0.007402421243206225,-0.023050941697019402,0.0,0.0,0.0,0.0,0.0,0.10149999999999999,1.0,0.0,0.0
45.0,0.75,-0.9193120561270502,6394.415895459992,-0.011592768146045151,-0.03606004304983148,0.0,0.0,0.0,0.0,0.0,0.08566666666666667,1.0,0.0,0.0
45.0,1.0,-0.9236113872300163,6395.267910883415,-0.01589209924901125,-0.049389214540810966,0.0,0.0,0.0,0.0,0.0,0.07533333333333332,1.0,0.0,0.0
35.0,0.0,-0.9077192879810051,6392.110897518553,0.0,0.0,0.0,0.0,0.0,0.0,0.0,0.0,1.0,0.0,0.0
35.0,0.25,-0.9120949180761707,6392.985755639835,-0.004375630095165617,-0.013686529149875568,0.0,0.0,0.0,0.0,0.0,0.013833333333333335,1.0,0.0,0.0
35.0,0.5,-0.9164796937289988,6393.862125567098,-0.00876040574799375,-0.0273967094223005,0.0,0.0,0.0,0.0,0.0,0.009333333333333332,1.0,0.0,0.0
35.0,0.75,-0.9208341972447861,6394.732101067027,-0.013114909263781005,-0.041006853455730366,0.0,0.0,0.0,0.0,0.0,0.008166666666666668,1.0,0.0,0.0
35.0,1.0,-0.9251410165840595,6395.592318169773,-0.017421728603054354,-0.054464334349560474,0.0,0.0,0.0,0.0,0.0,0.007166666666666666,1.0,0.0,0.0
10.0,0.0,-0.9077192879810051,6392.110897518553,0.0,0.0,0.0,0.0,0.0,0.0,0.0,0.0,1.0,0.0,0.0
10.0,0.25,-0.9119792841468436,6392.962889766183,-0.004259996165838498,-0.013328808922269647,0.0,0.0,0.0,0.0,0.0,0.0,1.0,0.0,0.0
10.0,0.5,-0.9164124602402809,6393.8494413255285,-0.008693172259275794,-0.02719827354137334,0.0,0.0,0.0,0.0,0.0,0.0013333333333333333,1.0,0.0,0.0
10.0,0.75,-0.9209935045215424,6394.765407602012,-0.013274216540537287,-0.04152791035726172,0.0,0.0,0.0,0.0,0.0,0.0029999999999999996,1.0,0.0,0.0
10.0,1.0,-0.9256564429645056,6395.6967838983155,-0.01793715498350046,-0.0560986259039114,0.0,0.0,0.0,0.0,0.0,0.006666666666666667,1.0,0.0,0.0
40.0,0.0,-0.9077192879810051,6392.110897518553,0.0,0.0,0.0,0.0,0.0,0.0,0.0,0.0,1.0,0.0,0.0
40.0,0.25,-0.911935407289354,6392.9530681808565,-0.004216119308348865,-0.013175157249383262,0.0,0.0,0.0,0.0,0.0,0.04466666666666667,1.0,0.0,0.0
40.0,0.5,-0.9164143841065782,6393.846103110685,-0.008695096125573065,-0.027146049559395913,0.0,0.0,0.0,0.0,0.0,0.04133333333333333,1.0,0.0,0.0
40.0,0.75,-0.9211083442241242,6394.780761185332,-0.013389056243119146,-0.04176810617937325,0.0,0.0,0.0,0.0,0.0,0.03883333333333333,1.0,0.0,0.0
40.0,1.0,-0.9259786105439254,6395.749763686345,-0.018259322562920288,-0.05692745676869635,0.0,0.0,0.0,0.0,0.0,0.036000000000000004,1.0,0.0,0.0
