X2,P2,requested_delta_P100,requested_delta_F200,applied_delta_P100,applied_delta_F200,mapping_scale
28.330917163204127,50.33686028894187,0.0,0.0,0.0,0.0,1.0
30.517429462471625,50.33686028894187,0.0,0.0,0.0,0.0,1.0
32.703941761739124,50.33686028894187,0.0,0.0,0.0,0.0,1.0
34.89045406100662,50.33686028894187,0.0,0.0,0.0,0.0,1.0
37.07696636027412,50.33686028894187,0.0,0.0,0.0,0.0,1.0
39.26347865954162,50.33686028894187,0.0,0.0,0.0,0.0,1.0
41.449990958809124,50.33686028894187,0.0,0.0,0.0,0.0,1.0
43.636503258076615,50.33686028894187,0.0,0.0,0.0,0.0,1.0
45.82301555734412,50.33686028894187,0.0,0.0,0.0,0.0,1.0
48.00952785661162,50.33686028894187,0.0,0.0,0.0,0.0,1.0
50.19604015587912,50.33686028894187,0.0,0.0,0.0,0.0,1.0
52.382552455146616,50.33686028894187,0.0,0.0,0.0,0.0,1.0
54.569064754414114,50.33686028894187,0.0,0.0,0.0,0.0,1.0
56.75557705368161,50.33686028894187,0.0,0.0,0.0,0.0,1.0
58.94208935294911,50.33686028894187,0.0,0.0,0.0,0.0,1.0
61.12860165221661,50.33686028894187,0.0,0.0,0.0,0.0,1.0
63.315113951484115,50.33686028894187,0.0,0.0,0.0,0.0,1.0
65.50162625075161,50.33686028894187,0.0,0.0,0.0,0.0,1.0
67.68813855001912,50.33686028894187,0.0,0.0,0.0,0.0,1.0
69.87465084928661,50.33686028894187,0.0,0.0,0.0,0.0,1.0
72.0611631485541,50.33686028894187,0.0,0.0,0.0,0.0,1.0
74.2476754478216,50.33686028894187,0.0,0.0,0.0,0.0,1.0
76.43418774708911,50.33686028894187,0.0,0.0,0.0,0.0,1.0
78.6207000463566,50.33686028894187,0.0,0.0,0.0,0.0,1.0
80.80721234562411,50.33686028894187,0.0,0.0,0.0,0.0,1.0
82.9937246448916,50.33686028894187,0.0,0.0,0.0,0.0,1.0
85.1802369441591,50.33686028894187,0.0,0.0,0.0,0.0,1.0
87.3667492434266,50.33686028894187,0.0,0.0,0.0,0.0,1.0
89.55326154269409,50.33686028894187,0.0,0.0,0.0,0.0,1.0
91.7397738419616,50.33686028894187,0.0,0.0,0.0,0.0,1.0
93.92628614122908,50.33686028894187,0.0,0.0,0.0,0.0,1.0
28.330917163204127,50.95700050026422,0.0,0.0,0.0,0.0,1.0
30.517429462471625,50.95700050026422,0.0,0.0,0.0,0.0,1.0
32.703941761739124,50.95700050026422,0.0,0.0,0.0,0.0,1.0
34.89045406100662,50.95700050026422,0.0,0.0,0.0,0.0,1.0
37.07696636027412,50.95700050026422,0.0,0.0,0.0,0.0,1.0
39.26347865954162,50.95700050026422,0.0,0.0,0.0,0.0,1.0
41.449990958809124,50.95700050026422,0.0,0.0,0.0,0.0,1.0
43.636503258076615,50.95700050026422,0.0,0.0,0.0,0.0,1.0
45.82301555734412,50.95700050026422,0.0,0.0,0.0,0.0,1.0
48.00952785661162,50.95700050026422,0.0,0.0,0.0,0.0,1.0
50.19604015587912,50.95700050026422,0.0,0.0,0.0,0.0,1.0
52.382552455146616,50.95700050026422,0.0,0.0,0.0,0.0,1.0
54.569064754414114,50.95700050026422,0.0,0.0,0.0,0.0,1.0
56.75557705368161,50.95700050026422,0.0,0.0,0.0,0.0,1.0
58.94208935294911,50.95700050026422,0.0,0.0,0.0,0.0,1.0
61.12860165221661,50.95700050026422,0.0,0.0,0.0,0.0,1.0
63.315113951484115,50.95700050026422,0.0,0.0,0.0,0.0,1.0
65.50162625075161,50.95700050026422,0.0,0.0,0.0,0.0,1.0
67.68813855001912,50.95700050026422,0.0,0.0,0.0,0.0,1.0
69.87465084928661,50.95700050026422,0.0,0.0,0.0,0.0,1.0
72.0611631485541,50.95700050026422,0.0,0.0,0.0,0.0,1.0
74.2476754478216,50.95700050026422,0.0,0.0,0.0,0.0,1.0
76.43418774708911,50.95700050026422,0.0,0.0,0.0,0.0,1.0
78.6207000463566,50.95700050026422,0.0,0.0,0.0,0.0,1.0
80.80721234562411,50.95700050026422,0.0,0.0,0.0,0.0,1.0
82.9937246448916,50.95700050026422,0.0,0.0,0.0,0.0,1.0
85.1802369441591,50.95700050026422,0.0,0.0,0.0,0.0,1.0
87.3667492434266,50.95700050026422,0.0,0.0,0.0,0.0,1.0
89.55326154269409,50.95700050026422,0.0,0.0,0.0,0.0,1.0
91.7397738419616,50.95700050026422,0.0,0.0,0.0,0.0,1.0
93.92628614122908,50.95700050026422,0.0,0.0,0.0,0.0,1.0
28.330917163204127,51.57714071158657,0.0,0.0,0.0,0.0,1.0
30.517429462471625,51.57714071158657,0.0,0.0,0.0,0.0,1.0
32.703941761739124,51.57714071158657,0.0,0.0,0.0,0.0,1.0
34.89045406100662,51.57714071158657,0.0,0.0,0.0,0.0,1.0
37.07696636027412,51.57714071158657,0.0,0.0,0.0,0.0,1.0
39.26347865954162,51.57714071158657,0.0,0.0,0.0,0.0,1.0
41.449990958809124,51.57714071158657,0.0,0.0,0.0,0.0,1.0
43.636503258076615,51.57714071158657,0.0,0.0,0.0,0.0,1.0
45.82301555734412,51.57714071158657,0.0,0.0,0.0,0.0,1.0
48.00952785661162,51.57714071158657,0.0,0.0,0.0,0.0,1.0
50.19604015587912,51.57714071158657,0.0,0.0,0.0,0.0,1.0
52.382552455146616,51.57714071158657,0.0,0.0,0.0,0.0,1.0
54.569064754414114,51.57714071158657,0.0,0.0,0.0,0.0,1.0
56.75557705368161,51.57714071158657,0.0,0.0,0.0,0.0,1.0
58.94208935294911,51.57714071158657,0.0,0.0,0.0,0.0,1.0
61.12860165221661,51.57714071158657,0.0,0.0,0.0,0.0,1.0
63.315113951484115,51.57714071158657,0.0,0.0,0.0,0.0,1.0
65.50162625075161,51.57714071158657,0.0,0.0,0.0,0.0,1.0
67.68813855001912,51.57714071158657,0.0,0.0,0.0,0.0,1.0
69.87465084928661,51.57714071158657,0.0,0.0,0.0,0.0,1.0
72.0611631485541,51.57714071158657,0.0,0.0,0.0,0.0,1.0
74.2476754478216,51.57714071158657,0.0,0.0,0.0,0.0,1.0
76.43418774708911,51.57714071158657,0.0,0.0,0.0,0.0,1.0
78.6207000463566,51.57714071158657,0.0,0.0,0.0,0.0,1.0
80.80721234562411,51.57714071158657,0.0,0.0,0.0,0.0,1.0
82.9937246448916,51.57714071158657,0.0,0.0,0.0,0.0,1.0
85.1802369441591,51.57714071158657,0.0,0.0,0.0,0.0,1.0
87.3667492434266,51.57714071158657,0.0,0.0,0.0,0.0,1.0
89.55326154269409,51.57714071158657,0.0,0.0,0.0,0.0,1.0
91.7397738419616,51.57714071158657,0.0,0.0,0.0,0.0,1.0
93.92628614122908,51.57714071158657,0.0,0.0,0.0,0.0,1.0
28.330917163204127,52.197280922908924,0.0,0.0,0.0,0.0,1.0
30.517429462471625,52.197280922908924,0.0,0.0,0.0,0.0,1.0
32.703941761739124,52.197280922908924,0.0,0.0,0.0,0.0,1.0
34.89045406100662,52.197280922908924,0.0,0.0,0.0,0.0,1.0
37.07696636027412,52.197280922908924,0.0,0.0,0.0,0.0,1.0
39.26347865954162,52.197280922908924,0.0,0.0,0.0,0.0,1.0
41.449990958809124,52.197280922908924,0.0,0.0,0.0,0.0,1.0
43.636503258076615,52.197280922908924,0.0,0.0,0.0,0.0,1.0
45.82301555734412,52.197280922908924,0.0,0.0,0.0,0.0,1.0
48.00952785661162,52.197280922908924,0.0,0.0,0.0,0.0,1.0
50.19604015587912,52.197280922908924,0.0,0.0,0.0,0.0,1.0
52.382552455146616,52.197280922908924,0.0,0.0,0.0,0.0,1.0
54.569064754414114,52.197280922908924,0.0,0.0,0.0,0.0,1.0
56.75557705368161,52.197280922908924,0.0,0.0,0.0,0.0,1.0
58.94208935294911,52.197280922908924,0.0,0.0,0.0,0.0,1.0
61.12860165221661,52.197280922908924,0.0,0.0,0.0,0.0,1.0
63.315113951484115,52.197280922908924,0.0,0.0,0.0,0.0,1.0
65.50162625075161,52.197280922908924,0.0,0.0,0.0,0.0,1.0
67.68813855001912,52.197280922908924,0.0,0.0,0.0,0.0,1.0
69.87465084928661,52.197280922908924,0.0,0.0,0.0,0.0,1.0
72.0611631485541,52.197280922908924,0.0,0.0,0.0,0.0,1.0
74.2476754478216,52.197280922908924,0.0,0.0,0.0,0.0,1.0
76.43418774708911,52.197280922908924,0.0,0.0,0.0,0.0,1.0
78.6207000463566,52.197280922908924,0.0,0.0,0.0,0.0,1.0
80.80721234562411,52.197280922908924,0.0,0.0,0.0,0.0,1.0
82.9937246448916,52.197280922908924,0.0,0.0,0.0,0.0,1.0
85.1802369441591,52.197280922908924,0.0,0.0,0.0,0.0,1.0
87.3667492434266,52.197280922908924,0.0,0.0,0.0,0.0,1.0
89.55326154269409,52.197280922908924,0.0,0.0,0.0,0.0,1.0
91.7397738419616,52.197280922908924,0.0,0.0,0.0,0.0,1.0
93.92628614122908,52.197280922908924,0.0,0.0,0.0,0.0,1.0
28.330917163204127,52.817421134231274,0.0,0.0,0.0,0.0,1.0
30.517429462471625,52.817421134231274,0.0,0.0,0.0,0.0,1.0
32.703941761739124,52.817421134231274,0.0,0.0,0.0,0.0,1.0
34.89045406100662,52.817421134231274,0.0,0.0,0.0,0.0,1.0
37.07696636027412,52.817421134231274,0.0,0.0,0.0,0.0,1.0
39.26347865954162,52.817421134231274,0.0,0.0,0.0,0.0,1.0
41.449990958809124,52.817421134231274,0.0,0.0,0.0,0.0,1.0
43.636503258076615,52.817421134231274,0.0,0.0,0.0,0.0,1.0
45.82301555734412,52.817421134231274,0.0,0.0,0.0,0.0,1.0
48.00952785661162,52.817421134231274,0.0,0.0,0.0,0.0,1.0
50.19604015587912,52.817421134231274,0.0,0.0,0.0,0.0,1.0
52.382552455146616,52.817421134231274,0.0,0.0,0.0,0.0,1.0
54.569064754414114,52.817421134231274,0.0,0.0,0.0,0.0,1.0
56.75557705368161,52.817421134231274,0.0,0.0,0.0,0.0,1.0
58.94208935294911,52.817421134231274,0.0,0.0,0.0,0.0,1.0
61.12860165221661,52.817421134231274,0.0,0.0,0.0,0.0,1.0
63.315113951484115,52.817421134231274,0.0,0.0,0.0,0.0,1.0
65.50162625075161,52.817421134231274,0.0,0.0,0.0,0.0,1.0
67.68813855001912,52.817421134231274,0.0,0.0,0.0,0.0,1.0
69.87465084928661,52.817421134231274,0.0,0.0,0.0,0.0,1.0
72.0611631485541,52.817421134231274,0.0,0.0,0.0,0.0,1.0
74.2476754478216,52.817421134231274,0.0,0.0,0.0,0.0,1.0
76.43418774708911,52.817421134231274,0.0,0.0,0.0,0.0,1.0
78.6207000463566,52.817421134231274,0.0,0.0,0.0,0.0,1.0
80.80721234562411,52.817421134231274,0.0,0.0,0.0,0.0,1.0
82.9937246448916,52.817421134231274,0.0,0.0,0.0,0.0,1.0
85.1802369441591,52.817421134231274,0.0,0.0,0.0,0.0,1.0
87.3667492434266,52.817421134231274,0.0,0.0,0.0,0.0,1.0
89.55326154269409,52.817421134231274,0.0,0.0,0.0,0.0,1.0
91.7397738419616,52.817421134231274,0.0,0.0,0.0,0.0,1.0
93.92628614122908,52.817421134231274,0.0,0.0,0.0,0.0,1.0
28.330917163204127,53.43756134555363,0.0,0.0,0.0,0.0,1.0
30.517429462471625,53.43756134555363,0.0,0.0,0.0,0.0,1.0
32.703941761739124,53.43756134555363,0.0,0.0,0.0,0.0,1.0
34.89045406100662,53.43756134555363,0.0,0.0,0.0,0.0,1.0
37.07696636027412,53.43756134555363,0.0,0.0,0.0,0.0,1.0
39.26347865954162,53.43756134555363,0.0,0.0,0.0,0.0,1.0
41.449990958809124,53.43756134555363,0.0,0.0,0.0,0.0,1.0
43.636503258076615,53.43756134555363,0.0,0.0,0.0,0.0,1.0
45.82301555734412,53.43756134555363,0.0,0.0,0.0,0.0,1.0
48.00952785661162,53.43756134555363,0.0,0.0,0.0,0.0,1.0
50.19604015587912,53.43756134555363,0.0,0.0,0.0,0.0,1.0
52.382552455146616,53.43756134555363,0.0,0.0,0.0,0.0,1.0
54.569064754414114,53.43756134555363,0.0,0.0,0.0,0.0,1.0
56.75557705368161,53.43756134555363,0.0,0.0,0.0,0.0,1.0
58.94208935294911,53.43756134555363,0.0,0.0,0.0,0.0,1.0
61.12860165221661,53.43756134555363,0.0,0.0,0.0,0.0,1.0
63.315113951484115,53.43756134555363,0.0,0.0,0.0,0.0,1.0
65.50162625075161,53.43756134555363,0.0,0.0,0.0,0.0,1.0
67.68813855001912,53.43756134555363,0.0,0.0,0.0,0.0,1.0
69.87465084928661,53.43756134555363,0.0,0.0,0.0,0.0,1.0
72.0611631485541,53.43756134555363,0.0,0.0,0.0,0.0,1.0
74.2476754478216,53.43756134555363,0.0,0.0,0.0,0.0,1.0
76.43418774708911,53.43756134555363,0.0,0.0,0.0,0.0,1.0
78.6207000463566,53.43756134555363,0.0,0.0,0.0,0.0,1.0
80.80721234562411,53.43756134555363,0.0,0.0,0.0,0.0,1.0
82.9937246448916,53.43756134555363,0.0,0.0,0.0,0.0,1.0
85.1802369441591,53.43756134555363,0.0,0.0,0.0,0.0,1.0
87.3667492434266,53.43756134555363,0.0,0.0,0.0,0.0,1.0
89.55326154269409,53.43756134555363,0.0,0.0,0.0,0.0,1.0
91.7397738419616,53.43756134555363,0.0,0.0,0.0,0.0,1.0
93.92628614122908,53.43756134555363,0.0,0.0,0.0,0.0,1.0
28.330917163204127,54.05770155687598,0.0,0.0,0.0,0.0,1.0
30.517429462471625,54.05770155687598,0.0,0.0,0.0,0.0,1.0
32.703941761739124,54.05770155687598,0.0,0.0,0.0,0.0,1.0
34.89045406100662,54.05770155687598,0.0,0.0,0.0,0.0,1.0
37.07696636027412,54.05770155687598,0.0,0.0,0.0,0.0,1.0
39.26347865954162,54.05770155687598,0.0,0.0,0.0,0.0,1.0
41.449990958809124,54.05770155687598,0.0,0.0,0.0,0.0,1.0
43.636503258076615,54.05770155687598,0.0,0.0,0.0,0.0,1.0
45.82301555734412,54.05770155687598,0.0,0.0,0.0,0.0,1.0
48.00952785661162,54.05770155687598,0.0,0.0,0.0,0.0,1.0
50.19604015587912,54.05770155687598,0.0,0.0,0.0,0.0,1.0
52.382552455146616,54.05770155687598,0.0,0.0,0.0,0.0,1.0
54.569064754414114,54.05770155687598,0.0,0.0,0.0,0.0,1.0
56.75557705368161,54.05770155687598,0.0,0.0,0.0,0.0,1.0
58.94208935294911,54.05770155687598,0.0,0.0,0.0,0.0,1.0
61.12860165221661,54.05770155687598,0.0,0.0,0.0,0.0,1.0
63.315113951484115,54.05770155687598,0.0,0.0,0.0,0.0,1.0
65.50162625075161,54.05770155687598,0.0,0.0,0.0,0.0,1.0
67.68813855001912,54.05770155687598,0.0,0.0,0.0,0.0,1.0
69.87465084928661,54.05770155687598,0.0,0.0,0.0,0.0,1.0
72.0611631485541,54.05770155687598,0.0,0.0,0.0,0.0,1.0
74.2476754478216,54.05770155687598,0.0,0.0,0.0,0.0,1.0
76.43418774708911,54.05770155687598,0.0,0.0,0.0,0.0,1.0
78.6207000463566,54.05770155687598,0.0,0.0,0.0,0.0,1.0
80.80721234562411,54.05770155687598,0.0,0.0,0.0,0.0,1.0
82.9937246448916,54.05770155687598,0.0,0.0,0.0,0.0,1.0
85.1802369441591,54.05770155687598,0.0,0.0,0.0,0.0,1.0
87.3667492434266,54.05770155687598,0.0,0.0,0.0,0.0,1.0
89.55326154269409,54.05770155687598,0.0,0.0,0.0,0.0,1.0
91.7397738419616,54.05770155687598,0.0,0.0,0.0,0.0,1.0
93.92628614122908,54.05770155687598,0.0,0.0,0.0,0.0,1.0
28.330917163204127,54.677841768198334,0.0,0.0,0.0,0.0,1.0
30.517429462471625,54.677841768198334,0.0,0.0,0.0,0.0,1.0
32.703941761739124,54.677841768198334,0.0,0.0,0.0,0.0,1.0
34.89045406100662,54.677841768198334,0.0,0.0,0.0,0.0,1.0
37.07696636027412,54.677841768198334,0.0,0.0,0.0,0.0,1.0
39.26347865954162,54.677841768198334,0.0,0.0,0.0,0.0,1.0
41.449990958809124,54.677841768198334,0.0,0.0,0.0,0.0,1.0
43.636503258076615,54.677841768198334,0.0,0.0,0.0,0.0,1.0
45.82301555734412,54.677841768198334,0.0,0.0,0.0,0.0,1.0
48.00952785661162,54.677841768198334,0.0,0.0,0.0,0.0,1.0
50.19604015587912,54.677841768198334,0.0,0.0,0.0,0.0,1.0
52.382552455146616,54.677841768198334,0.0,0.0,0.0,0.0,1.0
54.569064754414114,54.677841768198334,0.0,0.0,0.0,0.0,1.0
56.75557705368161,54.677841768198334,0.0,0.0,0.0,0.0,1.0
58.94208935294911,54.677841768198334,0.0,0.0,0.0,0.0,1.0
61.12860165221661,54.677841768198334,0.0,0.0,0.0,0.0,1.0
63.315113951484115,54.677841768198334,0.0,0.0,0.0,0.0,1.0
65.50162625075161,54.677841768198334,0.0,0.0,0.0,0.0,1.0
67.68813855001912,54.677841768198334,0.0,0.0,0.0,0.0,1.0
69.87465084928661,54.677841768198334,0.0,0.0,0.0,0.0,1.0
72.0611631485541,54.677841768198334,0.0,0.0,0.0,0.0,1.0
74.2476754478216,54.677841768198334,0.0,0.0,0.0,0.0,1.0
76.43418774708911,54.677841768198334,0.0,0.0,0.0,0.0,1.0
78.6207000463566,54.677841768198334,0.0,0.0,0.0,0.0,1.0
80.80721234562411,54.677841768198334,0.0,0.0,0.0,0.0,1.0
82.9937246448916,54.677841768198334,0.0,0.0,0.0,0.0,1.0
85.1802369441591,54.677841768198334,0.0,0.0,0.0,0.0,1.0
87.3667492434266,54.677841768198334,0.0,0.0,0.0,0.0,1.0
89.55326154269409,54.677841768198334,0.0,0.0,0.0,0.0,1.0
91.7397738419616,54.677841768198334,0.0,0.0,0.0,0.0,1.0
93.92628614122908,54.677841768198334,0.0,0.0,0.0,0.0,1.0
28.330917163204127,55.297981979520685,0.0,0.0,0.0,0.0,1.0
30.517429462471625,55.297981979520685,0.0,0.0,0.0,0.0,1.0
32.703941761739124,55.297981979520685,0.0,0.0,0.0,0.0,1.0
34.89045406100662,55.297981979520685,0.0,0.0,0.0,0.0,1.0
37.07696636027412,55.297981979520685,0.0,0.0,0.0,0.0,1.0
39.26347865954162,55.297981979520685,0.0,0.0,0.0,0.0,1.0
41.449990958809124,55.297981979520685,0.0,0.0,0.0,0.0,1.0
43.636503258076615,55.297981979520685,0.0,0.0,0.0,0.0,1.0
45.82301555734412,55.297981979520685,0.0,0.0,0.0,0.0,1.0
48.00952785661162,55.297981979520685,0.0,0.0,0.0,0.0,1.0
50.19604015587912,55.297981979520685,0.0,0.0,0.0,0.0,1.0
52.382552455146616,55.297981979520685,0.0,0.0,0.0,0.0,1.0
54.569064754414114,55.297981979520685,0.0,0.0,0.0,0.0,1.0
56.75557705368161,55.297981979520685,0.0,0.0,0.0,0.0,1.0
58.94208935294911,55.297981979520685,0.0,0.0,0.0,0.0,1.0
61.12860165221661,55.297981979520685,0.0,0.0,0.0,0.0,1.0
63.315113951484115,55.297981979520685,0.0,0.0,0.0,0.0,1.0
65.50162625075161,55.297981979520685,0.0,0.0,0.0,0.0,1.0
67.68813855001912,55.297981979520685,0.0,0.0,0.0,0.0,1.0
69.87465084928661,55.297981979520685,0.0,0.0,0.0,0.0,1.0
72.0611631485541,55.297981979520685,0.0,0.0,0.0,0.0,1.0
74.2476754478216,55.297981979520685,0.0,0.0,0.0,0.0,1.0
76.43418774708911,55.297981979520685,0.0,0.0,0.0,0.0,1.0
78.6207000463566,55.297981979520685,0.0,0.0,0.0,0.0,1.0
80.80721234562411,55.297981979520685,0.0,0.0,0.0,0.0,1.0
82.9937246448916,55.297981979520685,0.0,0.0,0.0,0.0,1.0
85.1802369441591,55.297981979520685,0.0,0.0,0.0,0.0,1.0
87.3667492434266,55.297981979520685,0.0,0.0,0.0,0.0,1.0
89.55326154269409,55.297981979520685,0.0,0.0,0.0,0.0,1.0
91.7397738419616,55.297981979520685,0.0,0.0,0.0,0.0,1.0
93.92628614122908,55.297981979520685,0.0,0.0,0.0,0.0,1.0
28.330917163204127,55.918122190843036,0.0,0.0,0.0,0.0,1.0
30.517429462471625,55.918122190843036,0.0,0.0,0.0,0.0,1.0
32.703941761739124,55.918122190843036,0.0,0.0,0.0,0.0,1.0
34.89045406100662,55.918122190843036,0.0,0.0,0.0,0.0,1.0
37.07696636027412,55.918122190843036,0.0,0.0,0.0,0.0,1.0
39.26347865954162,55.918122190843036,0.0,0.0,0.0,0.0,1.0
41.449990958809124,55.918122190843036,0.0,0.0,0.0,0.0,1.0
43.636503258076615,55.918122190843036,0.0,0.0,0.0,0.0,1.0
45.82301555734412,55.918122190843036,0.0,0.0,0.0,0.0,1.0
48.00952785661162,55.918122190843036,0.0,0.0,0.0,0.0,1.0
50.19604015587912,55.918122190843036,0.0,0.0,0.0,0.0,1.0
52.382552455146616,55.918122190843036,0.0,0.0,0.0,0.0,1.0
54.569064754414114,55.918122190843036,0.0,0.0,0.0,0.0,1.0
56.75557705368161,55.918122190843036,0.0,0.0,0.0,0.0,1.0
58.94208935294911,55.918122190843036,0.0,0.0,0.0,0.0,1.0
61.12860165221661,55.918122190843036,0.0,0.0,0.0,0.0,1.0
63.315113951484115,55.918122190843036,0.0,0.0,0.0,0.0,1.0
65.50162625075161,55.918122190843036,0.0,0.0,0.0,0.0,1.0
67.68813855001912,55.918122190843036,0.0,0.0,0.0,0.0,1.0
69.87465084928661,55.918122190843036,0.0,0.0,0.0,0.0,1.0
72.0611631485541,55.918122190843036,0.0,0.0,0.0,0.0,1.0
74.2476754478216,55.918122190843036,0.0,0.0,0.0,0.0,1.0
76.43418774708911,55.918122190843036,0.0,0.0,0.0,0.0,1.0
78.6207000463566,55.918122190843036,0.0,0.0,0.0,0.0,1.0
80.80721234562411,55.918122190843036,0.0,0.0,0.0,0.0,1.0
82.9937246448916,55.918122190843036,0.0,0.0,0.0,0.0,1.0
85.1802369441591,55.918122190843036,0.0,0.0,0.0,0.0,1.0
87.3667492434266,55.918122190843036,0.0,0.0,0.0,0.0,1.0
89.55326154269409,55.918122190843036,0.0,0.0,0.0,0.0,1.0
91.7397738419616,55.918122190843036,0.0,0.0,0.0,0.0,1.0
93.92628614122908,55.918122190843036,0.0,0.0,0.0,0.0,1.0
28.330917163204127,56.53826240216539,0.0,0.0,0.0,0.0,1.0
30.517429462471625,56.53826240216539,0.0,0.0,0.0,0.0,1.0
32.703941761739124,56.53826240216539,0.0,0.0,0.0,0.0,1.0
34.89045406100662,56.53826240216539,0.0,0.0,0.0,0.0,1.0
37.07696636027412,56.53826240216539,0.0,0.0,0.0,0.0,1.0
39.26347865954162,56.53826240216539,0.0,0.0,0.0,0.0,1.0
41.449990958809124,56.53826240216539,0.0,0.0,0.0,0.0,1.0
43.636503258076615,56.53826240216539,0.0,0.0,0.0,0.0,1.0
45.82301555734412,56.53826240216539,0.0,0.0,0.0,0.0,1.0
48.00952785661162,56.53826240216539,0.0,0.0,0.0,0.0,1.0
50.19604015587912,56.53826240216539,0.0,0.0,0.0,0.0,1.0
52.382552455146616,56.53826240216539,0.0,0.0,0.0,0.0,1.0
54.569064754414114,56.53826240216539,0.0,0.0,0.0,0.0,1.0
56.75557705368161,56.53826240216539,0.0,0.0,0.0,0.0,1.0
58.94208935294911,56.53826240216539,0.0,0.0,0.0,0.0,1.0
61.12860165221661,56.53826240216539,0.0,0.0,0.0,0.0,1.0
63.315113951484115,56.53826240216539,0.0,0.0,0.0,0.0,1.0
65.50162625075161,56.53826240216539,0.0,0.0,0.0,0.0,1.0
67.68813855001912,56.53826240216539,0.0,0.0,0.0,0.0,1.0
69.87465084928661,56.53826240216539,0.0,0.0,0.0,0.0,1.0
72.0611631485541,56.53826240216539,0.0,0.0,0.0,0.0,1.0
74.2476754478216,56.53826240216539,0.0,0.0,0.0,0.0,1.0
76.43418774708911,56.53826240216539,0.0,0.0,0.0,0.0,1.0
78.6207000463566,56.53826240216539,0.0,0.0,0.0,0.0,1.0
80.80721234562411,56.53826240216539,0.0,0.0,0.0,0.0,1.0
82.9937246448916,56.53826240216539,0.0,0.0,0.0,0.0,1.0
85.1802369441591,56.53826240216539,0.0,0.0,0.0,0.0,1.0
87.3667492434266,56.53826240216539,0.0,0.0,0.0,0.0,1.0
89.55326154269409,56.53826240216539,0.0,0.0,0.0,0.0,1.0
91.7397738419616,56.53826240216539,0.0,0.0,0.0,0.0,1.0
93.92628614122908,56.53826240216539,0.0,0.0,0.0,0.0,1.0
28.330917163204127,57.158402613487745,0.0,0.0,0.0,0.0,1.0
30.517429462471625,57.158402613487745,0.0,0.0,0.0,0.0,1.0
32.703941761739124,57.158402613487745,0.0,0.0,0.0,0.0,1.0
34.89045406100662,57.158402613487745,0.0,0.0,0.0,0.0,1.0
37.07696636027412,57.158402613487745,0.0,0.0,0.0,0.0,1.0
39.26347865954162,57.158402613487745,0.0,0.0,0.0,0.0,1.0
41.449990958809124,57.158402613487745,0.0,0.0,0.0,0.0,1.0
43.636503258076615,57.158402613487745,0.0,0.0,0.0,0.0,1.0
45.82301555734412,57.158402613487745,0.0,0.0,0.0,0.0,1.0
48.00952785661162,57.158402613487745,0.0,0.0,0.0,0.0,1.0
50.19604015587912,57.158402613487745,0.0,0.0,0.0,0.0,1.0
52.382552455146616,57.158402613487745,0.0,0.0,0.0,0.0,1.0
54.569064754414114,57.158402613487745,0.0,0.0,0.0,0.0,1.0
56.75557705368161,57.158402613487745,0.0,0.0,0.0,0.0,1.0
58.94208935294911,57.158402613487745,0.0,0.0,0.0,0.0,1.0
61.12860165221661,57.158402613487745,0.0,0.0,0.0,0.0,1.0
63.315113951484115,57.158402613487745,0.0,0.0,0.0,0.0,1.0
65.50162625075161,57.158402613487745,0.0,0.0,0.0,0.0,1.0
67.68813855001912,57.158402613487745,0.0,0.0,0.0,0.0,1.0
69.87465084928661,57.158402613487745,0.0,0.0,0.0,0.0,1.0
72.0611631485541,57.158402613487745,0.0,0.0,0.0,0.0,1.0
74.2476754478216,57.158402613487745,0.0,0.0,0.0,0.0,1.0
76.43418774708911,57.158402613487745,0.0,0.0,0.0,0.0,1.0
78.6207000463566,57.158402613487745,0.0,0.0,0.0,0.0,1.0
80.80721234562411,57.158402613487745,0.0,0.0,0.0,0.0,1.0
82.9937246448916,57.158402613487745,0.0,0.0,0.0,0.0,1.0
85.1802369441591,57.158402613487745,0.0,0.0,0.0,0.0,1.0
87.3667492434266,57.158402613487745,0.0,0.0,0.0,0.0,1.0
89.55326154269409,57.158402613487745,0.0,0.0,0.0,0.0,1.0
91.7397738419616,57.158402613487745,0.0,0.0,0.0,0.0,1.0
93.92628614122908,57.158402613487745,0.0,0.0,0.0,0.0,1.0
28.330917163204127,57.778542824810096,0.0,0.0,0.0,0.0,1.0
30.517429462471625,57.778542824810096,0.0,0.0,0.0,0.0,1.0
32.703941761739124,57.778542824810096,0.0,0.0,0.0,0.0,1.0
34.89045406100662,57.778542824810096,0.0,0.0,0.0,0.0,1.0
37.07696636027412,57.778542824810096,0.0,0.0,0.0,0.0,1.0
39.26347865954162,57.778542824810096,0.0,0.0,0.0,0.0,1.0
41.449990958809124,57.778542824810096,0.0,0.0,0.0,0.0,1.0
43.636503258076615,57.778542824810096,0.0,0.0,0.0,0.0,1.0
45.82301555734412,57.778542824810096,0.0,0.0,0.0,0.0,1.0
48.00952785661162,57.778542824810096,0.0,0.0,0.0,0.0,1.0
50.19604015587912,57.778542824810096,0.0,0.0,0.0,0.0,1.0
52.382552455146616,57.778542824810096,0.0,0.0,0.0,0.0,1.0
54.569064754414114,57.778542824810096,0.0,0.0,0.0,0.0,1.0
56.75557705368161,57.778542824810096,0.0,0.0,0.0,0.0,1.0
58.94208935294911,57.778542824810096,0.0,0.0,0.0,0.0,1.0
61.12860165221661,57.778542824810096,0.0,0.0,0.0,0.0,1.0
63.315113951484115,57.778542824810096,0.0,0.0,0.0,0.0,1.0
65.50162625075161,57.778542824810096,0.0,0.0,0.0,0.0,1.0
67.68813855001912,57.778542824810096,0.0,0.0,0.0,0.0,1.0
69.87465084928661,57.778542824810096,0.0,0.0,0.0,0.0,1.0
72.0611631485541,57.778542824810096,0.0,0.0,0.0,0.0,1.0
74.2476754478216,57.778542824810096,0.0,0.0,0.0,0.0,1.0
76.43418774708911,57.778542824810096,0.0,0.0,0.0,0.0,1.0
78.6207000463566,57.778542824810096,0.0,0.0,0.0,0.0,1.0
80.80721234562411,57.778542824810096,0.0,0.0,0.0,0.0,1.0
82.9937246448916,57.778542824810096,0.0,0.0,0.0,0.0,1.0
85.1802369441591,57.778542824810096,0.0,0.0,0.0,0.0,1.0
87.3667492434266,57.778542824810096,0.0,0.0,0.0,0.0,1.0
89.55326154269409,57.778542824810096,0.0,0.0,0.0,0.0,1.0
91.7397738419616,57.778542824810096,0.0,0.0,0.0,0.0,1.0
93.92628614122908,57.778542824810096,0.0,0.0,0.0,0.0,1.0
28.330917163204127,58.39868303613245,0.0,0.0,0.0,0.0,1.0
30.517429462471625,58.39868303613245,0.0,0.0,0.0,0.0,1.0
32.703941761739124,58.39868303613245,0.0,0.0,0.0,0.0,1.0
34.89045406100662,58.39868303613245,0.0,0.0,0.0,0.0,1.0
37.07696636027412,58.39868303613245,0.0,0.0,0.0,0.0,1.0
39.26347865954162,58.39868303613245,0.0,0.0,0.0,0.0,1.0
41.449990958809124,58.39868303613245,0.0,0.0,0.0,0.0,1.0
43.636503258076615,58.39868303613245,0.0,0.0,0.0,0.0,1.0
45.82301555734412,58.39868303613245,0.0,0.0,0.0,0.0,1.0
48.00952785661162,58.39868303613245,0.0,0.0,0.0,0.0,1.0
50.19604015587912,58.39868303613245,0.0,0.0,0.0,0.0,1.0
52.382552455146616,58.39868303613245,0.0,0.0,0.0,0.0,1.0
54.569064754414114,58.39868303613245,0.0,0.0,0.0,0.0,1.0
56.75557705368161,58.39868303613245,0.0,0.0,0.0,0.0,1.0
58.94208935294911,58.39868303613245,0.0,0.0,0.0,0.0,1.0
61.12860165221661,58.39868303613245,0.0,0.0,0.0,0.0,1.0
63.315113951484115,58.39868303613245,0.0,0.0,0.0,0.0,1.0
65.50162625075161,58.39868303613245,0.0,0.0,0.0,0.0,1.0
67.68813855001912,58.39868303613245,0.0,0.0,0.0,0.0,1.0
69.87465084928661,58.39868303613245,0.0,0.0,0.0,0.0,1.0
72.0611631485541,58.39868303613245,0.0,0.0,0.0,0.0,1.0
74.2476754478216,58.39868303613245,0.0,0.0,0.0,0.0,1.0
76.43418774708911,58.39868303613245,0.0,0.0,0.0,0.0,1.0
78.6207000463566,58.39868303613245,0.0,0.0,0.0,0.0,1.0
80.80721234562411,58.39868303613245,0.0,0.0,0.0,0.0,1.0
82.9937246448916,58.39868303613245,0.0,0.0,0.0,0.0,1.0
85.1802369441591,58.39868303613245,0.0,0.0,0.0,0.0,1.0
87.3667492434266,58.39868303613245,0.0,0.0,0.0,0.0,1.0
89.55326154269409,58.39868303613245,0.0,0.0,0.0,0.0,1.0
91.7397738419616,58.39868303613245,0.0,0.0,0.0,0.0,1.0
93.92628614122908,58.39868303613245,0.0,0.0,0.0,0.0,1.0
28.330917163204127,59.0188232474548,0.0,0.0,0.0,0.0,1.0
30.517429462471625,59.0188232474548,0.0,0.0,0.0,0.0,1.0
32.703941761739124,59.0188232474548,0.0,0.0,0.0,0.0,1.0
34.89045406100662,59.0188232474548,0.0,0.0,0.0,0.0,1.0
37.07696636027412,59.0188232474548,0.0,0.0,0.0,0.0,1.0
39.26347865954162,59.0188232474548,0.0,0.0,0.0,0.0,1.0
41.449990958809124,59.0188232474548,0.0,0.0,0.0,0.0,1.0
43.636503258076615,59.0188232474548,0.0,0.0,0.0,0.0,1.0
45.82301555734412,59.0188232474548,0.0,0.0,0.0,0.0,1.0
48.00952785661162,59.0188232474548,0.0,0.0,0.0,0.0,1.0
50.19604015587912,59.0188232474548,0.0,0.0,0.0,0.0,1.0
52.382552455146616,59.0188232474548,0.0,0.0,0.0,0.0,1.0
54.569064754414114,59.0188232474548,0.0,0.0,0.0,0.0,1.0
56.75557705368161,59.0188232474548,0.0,0.0,0.0,0.0,1.0
58.94208935294911,59.0188232474548,0.0,0.0,0.0,0.0,1.0
61.12860165221661,59.0188232474548,0.0,0.0,0.0,0.0,1.0
63.315113951484115,59.0188232474548,0.0,0.0,0.0,0.0,1.0
65.50162625075161,59.0188232474548,0.0,0.0,0.0,0.0,1.0
67.68813855001912,59.0188232474548,0.0,0.0,0.0,0.0,1.0
69.87465084928661,59.0188232474548,0.0,0.0,0.0,0.0,1.0
72.0611631485541,59.0188232474548,0.0,0.0,0.0,0.0,1.0
74.2476754478216,59.0188232474548,0.0,0.0,0.0,0.0,1.0
76.43418774708911,59.0188232474548,0.0,0.0,0.0,0.0,1.0
78.6207000463566,59.0188232474548,0.0,0.0,0.0,0.0,1.0
80.80721234562411,59.0188232474548,0.0,0.0,0.0,0.0,1.0
82.9937246448916,59.0188232474548,0.0,0.0,0.0,0.0,1.0
85.1802369441591,59.0188232474548,0.0,0.0,0.0,0.0,1.0
87.3667492434266,59.0188232474548,0.0,0.0,0.0,0.0,1.0
89.55326154269409,59.0188232474548,0.0,0.0,0.0,0.0,1.0
91.7397738419616,59.0188232474548,0.0,0.0,0.0,0.0,1.0
93.92628614122908,59.0188232474548,0.0,0.0,0.0,0.0,1.0
28.330917163204127,59.63896345877715,0.0,0.0,0.0,0.0,1.0
30.517429462471625,59.63896345877715,0.0,0.0,0.0,0.0,1.0
32.703941761739124,59.63896345877715,0.0,0.0,0.0,0.0,1.0
34.89045406100662,59.63896345877715,0.0,0.0,0.0,0.0,1.0
37.07696636027412,59.63896345877715,0.0,0.0,0.0,0.0,1.0
39.26347865954162,59.63896345877715,0.0,0.0,0.0,0.0,1.0
41.449990958809124,59.63896345877715,0.0,0.0,0.0,0.0,1.0
43.636503258076615,59.63896345877715,0.0,0.0,0.0,0.0,1.0
45.82301555734412,59.63896345877715,0.0,0.0,0.0,0.0,1.0
48.00952785661162,59.63896345877715,0.0,0.0,0.0,0.0,1.0
50.19604015587912,59.63896345877715,0.0,0.0,0.0,0.0,1.0
52.382552455146616,59.63896345877715,0.0,0.0,0.0,0.0,1.0
54.569064754414114,59.63896345877715,0.0,0.0,0.0,0.0,1.0
56.75557705368161,59.63896345877715,0.0,0.0,0.0,0.0,1.0
58.94208935294911,59.63896345877715,0.0,0.0,0.0,0.0,1.0
61.12860165221661,59.63896345877715,0.0,0.0,0.0,0.0,1.0
63.315113951484115,59.63896345877715,0.0,0.0,0.0,0.0,1.0
65.50162625075161,59.63896345877715,0.0,0.0,0.0,0.0,1.0
67.68813855001912,59.63896345877715,0.0,0.0,0.0,0.0,1.0
69.87465084928661,59.63896345877715,0.0,0.0,0.0,0.0,1.0
72.0611631485541,59.63896345877715,0.0,0.0,0.0,0.0,1.0
74.2476754478216,59.63896345877715,0.0,0.0,0.0,0.0,1.0
76.43418774708911,59.63896345877715,0.0,0.0,0.0,0.0,1.0
78.6207000463566,59.63896345877715,0.0,0.0,0.0,0.0,1.0
80.80721234562411,59.63896345877715,0.0,0.0,0.0,0.0,1.0
82.9937246448916,59.63896345877715,0.0,0.0,0.0,0.0,1.0
85.1802369441591,59.63896345877715,0.0,0.0,0.0,0.0,1.0
87.3667492434266,59.63896345877715,0.0,0.0,0.0,0.0,1.0
89.55326154269409,59.63896345877715,0.0,0.0,0.0,0.0,1.0
91.7397738419616,59.63896345877715,0.0,0.0,0.0,0.0,1.0
93.92628614122908,59.63896345877715,0.0,0.0,0.0,0.0,1.0
28.330917163204127,60.2591036700995,0.0,0.0,0.0,0.0,1.0
30.517429462471625,60.2591036700995,0.0,0.0,0.0,0.0,1.0
32.703941761739124,60.2591036700995,0.0,0.0,0.0,0.0,1.0
34.89045406100662,60.2591036700995,0.0,0.0,0.0,0.0,1.0
37.07696636027412,60.2591036700995,0.0,0.0,0.0,0.0,1.0
39.26347865954162,60.2591036700995,0.0,0.0,0.0,0.0,1.0
41.449990958809124,60.2591036700995,0.0,0.0,0.0,0.0,1.0
43.636503258076615,60.2591036700995,0.0,0.0,0.0,0.0,1.0
45.82301555734412,60.2591036700995,0.0,0.0,0.0,0.0,1.0
48.00952785661162,60.2591036700995,0.0,0.0,0.0,0.0,1.0
50.19604015587912,60.2591036700995,0.0,0.0,0.0,0.0,1.0
52.382552455146616,60.2591036700995,0.0,0.0,0.0,0.0,1.0
54.569064754414114,60.2591036700995,0.0,0.0,0.0,0.0,1.0
56.75557705368161,60.2591036700995,0.0,0.0,0.0,0.0,1.0
58.94208935294911,60.2591036700995,0.0,0.0,0.0,0.0,1.0
61.12860165221661,60.2591036700995,0.0,0.0,0.0,0.0,1.0
63.315113951484115,60.2591036700995,0.0,0.0,0.0,0.0,1.0
65.50162625075161,60.2591036700995,0.0,0.0,0.0,0.0,1.0
67.68813855001912,60.2591036700995,0.0,0.0,0.0,0.0,1.0
69.87465084928661,60.2591036700995,0.0,0.0,0.0,0.0,1.0
72.0611631485541,60.2591036700995,0.0,0.0,0.0,0.0,1.0
74.2476754478216,60.2591036700995,0.0,0.0,0.0,0.0,1.0
76.43418774708911,60.2591036700995,0.0,0.0,0.0,0.0,1.0
78.6207000463566,60.2591036700995,0.0,0.0,0.0,0.0,1.0
80.80721234562411,60.2591036700995,0.0,0.0,0.0,0.0,1.0
82.9937246448916,60.2591036700995,0.0,0.0,0.0,0.0,1.0
85.1802369441591,60.2591036700995,0.0,0.0,0.0,0.0,1.0
87.3667492434266,60.2591036700995,0.0,0.0,0.0,0.0,1.0
89.55326154269409,60.2591036700995,0.0,0.0,0.0,0.0,1.0
91.7397738419616,60.2591036700995,0.0,0.0,0.0,0.0,1.0
93.92628614122908,60.2591036700995,0.0,0.0,0.0,0.0,1.0
28.330917163204127,60.87924388142186,0.0,0.0,0.0,0.0,1.0
30.517429462471625,60.87924388142186,0.0,0.0,0.0,0.0,1.0
32.703941761739124,60.87924388142186,0.0,0.0,0.0,0.0,1.0
34.89045406100662,60.87924388142186,0.0,0.0,0.0,0.0,1.0
37.07696636027412,60.87924388142186,0.0,0.0,0.0,0.0,1.0
39.26347865954162,60.87924388142186,0.0,0.0,0.0,0.0,1.0
41.449990958809124,60.87924388142186,0.0,0.0,0.0,0.0,1.0
43.636503258076615,60.87924388142186,0.0,0.0,0.0,0.0,1.0
45.82301555734412,60.87924388142186,0.0,0.0,0.0,0.0,1.0
48.00952785661162,60.87924388142186,0.0,0.0,0.0,0.0,1.0
50.19604015587912,60.87924388142186,0.0,0.0,0.0,0.0,1.0
52.382552455146616,60.87924388142186,0.0,0.0,0.0,0.0,1.0
54.569064754414114,60.87924388142186,0.0,0.0,0.0,0.0,1.0
56.75557705368161,60.87924388142186,0.0,0.0,0.0,0.0,1.0
58.94208935294911,60.87924388142186,0.0,0.0,0.0,0.0,1.0
61.12860165221661,60.87924388142186,0.0,0.0,0.0,0.0,1.0
63.315113951484115,60.87924388142186,0.0,0.0,0.0,0.0,1.0
65.50162625075161,60.87924388142186,0.0,0.0,0.0,0.0,1.0
67.68813855001912,60.87924388142186,0.0,0.0,0.0,0.0,1.0
69.87465084928661,60.87924388142186,0.0,0.0,0.0,0.0,1.0
72.0611631485541,60.87924388142186,0.0,0.0,0.0,0.0,1.0
74.2476754478216,60.87924388142186,0.0,0.0,0.0,0.0,1.0
76.43418774708911,60.87924388142186,0.0,0.0,0.0,0.0,1.0
78.6207000463566,60.87924388142186,0.0,0.0,0.0,0.0,1.0
80.80721234562411,60.87924388142186,0.0,0.0,0.0,0.0,1.0
82.9937246448916,60.87924388142186,0.0,0.0,0.0,0.0,1.0
85.1802369441591,60.87924388142186,0.0,0.0,0.0,0.0,1.0
87.3667492434266,60.87924388142186,0.0,0.0,0.0,0.0,1.0
89.55326154269409,60.87924388142186,0.0,0.0,0.0,0.0,1.0
91.7397738419616,60.87924388142186,0.0,0.0,0.0,0.0,1.0
93.92628614122908,60.87924388142186,0.0,0.0,0.0,0.0,1.0
28.330917163204127,61.49938409274421,0.0,0.0,0.0,0.0,1.0
30.517429462471625,61.49938409274421,0.0,0.0,0.0,0.0,1.0
32.703941761739124,61.49938409274421,0.0,0.0,0.0,0.0,1.0
34.89045406100662,61.49938409274421,0.0,0.0,0.0,0.0,1.0
37.07696636027412,61.49938409274421,0.0,0.0,0.0,0.0,1.0
39.26347865954162,61.49938409274421,0.0,0.0,0.0,0.0,1.0
41.449990958809124,61.49938409274421,0.0,0.0,0.0,0.0,1.0
43.636503258076615,61.49938409274421,0.0,0.0,0.0,0.0,1.0
45.82301555734412,61.49938409274421,0.0,0.0,0.0,0.0,1.0
48.00952785661162,61.49938409274421,0.0,0.0,0.0,0.0,1.0
50.19604015587912,61.49938409274421,0.0,0.0,0.0,0.0,1.0
52.382552455146616,61.49938409274421,0.0,0.0,0.0,0.0,1.0
54.569064754414114,61.49938409274421,0.0,0.0,0.0,0.0,1.0
56.75557705368161,61.49938409274421,0.0,0.0,0.0,0.0,1.0
58.94208935294911,61.49938409274421,0.0,0.0,0.0,0.0,1.0
61.12860165221661,61.49938409274421,0.0,0.0,0.0,0.0,1.0
63.315113951484115,61.49938409274421,0.0,0.0,0.0,0.0,1.0
65.50162625075161,61.49938409274421,0.0,0.0,0.0,0.0,1.0
67.68813855001912,61.49938409274421,0.0,0.0,0.0,0.0,1.0
69.87465084928661,61.49938409274421,0.0,0.0,0.0,0.0,1.0
72.0611631485541,61.49938409274421,0.0,0.0,0.0,0.0,1.0
74.2476754478216,61.49938409274421,0.0,0.0,0.0,0.0,1.0
76.43418774708911,61.49938409274421,0.0,0.0,0.0,0.0,1.0
78.6207000463566,61.49938409274421,0.0,0.0,0.0,0.0,1.0
80.80721234562411,61.49938409274421,0.0,0.0,0.0,0.0,1.0
82.9937246448916,61.49938409274421,0.0,0.0,0.0,0.0,1.0
85.1802369441591,61.49938409274421,0.0,0.0,0.0,0.0,1.0
87.3667492434266,61.49938409274421,0.0,0.0,0.0,0.0,1.0
89.55326154269409,61.49938409274421,0.0,0.0,0.0,0.0,1.0
91.7397738419616,61.49938409274421,0.0,0.0,0.0,0.0,1.0
93.92628614122908,61.49938409274421,0.0,0.0,0.0,0.0,1.0
28.330917163204127,62.11952430406656,0.0,0.0,0.0,0.0,1.0
30.517429462471625,62.11952430406656,0.0,0.0,0.0,0.0,1.0
32.703941761739124,62.11952430406656,0.0,0.0,0.0,0.0,1.0
34.89045406100662,62.11952430406656,0.0,0.0,0.0,0.0,1.0
37.07696636027412,62.11952430406656,0.0,0.0,0.0,0.0,1.0
39.26347865954162,62.11952430406656,0.0,0.0,0.0,0.0,1.0
41.449990958809124,62.11952430406656,0.0,0.0,0.0,0.0,1.0
43.636503258076615,62.11952430406656,0.0,0.0,0.0,0.0,1.0
45.82301555734412,62.11952430406656,0.0,0.0,0.0,0.0,1.0
48.00952785661162,62.11952430406656,0.0,0.0,0.0,0.0,1.0
50.19604015587912,62.11952430406656,0.0,0.0,0.0,0.0,1.0
52.382552455146616,62.11952430406656,0.0,0.0,0.0,0.0,1.0
54.569064754414114,62.11952430406656,0.0,0.0,0.0,0.0,1.0
56.75557705368161,62.11952430406656,0.0,0.0,0.0,0.0,1.0
58.94208935294911,62.11952430406656,0.0,0.0,0.0,0.0,1.0
61.12860165221661,62.11952430406656,0.0,0.0,0.0,0.0,1.0
63.315113951484115,62.11952430406656,0.0,0.0,0.0,0.0,1.0
65.50162625075161,62.11952430406656,0.0,0.0,0.0,0.0,1.0
67.68813855001912,62.11952430406656,0.0,0.0,0.0,0.0,1.0
69.87465084928661,62.11952430406656,0.0,0.0,0.0,0.0,1.0
72.0611631485541,62.11952430406656,0.0,0.0,0.0,0.0,1.0
74.2476754478216,62.11952430406656,0.0,0.0,0.0,0.0,1.0
76.43418774708911,62.11952430406656,0.0,0.0,0.0,0.0,1.0
78.6207000463566,62.11952430406656,0.0,0.0,0.0,0.0,1.0
80.80721234562411,62.11952430406656,0.0,0.0,0.0,0.0,1.0
82.9937246448916,62.11952430406656,0.0,0.0,0.0,0.0,1.0
85.1802369441591,62.11952430406656,0.0,0.0,0.0,0.0,1.0
87.3667492434266,62.11952430406656,0.0,0.0,0.0,0.0,1.0
89.55326154269409,62.11952430406656,0.0,0.0,0.0,0.0,1.0
91.7397738419616,62.11952430406656,0.0,0.0,0.0,0.0,1.0
93.92628614122908,62.11952430406656,0.0,0.0,0.0,0.0,1.0
28.330917163204127,62.73966451538891,0.0,0.0,0.0,0.0,1.0
30.517429462471625,62.73966451538891,0.0,0.0,0.0,0.0,1.0
32.703941761739124,62.73966451538891,0.0,0.0,0.0,0.0,1.0
34.89045406100662,62.73966451538891,0.0,0.0,0.0,0.0,1.0
37.07696636027412,62.73966451538891,0.0,0.0,0.0,0.0,1.0
39.26347865954162,62.73966451538891,0.0,0.0,0.0,0.0,1.0
41.449990958809124,62.73966451538891,0.0,0.0,0.0,0.0,1.0
43.636503258076615,62.73966451538891,0.0,0.0,0.0,0.0,1.0
45.82301555734412,62.73966451538891,0.0,0.0,0.0,0.0,1.0
48.00952785661162,62.73966451538891,0.0,0.0,0.0,0.0,1.0
50.19604015587912,62.73966451538891,0.0,0.0,0.0,0.0,1.0
52.382552455146616,62.73966451538891,0.0,0.0,0.0,0.0,1.0
54.569064754414114,62.73966451538891,0.0,0.0,0.0,0.0,1.0
56.75557705368161,62.73966451538891,0.0,0.0,0.0,0.0,1.0
58.94208935294911,62.73966451538891,0.0,0.0,0.0,0.0,1.0
61.12860165221661,62.73966451538891,0.0,0.0,0.0,0.0,1.0
63.315113951484115,62.73966451538891,0.0,0.0,0.0,0.0,1.0
65.50162625075161,62.73966451538891,0.0,0.0,0.0,0.0,1.0
67.68813855001912,62.73966451538891,0.0,0.0,0.0,0.0,1.0
69.87465084928661,62.73966451538891,0.0,0.0,0.0,0.0,1.0
72.0611631485541,62.73966451538891,0.0,0.0,0.0,0.0,1.0
74.2476754478216,62.73966451538891,0.0,0.0,0.0,0.0,1.0
76.43418774708911,62.73966451538891,0.0,0.0,0.0,0.0,1.0
78.6207000463566,62.73966451538891,0.0,0.0,0.0,0.0,1.0
80.80721234562411,62.73966451538891,0.0,0.0,0.0,0.0,1.0
82.9937246448916,62.73966451538891,0.0,0.0,0.0,0.0,1.0
85.1802369441591,62.73966451538891,0.0,0.0,0.0,0.0,1.0
87.3667492434266,62.73966451538891,0.0,0.0,0.0,0.0,1.0
89.55326154269409,62.73966451538891,0.0,0.0,0.0,0.0,1.0
91.7397738419616,62.73966451538891,0.0,0.0,0.0,0.0,1.0
93.92628614122908,62.73966451538891,0.0,0.0,0.0,0.0,1.0
28.330917163204127,63.35980472671126,0.0,0.0,0.0,0.0,1.0
30.517429462471625,63.35980472671126,0.0,0.0,0.0,0.0,1.0
32.703941761739124,63.35980472671126,0.0,0.0,0.0,0.0,1.0
34.89045406100662,63.35980472671126,0.0,0.0,0.0,0.0,1.0
37.07696636027412,63.35980472671126,0.0,0.0,0.0,0.0,1.0
39.26347865954162,63.35980472671126,0.0,0.0,0.0,0.0,1.0
41.449990958809124,63.35980472671126,0.0,0.0,0.0,0.0,1.0
43.636503258076615,63.35980472671126,0.0,0.0,0.0,0.0,1.0
45.82301555734412,63.35980472671126,0.0,0.0,0.0,0.0,1.0
48.00952785661162,63.35980472671126,0.0,0.0,0.0,0.0,1.0
50.19604015587912,63.35980472671126,0.0,0.0,0.0,0.0,1.0
52.382552455146616,63.35980472671126,0.0,0.0,0.0,0.0,1.0
54.569064754414114,63.35980472671126,0.0,0.0,0.0,0.0,1.0
56.75557705368161,63.35980472671126,0.0,0.0,0.0,0.0,1.0
58.94208935294911,63.35980472671126,0.0,0.0,0.0,0.0,1.0
61.12860165221661,63.35980472671126,0.0,0.0,0.0,0.0,1.0
63.315113951484115,63.35980472671126,0.0,0.0,0.0,0.0,1.0
65.50162625075161,63.35980472671126,0.0,0.0,0.0,0.0,1.0
67.68813855001912,63.35980472671126,0.0,0.0,0.0,0.0,1.0
69.87465084928661,63.35980472671126,0.0,0.0,0.0,0.0,1.0
72.0611631485541,63.35980472671126,0.0,0.0,0.0,0.0,1.0
74.2476754478216,63.35980472671126,0.0,0.0,0.0,0.0,1.0
76.43418774708911,63.35980472671126,0.0,0.0,0.0,0.0,1.0
78.6207000463566,63.35980472671126,0.0,0.0,0.0,0.0,1.0
80.80721234562411,63.35980472671126,0.0,0.0,0.0,0.0,1.0
82.9937246448916,63.35980472671126,0.0,0.0,0.0,0.0,1.0
85.1802369441591,63.35980472671126,0.0,0.0,0.0,0.0,1.0
87.3667492434266,63.35980472671126,0.0,0.0,0.0,0.0,1.0
89.55326154269409,63.35980472671126,0.0,0.0,0.0,0.0,1.0
91.7397738419616,63.35980472671126,0.0,0.0,0.0,0.0,1.0
93.92628614122908,63.35980472671126,0.0,0.0,0.0,0.0,1.0
28.330917163204127,63.97994493803361,0.0,0.0,0.0,0.0,1.0
30.517429462471625,63.97994493803361,0.0,0.0,0.0,0.0,1.0
32.703941761739124,63.97994493803361,0.0,0.0,0.0,0.0,1.0
34.89045406100662,63.97994493803361,0.0,0.0,0.0,0.0,1.0
37.07696636027412,63.97994493803361,0.0,0.0,0.0,0.0,1.0
39.26347865954162,63.97994493803361,0.0,0.0,0.0,0.0,1.0
41.449990958809124,63.97994493803361,0.0,0.0,0.0,0.0,1.0
43.636503258076615,63.97994493803361,0.0,0.0,0.0,0.0,1.0
45.82301555734412,63.97994493803361,0.0,0.0,0.0,0.0,1.0
48.00952785661162,63.97994493803361,0.0,0.0,0.0,0.0,1.0
50.19604015587912,63.97994493803361,0.0,0.0,0.0,0.0,1.0
52.382552455146616,63.97994493803361,0.0,0.0,0.0,0.0,1.0
54.569064754414114,63.97994493803361,0.0,0.0,0.0,0.0,1.0
56.75557705368161,63.97994493803361,0.0,0.0,0.0,0.0,1.0
58.94208935294911,63.97994493803361,0.0,0.0,0.0,0.0,1.0
61.12860165221661,63.97994493803361,0.0,0.0,0.0,0.0,1.0
63.315113951484115,63.97994493803361,0.0,0.0,0.0,0.0,1.0
65.50162625075161,63.97994493803361,0.0,0.0,0.0,0.0,1.0
67.68813855001912,63.97994493803361,0.0,0.0,0.0,0.0,1.0
69.87465084928661,63.97994493803361,0.0,0.0,0.0,0.0,1.0
72.0611631485541,63.97994493803361,0.0,0.0,0.0,0.0,1.0
74.2476754478216,63.97994493803361,0.0,0.0,0.0,0.0,1.0
76.43418774708911,63.97994493803361,0.0,0.0,0.0,0.0,1.0
78.6207000463566,63.97994493803361,0.0,0.0,0.0,0.0,1.0
80.80721234562411,63.97994493803361,0.0,0.0,0.0,0.0,1.0
82.9937246448916,63.97994493803361,0.0,0.0,0.0,0.0,1.0
85.1802369441591,63.97994493803361,0.0,0.0,0.0,0.0,1.0
87.3667492434266,63.97994493803361,0.0,0.0,0.0,0.0,1.0
89.55326154269409,63.97994493803361,0.0,0.0,0.0,0.0,1.0
91.7397738419616,63.97994493803361,0.0,0.0,0.0,0.0,1.0
93.92628614122908,63.97994493803361,0.0,0.0,0.0,0.0,1.0
28.330917163204127,64.60008514935596,0.0,0.0,0.0,0.0,1.0
30.517429462471625,64.60008514935596,0.0,0.0,0.0,0.0,1.0
32.703941761739124,64.60008514935596,0.0,0.0,0.0,0.0,1.0
34.89045406100662,64.60008514935596,0.0,0.0,0.0,0.0,1.0
37.07696636027412,64.60008514935596,0.0,0.0,0.0,0.0,1.0
39.26347865954162,64.60008514935596,0.0,0.0,0.0,0.0,1.0
41.449990958809124,64.60008514935596,0.0,0.0,0.0,0.0,1.0
43.636503258076615,64.60008514935596,0.0,0.0,0.0,0.0,1.0
45.82301555734412,64.60008514935596,0.0,0.0,0.0,0.0,1.0
48.00952785661162,64.60008514935596,0.0,0.0,0.0,0.0,1.0
50.19604015587912,64.60008514935596,0.0,0.0,0.0,0.0,1.0
52.382552455146616,64.60008514935596,0.0,0.0,0.0,0.0,1.0
54.569064754414114,64.60008514935596,0.0,0.0,0.0,0.0,1.0
56.75557705368161,64.60008514935596,0.0,0.0,0.0,0.0,1.0
58.94208935294911,64.60008514935596,0.0,0.0,0.0,0.0,1.0
61.12860165221661,64.60008514935596,0.0,0.0,0.0,0.0,1.0
63.315113951484115,64.60008514935596,0.0,0.0,0.0,0.0,1.0
65.50162625075161,64.60008514935596,0.0,0.0,0.0,0.0,1.0
67.68813855001912,64.60008514935596,0.0,0.0,0.0,0.0,1.0
69.87465084928661,64.60008514935596,0.0,0.0,0.0,0.0,1.0
72.0611631485541,64.60008514935596,0.0,0.0,0.0,0.0,1.0
74.2476754478216,64.60008514935596,0.0,0.0,0.0,0.0,1.0
76.43418774708911,64.60008514935596,0.0,0.0,0.0,0.0,1.0
78.6207000463566,64.60008514935596,0.0,0.0,0.0,0.0,1.0
80.80721234562411,64.60008514935596,0.0,0.0,0.0,0.0,1.0
82.9937246448916,64.60008514935596,0.0,0.0,0.0,0.0,1.0
85.1802369441591,64.60008514935596,0.0,0.0,0.0,0.0,1.0
87.3667492434266,64.60008514935596,0.0,0.0,0.0,0.0,1.0
89.55326154269409,64.60008514935596,0.0,0.0,0.0,0.0,1.0
91.7397738419616,64.60008514935596,0.0,0.0,0.0,0.0,1.0
93.92628614122908,64.60008514935596,0.0,0.0,0.0,0.0,1.0
28.330917163204127,65.22022536067831,0.0,0.0,0.0,0.0,1.0
30.517429462471625,65.22022536067831,0.0,0.0,0.0,0.0,1.0
32.703941761739124,65.22022536067831,0.0,0.0,0.0,0.0,1.0
34.89045406100662,65.22022536067831,0.0,0.0,0.0,0.0,1.0
37.07696636027412,65.22022536067831,0.0,0.0,0.0,0.0,1.0
39.26347865954162,65.22022536067831,0.0,0.0,0.0,0.0,1.0
41.449990958809124,65.22022536067831,0.0,0.0,0.0,0.0,1.0
43.636503258076615,65.22022536067831,0.0,0.0,0.0,0.0,1.0
45.82301555734412,65.22022536067831,0.0,0.0,0.0,0.0,1.0
48.00952785661162,65.22022536067831,0.0,0.0,0.0,0.0,1.0
50.19604015587912,65.22022536067831,0.0,0.0,0.0,0.0,1.0
52.382552455146616,65.22022536067831,0.0,0.0,0.0,0.0,1.0
54.569064754414114,65.22022536067831,0.0,0.0,0.0,0.0,1.0
56.75557705368161,65.22022536067831,0.0,0.0,0.0,0.0,1.0
58.94208935294911,65.22022536067831,0.0,0.0,0.0,0.0,1.0
61.12860165221661,65.22022536067831,0.0,0.0,0.0,0.0,1.0
63.315113951484115,65.22022536067831,0.0,0.0,0.0,0.0,1.0
65.50162625075161,65.22022536067831,0.0,0.0,0.0,0.0,1.0
67.68813855001912,65.22022536067831,0.0,0.0,0.0,0.0,1.0
69.87465084928661,65.22022536067831,0.0,0.0,0.0,0.0,1.0
72.0611631485541,65.22022536067831,0.0,0.0,0.0,0.0,1.0
74.2476754478216,65.22022536067831,0.0,0.0,0.0,0.0,1.0
76.43418774708911,65.22022536067831,0.0,0.0,0.0,0.0,1.0
78.6207000463566,65.22022536067831,0.0,0.0,0.0,0.0,1.0
80.80721234562411,65.22022536067831,0.0,0.0,0.0,0.0,1.0
82.9937246448916,65.22022536067831,0.0,0.0,0.0,0.0,1.0
85.1802369441591,65.22022536067831,0.0,0.0,0.0,0.0,1.0
87.3667492434266,65.22022536067831,0.0,0.0,0.0,0.0,1.0
89.55326154269409,65.22022536067831,0.0,0.0,0.0,0.0,1.0
91.7397738419616,65.22022536067831,0.0,0.0,0.0,0.0,1.0
93.92628614122908,65.22022536067831,0.0,0.0,0.0,0.0,1.0
28.330917163204127,65.84036557200068,0.0,0.0,0.0,0.0,1.0
30.517429462471625,65.84036557200068,0.0,0.0,0.0,0.0,1.0
32.703941761739124,65.84036557200068,0.0,0.0,0.0,0.0,1.0
34.89045406100662,65.84036557200068,0.0,0.0,0.0,0.0,1.0
37.07696636027412,65.84036557200068,0.0,0.0,0.0,0.0,1.0
39.26347865954162,65.84036557200068,0.0,0.0,0.0,0.0,1.0
41.449990958809124,65.84036557200068,0.0,0.0,0.0,0.0,1.0
43.636503258076615,65.84036557200068,0.0,0.0,0.0,0.0,1.0
45.82301555734412,65.84036557200068,0.0,0.0,0.0,0.0,1.0
48.00952785661162,65.84036557200068,0.0,0.0,0.0,0.0,1.0
50.19604015587912,65.84036557200068,0.0,0.0,0.0,0.0,1.0
52.382552455146616,65.84036557200068,0.0,0.0,0.0,0.0,1.0
54.569064754414114,65.84036557200068,0.0,0.0,0.0,0.0,1.0
56.75557705368161,65.84036557200068,0.0,0.0,0.0,0.0,1.0
58.94208935294911,65.84036557200068,0.0,0.0,0.0,0.0,1.0
61.12860165221661,65.84036557200068,0.0,0.0,0.0,0.0,1.0
63.315113951484115,65.84036557200068,0.0,0.0,0.0,0.0,1.0
65.50162625075161,65.84036557200068,0.0,0.0,0.0,0.0,1.0
67.68813855001912,65.84036557200068,0.0,0.0,0.0,0.0,1.0
69.87465084928661,65.84036557200068,0.0,0.0,0.0,0.0,1.0
72.0611631485541,65.84036557200068,0.0,0.0,0.0,0.0,1.0
74.2476754478216,65.84036557200068,0.0,0.0,0.0,0.0,1.0
76.43418774708911,65.84036557200068,0.0,0.0,0.0,0.0,1.0
78.6207000463566,65.84036557200068,0.0,0.0,0.0,0.0,1.0
80.80721234562411,65.84036557200068,0.0,0.0,0.0,0.0,1.0
82.9937246448916,65.84036557200068,0.0,0.0,0.0,0.0,1.0
85.1802369441591,65.84036557200068,0.0,0.0,0.0,0.0,1.0
87.3667492434266,65.84036557200068,0.0,0.0,0.0,0.0,1.0
89.55326154269409,65.84036557200068,0.0,0.0,0.0,0.0,1.0
91.7397738419616,65.84036557200068,0.0,0.0,0.0,0.0,1.0
93.92628614122908,65.84036557200068,0.0,0.0,0.0,0.0,1.0
28.330917163204127,66.46050578332301,0.0,0.0,0.0,0.0,1.0
30.517429462471625,66.46050578332301,0.0,0.0,0.0,0.0,1.0
32.703941761739124,66.46050578332301,0.0,0.0,0.0,0.0,1.0
34.89045406100662,66.46050578332301,0.0,0.0,0.0,0.0,1.0
37.07696636027412,66.46050578332301,0.0,0.0,0.0,0.0,1.0
39.26347865954162,66.46050578332301,0.0,0.0,0.0,0.0,1.0
41.449990958809124,66.46050578332301,0.0,0.0,0.0,0.0,1.0
43.636503258076615,66.46050578332301,0.0,0.0,0.0,0.0,1.0
45.82301555734412,66.46050578332301,0.0,0.0,0.0,0.0,1.0
48.00952785661162,66.46050578332301,0.0,0.0,0.0,0.0,1.0
50.19604015587912,66.46050578332301,0.0,0.0,0.0,0.0,1.0
52.382552455146616,66.46050578332301,0.0,0.0,0.0,0.0,1.0
54.569064754414114,66.46050578332301,0.0,0.0,0.0,0.0,1.0
56.75557705368161,66.46050578332301,0.0,0.0,0.0,0.0,1.0
58.94208935294911,66.46050578332301,0.0,0.0,0.0,0.0,1.0
61.12860165221661,66.46050578332301,0.0,0.0,0.0,0.0,1.0
63.315113951484115,66.46050578332301,0.0,0.0,0.0,0.0,1.0
65.50162625075161,66.46050578332301,0.0,0.0,0.0,0.0,1.0
67.68813855001912,66.46050578332301,0.0,0.0,0.0,0.0,1.0
69.87465084928661,66.46050578332301,0.0,0.0,0.0,0.0,1.0
72.0611631485541,66.46050578332301,0.0,0.0,0.0,0.0,1.0
74.2476754478216,66.46050578332301,0.0,0.0,0.0,0.0,1.0
76.43418774708911,66.46050578332301,0.0,0.0,0.0,0.0,1.0
78.6207000463566,66.46050578332301,0.0,0.0,0.0,0.0,1.0
80.80721234562411,66.46050578332301,0.0,0.0,0.0,0.0,1.0
82.9937246448916,66.46050578332301,0.0,0.0,0.0,0.0,1.0
85.1802369441591,66.46050578332301,0.0,0.0,0.0,0.0,1.0
87.3667492434266,66.46050578332301,0.0,0.0,0.0,0.0,1.0
89.55326154269409,66.46050578332301,0.0,0.0,0.0,0.0,1.0
91.7397738419616,66.46050578332301,0.0,0.0,0.0,0.0,1.0
93.92628614122908,66.46050578332301,0.0,0.0,0.0,0.0,1.0
28.330917163204127,67.08064599464538,0.0,0.0,0.0,0.0,1.0
30.517429462471625,67.08064599464538,0.0,0.0,0.0,0.0,1.0
32.703941761739124,67.08064599464538,0.0,0.0,0.0,0.0,1.0
34.89045406100662,67.08064599464538,0.0,0.0,0.0,0.0,1.0
37.07696636027412,67.08064599464538,0.0,0.0,0.0,0.0,1.0
39.26347865954162,67.08064599464538,0.0,0.0,0.0,0.0,1.0
41.449990958809124,67.08064599464538,0.0,0.0,0.0,0.0,1.0
43.636503258076615,67.08064599464538,0.0,0.0,0.0,0.0,1.0
45.82301555734412,67.08064599464538,0.0,0.0,0.0,0.0,1.0
48.00952785661162,67.08064599464538,0.0,0.0,0.0,0.0,1.0
50.19604015587912,67.08064599464538,0.0,0.0,0.0,0.0,1.0
52.382552455146616,67.08064599464538,0.0,0.0,0.0,0.0,1.0
54.569064754414114,67.08064599464538,0.0,0.0,0.0,0.0,1.0
56.75557705368161,67.08064599464538,0.0,0.0,0.0,0.0,1.0
58.94208935294911,67.08064599464538,0.0,0.0,0.0,0.0,1.0
61.12860165221661,67.08064599464538,0.0,0.0,0.0,0.0,1.0
63.315113951484115,67.08064599464538,0.0,0.0,0.0,0.0,1.0
65.50162625075161,67.08064599464538,0.0,0.0,0.0,0.0,1.0
67.68813855001912,67.08064599464538,0.0,0.0,0.0,0.0,1.0
69.87465084928661,67.08064599464538,0.0,0.0,0.0,0.0,1.0
72.0611631485541,67.08064599464538,0.0,0.0,0.0,0.0,1.0
74.2476754478216,67.08064599464538,0.0,0.0,0.0,0.0,1.0
76.43418774708911,67.08064599464538,0.0,0.0,0.0,0.0,1.0
78.6207000463566,67.08064599464538,0.0,0.0,0.0,0.0,1.0
80.80721234562411,67.08064599464538,0.0,0.0,0.0,0.0,1.0
82.9937246448916,67.08064599464538,0.0,0.0,0.0,0.0,1.0
85.1802369441591,67.08064599464538,0.0,0.0,0.0,0.0,1.0
87.3667492434266,67.08064599464538,0.0,0.0,0.0,0.0,1.0
89.55326154269409,67.08064599464538,0.0,0.0,0.0,0.0,1.0
91.7397738419616,67.08064599464538,0.0,0.0,0.0,0.0,1.0
93.92628614122908,67.08064599464538,0.0,0.0,0.0,0.0,1.0
28.330917163204127,67.70078620596773,0.0,0.0,0.0,0.0,1.0
30.517429462471625,67.70078620596773,0.0,0.0,0.0,0.0,1.0
32.703941761739124,67.70078620596773,0.0,0.0,0.0,0.0,1.0
34.89045406100662,67.70078620596773,0.0,0.0,0.0,0.0,1.0
37.07696636027412,67.70078620596773,0.0,0.0,0.0,0.0,1.0
39.26347865954162,67.70078620596773,0.0,0.0,0.0,0.0,1.0
41.449990958809124,67.70078620596773,0.0,0.0,0.0,0.0,1.0
43.636503258076615,67.70078620596773,0.0,0.0,0.0,0.0,1.0
45.82301555734412,67.70078620596773,0.0,0.0,0.0,0.0,1.0
48.00952785661162,67.70078620596773,0.0,0.0,0.0,0.0,1.0
50.19604015587912,67.70078620596773,0.0,0.0,0.0,0.0,1.0
52.382552455146616,67.70078620596773,0.0,0.0,0.0,0.0,1.0
54.569064754414114,67.70078620596773,0.0,0.0,0.0,0.0,1.0
56.75557705368161,67.70078620596773,0.0,0.0,0.0,0.0,1.0
58.94208935294911,67.70078620596773,0.0,0.0,0.0,0.0,1.0
61.12860165221661,67.70078620596773,0.0,0.0,0.0,0.0,1.0
63.315113951484115,67.70078620596773,0.0,0.0,0.0,0.0,1.0
65.50162625075161,67.70078620596773,0.0,0.0,0.0,0.0,1.0
67.68813855001912,67.70078620596773,0.0,0.0,0.0,0.0,1.0
69.87465084928661,67.70078620596773,0.0,0.0,0.0,0.0,1.0
72.0611631485541,67.70078620596773,0.0,0.0,0.0,0.0,1.0
74.2476754478216,67.70078620596773,0.0,0.0,0.0,0.0,1.0
76.43418774708911,67.70078620596773,0.0,0.0,0.0,0.0,1.0
78.6207000463566,67.70078620596773,0.0,0.0,0.0,0.0,1.0
80.80721234562411,67.70078620596773,0.0,0.0,0.0,0.0,1.0
82.9937246448916,67.70078620596773,0.0,0.0,0.0,0.0,1.0
85.1802369441591,67.70078620596773,0.0,0.0,0.0,0.0,1.0
87.3667492434266,67.70078620596773,0.0,0.0,0.0,0.0,1.0
89.55326154269409,67.70078620596773,0.0,0.0,0.0,0.0,1.0
91.7397738419616,67.70078620596773,0.0,0.0,0.0,0.0,1.0
93.92628614122908,67.70078620596773,0.0,0.0,0.0,0.0,1.0
28.330917163204127,68.32092641729008,0.0,0.0,0.0,0.0,1.0
30.517429462471625,68.32092641729008,0.0,0.0,0.0,0.0,1.0
32.703941761739124,68.32092641729008,0.0,0.0,0.0,0.0,1.0
34.89045406100662,68.32092641729008,0.0,0.0,0.0,0.0,1.0
37.07696636027412,68.32092641729008,0.0,0.0,0.0,0.0,1.0
39.26347865954162,68.32092641729008,0.0,0.0,0.0,0.0,1.0
41.449990958809124,68.32092641729008,0.0,0.0,0.0,0.0,1.0
43.636503258076615,68.32092641729008,0.0,0.0,0.0,0.0,1.0
45.82301555734412,68.32092641729008,0.0,0.0,0.0,0.0,1.0
48.00952785661162,68.32092641729008,0.0,0.0,0.0,0.0,1.0
50.19604015587912,68.32092641729008,0.0,0.0,0.0,0.0,1.0
52.382552455146616,68.32092641729008,0.0,0.0,0.0,0.0,1.0
54.569064754414114,68.32092641729008,0.0,0.0,0.0,0.0,1.0
56.75557705368161,68.32092641729008,0.0,0.0,0.0,0.0,1.0
58.94208935294911,68.32092641729008,0.0,0.0,0.0,0.0,1.0
61.12860165221661,68.32092641729008,0.0,0.0,0.0,0.0,1.0
63.315113951484115,68.32092641729008,0.0,0.0,0.0,0.0,1.0
65.50162625075161,68.32092641729008,0.0,0.0,0.0,0.0,1.0
67.68813855001912,68.32092641729008,0.0,0.0,0.0,0.0,1.0
69.87465084928661,68.32092641729008,0.0,0.0,0.0,0.0,1.0
72.0611631485541,68.32092641729008,0.0,0.0,0.0,0.0,1.0
74.2476754478216,68.32092641729008,0.0,0.0,0.0,0.0,1.0
76.43418774708911,68.32092641729008,0.0,0.0,0.0,0.0,1.0
78.6207000463566,68.32092641729008,0.0,0.0,0.0,0.0,1.0
80.80721234562411,68.32092641729008,0.0,0.0,0.0,0.0,1.0
82.9937246448916,68.32092641729008,0.0,0.0,0.0,0.0,1.0
85.1802369441591,68.32092641729008,0.0,0.0,0.0,0.0,1.0
87.3667492434266,68.32092641729008,0.0,0.0,0.0,0.0,1.0
89.55326154269409,68.32092641729008,0.0,0.0,0.0,0.0,1.0
91.7397738419616,68.32092641729008,0.0,0.0,0.0,0.0,1.0
93.92628614122908,68.32092641729008,0.0,0.0,0.0,0.0,1.0
28.330917163204127,68.94106662861243,0.0,0.0,0.0,0.0,1.0
30.517429462471625,68.94106662861243,0.0,0.0,0.0,0.0,1.0
32.703941761739124,68.94106662861243,0.0,0.0,0.0,0.0,1.0
34.89045406100662,68.94106662861243,0.0,0.0,0.0,0.0,1.0
37.07696636027412,68.94106662861243,0.0,0.0,0.0,0.0,1.0
39.26347865954162,68.94106662861243,0.0,0.0,0.0,0.0,1.0
41.449990958809124,68.94106662861243,0.0,0.0,0.0,0.0,1.0
43.636503258076615,68.94106662861243,0.0,0.0,0.0,0.0,1.0
45.82301555734412,68.94106662861243,0.0,0.0,0.0,0.0,1.0
48.00952785661162,68.94106662861243,0.0,0.0,0.0,0.0,1.0
50.19604015587912,68.94106662861243,0.0,0.0,0.0,0.0,1.0
52.382552455146616,68.94106662861243,0.0,0.0,0.0,0.0,1.0
54.569064754414114,68.94106662861243,0.0,0.0,0.0,0.0,1.0
56.75557705368161,68.94106662861243,0.0,0.0,0.0,0.0,1.0
58.94208935294911,68.94106662861243,0.0,0.0,0.0,0.0,1.0
61.12860165221661,68.94106662861243,0.0,0.0,0.0,0.0,1.0
63.315113951484115,68.94106662861243,0.0,0.0,0.0,0.0,1.0
65.50162625075161,68.94106662861243,0.0,0.0,0.0,0.0,1.0
67.68813855001912,68.94106662861243,0.0,0.0,0.0,0.0,1.0
69.87465084928661,68.94106662861243,0.0,0.0,0.0,0.0,1.0
72.0611631485541,68.94106662861243,0.0,0.0,0.0,0.0,1.0
74.2476754478216,68.94106662861243,0.0,0.0,0.0,0.0,1.0
76.43418774708911,68.94106662861243,0.0,0.0,0.0,0.0,1.0
78.6207000463566,68.94106662861243,0.0,0.0,0.0,0.0,1.0
80.80721234562411,68.94106662861243,0.0,0.0,0.0,0.0,1.0
82.9937246448916,68.94106662861243,0.0,0.0,0.0,0.0,1.0
85.1802369441591,68.94106662861243,0.0,0.0,0.0,0.0,1.0
87.3667492434266,68.94106662861243,0.0,0.0,0.0,0.0,1.0
89.55326154269409,68.94106662861243,0.0,0.0,0.0,0.0,1.0
91.7397738419616,68.94106662861243,0.0,0.0,0.0,0.0,1.0
93.92628614122908,68.94106662861243,0.0,0.0,0.0,0.0,1.0
