candidate,safety_passed,economic_improvement_pct,worst_gain_pct,boundary_fraction,X2_IAE_ratio,P2_IAE_ratio,X2_ISE_ratio,P2_ISE_ratio,P100_TV_ratio,F200_TV_ratio,g_x2,g_p2,g_tv_p100,g_tv_f200,g_boundary,joint_candidate
0,True,0.0,0.0,0.0,1.0,1.0,1.0,1.0,1.0,1.0,-0.10000000000000009,-0.10000000000000009,-0.004792867971654752,-0.0012028057462426123,0.0,False
1,True,-0.052477540343719355,-0.05306556217655186,0.0,1.2322295334055202,1.066803273673603,1.472121586771287,1.121273646270243,0.9427010754439307,1.016608435682505,0.1983657058986572,0.000536400910255086,-0.007442175537606029,-0.0007294689482703377,0.0,False
2,True,-0.05828096866731505,-0.059768647000842785,0.0,1.2522537342475495,0.9573591895993022,1.4958377282146478,0.9524560212041558,0.9403488515905645,1.5218169845956118,0.20975457522039465,-0.11504086275922609,-0.00764321005228473,0.0055636375850301395,0.0,False
3,True,-0.0012146409561045706,-0.0016273178072960912,0.0,0.9962890566730752,1.0040123454643803,0.993324600753029,1.0072961005564849,1.0008139339691042,1.0033075446812627,-0.10040766293524661,-0.09460519580454396,-0.0046124192155848395,-0.001152680305527745,0.0,False
4,True,-0.0015638000972079784,-0.0020202026090858885,0.0,0.9957304741184365,1.0017913603536144,0.9895199316751307,1.0039741760426126,0.9983573359182737,1.0040555074562219,-0.10139578895356982,-0.09586791415386409,-0.004893843276635519,-0.0011338245441284817,0.0,False
5,True,-0.04185333937306177,-0.04470079503094479,0.0,1.1677875042403356,0.8748110839288161,1.3019416583861325,0.8477340740032743,1.0354972971976784,1.690297772339865,0.11119963347407302,-0.15718560632745981,-0.0026535185814792438,0.00846446346174348,0.0,False
6,True,-0.0015470993858122662,-0.001868005697260545,0.0,1.0013711831470413,1.0024510724894071,1.0017323969215717,1.0040763083133832,0.9969205292438227,0.9997919537422014,-0.09458386059409474,-0.09578941543962749,-0.004956283776058609,-0.0010914358217981343,0.0,False
7,True,-0.0009314882954599975,-0.000999084062786717,0.0,0.9989896154034051,1.0014769613922152,1.0021260065353796,1.0013914884609536,0.9957229192154076,1.002554496289458,-0.08622237474750993,-0.09573725857407323,-0.0050910759126078856,-0.001121782502575454,0.0,False
8,True,-0.0021357637128499307,-0.0027404610310405144,0.0,0.9954992389063575,1.0039439042562233,0.9916384704595963,1.006845721908974,0.9980300538467347,1.000343579643115,-0.09873100623039566,-0.09353297409526551,-0.004949921170676615,-0.0011533894779296697,0.0,False
9,True,-0.0012996677573219426,-0.0015414601015898224,0.0,0.9969060444007324,1.0014065919148676,0.9978332305461507,1.0025685525322239,1.0018047430301336,1.002647840833026,-0.0917581437933499,-0.09704219539327297,-0.0047798904626182945,-0.0010832592937373852,0.0,False
10,True,-0.0017424708262700022,-0.0019590985914125793,0.0,0.9971573127536448,1.0044772786056415,0.9940798113931187,1.0077306296711936,0.998963779739355,0.9995322200318951,-0.10219032795926697,-0.09470979228652965,-0.004903767247889803,-0.0011494916580949669,0.0,False
11,True,-0.011199850479076782,-0.011427897371429192,0.0,0.9882884081719379,0.9976579549051418,0.9777722762302483,0.9990616151256747,0.9909557499945137,0.9981849236567655,-0.09437894817076642,-0.09689983943909808,-0.005220408666391545,-0.001076497984014944,0.0,False
12,True,-0.001904327884740597,-0.002337551133706361,0.0,0.9888273097796093,1.004254212781815,0.9779375611565754,1.0071952814296445,0.9997900800814558,1.0054479415203825,-0.10900575898656428,-0.0936069393984853,-0.004764190334519367,-0.0009918559972057076,0.0,False
13,True,-0.0028577867360627418,-0.0033830311954576547,0.0,0.9875669617718431,1.0034575690201544,0.9775971773421356,1.0064411997859573,0.9982312755139606,1.0125346470011176,-0.10604617093418778,-0.09313173637650407,-0.004833761566835544,-0.0009524500750923876,0.0,False
14,True,-0.0071270508483266826,-0.007676470927280535,0.0,0.9926977804244782,0.9964660513546497,0.9886800332516401,0.995625182354615,0.9905221181926005,0.9998705877866904,-0.08678787532314058,-0.09959155169824885,-0.0051925468955810825,-0.0012229367526673989,0.0,False
16,True,-0.004053450470228982,-0.004561768547364812,0.0,0.9867957326648423,1.0078403504789128,0.9728635152600944,1.0150433819507205,0.9976554764299808,1.0292841679613347,-0.1069221215455669,-0.08666584905931085,-0.004877856995094016,-0.0007067268813194093,0.0,False
17,True,-0.005054964595471206,-0.005651462211611681,0.0,0.9941704996971957,1.0110798770191902,0.9870098337803039,1.0187452332603126,1.0004169517963062,0.9968558225397284,-0.10170454424619813,-0.08385817191531508,-0.004778307050480473,-0.0010633446217454883,0.0,False
18,True,-0.00840822164784544,-0.008738660761153042,0.0,0.9877159672102525,1.0047349904571965,0.9765545647987112,1.0115289935875156,0.9938131075471855,0.9967751647325894,-0.10083879122680817,-0.09110298205106626,-0.005091426787932338,-0.0010845337683060465,0.0,False
19,True,-0.003527596612358745,-0.0038689179961801596,0.0,0.9999768198257045,1.0034784285762386,0.9984817583596141,1.0060865559488834,0.9954275978146985,1.0111297298664,-0.09271127398035084,-0.09430922184088164,-0.004958624245379569,-0.0010212656425573926,0.0,False
20,True,-0.04179010841506376,-0.045861800918454924,0.0,1.1667114291610652,0.881046955319139,1.297844903361682,0.8555459528582681,1.0325052493810671,1.658638574149405,0.11491693638657985,-0.15482405963860435,-0.002516978748845974,0.007985025279187256,0.0,False
21,True,-0.05897818949203867,-0.061315215224001504,0.0,1.2610488877898396,0.9633980864656365,1.5167222791631858,0.960847808138619,0.9379297581158291,1.4969273139755817,0.23264223459681221,-0.1113218482153926,-0.007670915328927249,0.005081359875345338,0.0,False
22,True,-0.055098889848535317,-0.05706233106103067,0.0,1.2483279748772533,0.9587650268849082,1.4880589506391821,0.9540559381295249,0.9422219138094104,1.5180432260433845,0.2060405116671029,-0.1149237857800548,-0.007348714738512091,0.005559928165068224,0.0,False
23,True,-0.08277369513393214,-0.08543289599204398,0.0,1.7102678059034915,1.196381143942711,2.606131425855898,1.3705419624440494,0.9016088425807891,0.9664143960349384,0.6804867269071315,0.20436994577259537,-0.009473998290005484,-0.0014136983313260136,0.0,False
24,True,-0.0335554279460215,-0.03680990428370759,0.0,1.0786529724698317,0.9249114046008521,1.1382372647284076,0.9051643852279629,0.9803460073518512,1.3469223471027874,0.017630135560193994,-0.14128876134606438,-0.0058792892684227695,0.0033570746300149662,0.0,False
25,True,-0.0036799710126473174,-0.003905481918949502,0.0,0.9833295335992595,1.0098537014134301,0.9680147723674194,1.0167757583792916,0.9969385127739644,1.0052969164611076,-0.10582400193269104,-0.08737979835170928,-0.004849234678084582,-0.0009853770265117927,0.0,False
26,True,-0.003394510221541623,-0.0038221423445586678,0.0,0.9960029886815294,1.008569373295203,0.9899804135460042,1.0138466263978625,0.9966132286912006,0.9960747818871596,-0.09524583443953505,-0.09064989326774064,-0.004917190953552246,-0.0011147184419565588,0.0,False
27,True,-0.0043228585351341945,-0.0050900962316111804,0.0,0.9875208567101114,1.0095825743769724,0.9730816139473942,1.0176522443379736,0.9954166046385996,1.0303922918107222,-0.10460870296453229,-0.08461364661569415,-0.004961487441210764,-0.0006751733449862636,0.0,False
29,True,-0.04176345860019771,-0.045946231298845674,0.0,1.1685575341144478,0.8841109015568916,1.3023903716635707,0.8572399606805483,1.0323934130580028,1.6440176679508858,0.11915588177427106,-0.15462339722519913,-0.0027169616324824353,0.007553452487251159,0.0,False
30,True,-0.08169731393045987,-0.08468509476453538,0.0,1.6920334205454053,1.1946740425103932,2.559235436798137,1.3674125475091925,0.9035681017448144,0.9704792717188119,0.6559608492261697,0.2001515285902502,-0.009358836383248685,-0.0013098174810703158,0.0,False
32,True,-0.0020751159425292723,-0.002415108371259237,0.0,0.9951030926664167,1.0065449164086284,0.9982319022802534,1.0087878137208486,0.9955966482483071,1.0176540490390036,-0.07878447233178965,-0.08839758733805358,-0.005058970724523603,-0.0008877320477488423,0.0,False
33,True,-0.033857257727325445,-0.0368233763060242,0.0,1.0792599839558843,0.9242611178369442,1.142877916555206,0.9040861105113676,0.9804695421743421,1.3606861699205093,0.019969734044274157,-0.1421206005769422,-0.005759950743906375,0.003546519274898574,0.0,False
34,True,-0.008826649625194001,-0.00933821573993867,0.0,0.9881144558353189,1.0591928226973242,0.9799770143640982,1.104090846034378,0.9817198000506929,1.0041151555540364,-0.09248095767861741,-0.007795652940673747,-0.00574772633878015,-0.0011501646201672788,0.0,False
36,True,-0.004617109826348657,-0.004746032662672096,0.0,0.9987352216680633,1.003706459155906,0.9936290543273752,1.0069310152725905,0.9930649712594802,1.0140416596935902,-0.10060603515554944,-0.09537887072883589,-0.005044173898776735,-0.0010187813215779464,0.0,False
37,True,-0.07240920952470785,-0.07382551794951434,0.0,1.4154544153905972,0.9788056099150148,1.8642085130479007,0.9865694435976282,0.9196642228252486,1.5919348415773962,0.39041434503667616,-0.0907918313518612,-0.008864435250225781,0.006413126706393482,0.0,False
39,True,-0.010856307985391098,-0.01128620993686028,0.0,0.9891958867605682,0.9990419636921753,0.9799228768342382,1.0009581618368013,0.9903708944852028,1.006248591447537,-0.09735663802618832,-0.09509398819054571,-0.005252807546397643,-0.0008720909308872322,0.0,False
41,True,-0.05228349195562132,-0.05326876024772075,0.0,1.233133291174431,1.0676203290760535,1.4757304673052734,1.1225624546350734,0.9434878359157789,1.0261418178852055,0.19557869420718754,0.0013472840888888449,-0.0073363132289460025,-0.0006143497755801059,0.0,False
42,True,-0.001897447600805199,-0.0021784034452348843,0.0,0.993104665504176,1.0055494861110592,0.9864720847242716,1.0091456241018257,0.9946673086903545,1.0058619098402675,-0.10069519595968912,-0.0924472730247421,-0.005010299936400738,-0.001140167812766341,0.0,False
43,True,-0.06408226397374915,-0.06642588489309907,0.0,1.3113007275998363,0.9675950890831357,1.6282158388336458,0.9677754354873779,0.9314613126335191,1.5393939265759717,0.28933570821560584,-0.10594814438749234,-0.008203023019749036,0.005627004798311726,0.0,False
44,True,-0.046884219516160806,-0.048195775257018944,0.0,1.147818202282375,0.9780533584972345,1.2860327004906014,0.9771253767682332,0.9468649986357267,1.281006484178106,0.10577636429274229,-0.10198136984943795,-0.007493754757954534,0.0023784762828159816,0.0,False
46,True,-0.008338637316173559,-0.008558890490223715,0.0,0.9915578209413235,0.9971180264065449,0.9854225219315271,0.9965317352476873,0.9904199156793538,1.0091548372316428,-0.09031981669426448,-0.09730990499640302,-0.005211640370303025,-0.0010562417047242868,0.0,False
47,True,-0.06897159459081746,-0.07012627017757017,0.0,1.3949311159797853,1.0214961288412183,1.8309727521819628,1.0479193713234234,0.9287461052145488,1.3471959072879722,0.3587617183658254,-0.05082798160745505,-0.008223614227932524,0.003398626973553625,0.0,False
48,True,-0.03378863474666609,-0.037019822599597726,0.0,1.0836765667164847,0.923015354952482,1.1497746003106812,0.9022664016318375,0.9812435297016159,1.3450005616386826,0.02234942306060539,-0.1425640305655833,-0.0058328500724448215,0.0032071160574066457,0.0,False
50,True,-0.0028878980970407342,-0.0031525637215281646,0.0,0.9873148103522196,1.0055098310858124,0.9774415887841391,1.0093905705981738,0.9933622769434435,1.0076995055551148,-0.10178501188914191,-0.09045526196428333,-0.004920331448809233,-0.0010572011833290403,0.0,False
51,True,-0.0029134497215505557,-0.0032129383483394543,0.0,0.9876214444283878,1.0089394367420075,0.9770229416979359,1.0146706463124058,0.9925190431090193,1.0094902799629326,-0.10099922118996107,-0.08851768877031829,-0.004978042344086728,-0.001017899178893557,0.0,False
52,True,-0.06550237909517927,-0.06560867721733234,0.0,1.3447865689419227,1.0069195611510888,1.714636033837153,1.023804978252606,0.930320899807828,1.3661775349000305,0.31665895063587723,-0.06731138775827983,-0.008191662669202187,0.003542948259739948,0.0,False
53,True,-0.009308977185055115,-0.010075048905314325,0.0,0.987414226440885,1.061060643085942,0.9804498023205072,1.1075810146029015,0.9805282611626897,1.001972732341046,-0.09194481471172677,-0.005409060534876664,-0.00578137164933882,-0.0011873485473828,0.0,False
54,True,-0.08097524853947287,-0.08318279641835934,0.0,1.69772037843052,1.1957343166522099,2.574971684130791,1.3679103133956874,0.9030167291760015,0.9732326616187167,0.6670610204914011,0.20422870970762652,-0.009418328367589664,-0.0012805332405993216,0.0,False
55,True,-0.018704634530612208,-0.0197541472039512,0.0,1.0227631285558416,1.1362135428034252,1.0441459849472583,1.248433107853203,0.9649350982969911,1.0351945511568659,-0.03749506291347093,0.11502559956911451,-0.006496654481382468,-0.00043751083259280373,0.0,False
56,True,-0.009235471180323536,-0.009535118298283823,0.0,0.9885145294867126,1.0500956023047212,0.9798408841546934,1.0871578429168753,0.9861566056219931,0.9998548559093301,-0.09166800220945759,-0.0197244617865604,-0.00551548584692242,-0.0011739674927472331,0.0,False
61,True,-0.018531322816250768,-0.0190206857137384,0.0,0.9955969059756989,0.9891544782044496,0.993978410984253,0.9865617162821404,0.9818556730638567,1.0166134797671322,-0.08015525959739533,-0.09938294635726108,-0.005756618740878528,-0.0007625124363418252,0.0,False
62,True,-0.05511653264473773,-0.05572894955442374,0.0,1.2485467166946325,1.0764418703731458,1.5076394248953842,1.137847226245612,0.9417940316850837,1.00710598848257,0.2161954451082182,0.015830571593476783,-0.0075355476696968935,-0.0007714853283741197,0.0,False
63,True,-0.06983821712662304,-0.07074868252685154,0.0,1.409846578033002,1.0247167797777503,1.8643099090470532,1.0535816262135105,0.9278059893115604,1.3514882531300831,0.37943688886347604,-0.04850102133057721,-0.00826154330187645,0.0034328881464778527,0.0,False
67,True,-0.057789621517222965,-0.05981115582263459,0.0,1.259161622121171,0.9580004781335228,1.5107865336097437,0.9542339653124565,0.9444009081547184,1.5351208744869282,0.21700350612213848,-0.11547135881792958,-0.007481925605759292,0.005790621980838002,0.0,False
68,True,-0.00471505901300412,-0.005305930782584935,0.0,0.9853477359978374,1.016211571555963,0.9699307085727243,1.0265011965063167,0.9910099929421231,1.021032006498847,-0.09320435530252968,-0.07803593645587537,-0.004977424571060872,-0.0007642422758559579,0.0,False
69,True,-0.008295177424028813,-0.008722776262089248,0.0,0.9836596832399817,1.006474273842117,0.9670877757103321,1.0125149717513608,0.9893489665206309,1.003066400838326,-0.0999494473346576,-0.09244924087352957,-0.005292039455012733,-0.0010652598040473205,0.0,False
70,True,-0.0037007038016816985,-0.004292264644157776,0.0,0.9862017569206589,1.0106594869678622,0.9749758424665612,1.0180347442400042,0.993475423589462,1.0103039707526562,-0.10317221830603684,-0.08323842493487565,-0.005025696760554588,-0.001060115513465949,0.0,False
71,True,0.011469199340573152,0.010552629617819503,0.0,1.0809846610725242,0.9391556341163009,1.1738526788815222,0.9121803736062409,0.968528753660355,0.9581865543086056,0.030010860286748375,-0.1222216461428135,-0.006440708418443428,-0.0016490245543180379,0.0,False
72,True,-0.040442953550080436,-0.04489279809565882,0.0,1.1439567384899172,0.8891783456224577,1.2579534074046208,0.865478243173102,1.0131720750060023,1.5887370858795922,0.09058501361673721,-0.15672585319790144,-0.0033699860010564164,0.007384989980100014,0.0,False
73,True,-0.07592062510957277,-0.07752391857735838,0.0,1.458504633131042,0.9790006127069013,1.9643519591567884,0.9880537688560157,0.9161374960234312,1.6317666508964006,0.4373576091456677,-0.09063205367957639,-0.009052100343327752,0.007000681309545694,0.0,False
75,True,-0.08209500957425195,-0.08482815068192495,0.0,1.6945100312931898,1.194785421358625,2.566921059522724,1.367720254176028,0.9032278886839338,0.9783967294201457,0.6668264264642814,0.20160385277774262,-0.009421809984344422,-0.0011453498986200867,0.0,False
76,True,0.011117828670260703,0.009485696477047676,0.0,1.0787364443974885,0.9446636329299203,1.1691755379198938,0.9191888349386138,0.9724573473816704,0.9727128476504707,0.024753697754387405,-0.11741167328336988,-0.006136158839763466,-0.00148080948540684,0.0,False
77,True,-0.0632784956575596,-0.06391059880250848,0.0,1.3176991310846378,0.9984078406112268,1.6505857174635794,1.0117930863309494,0.9304309543260353,1.3937058601969976,0.2906226561752332,-0.07838448664092557,-0.008209563909069201,0.0038019340648479004,0.0,False
79,True,-0.0027839878125789385,-0.0028313557997889467,0.0,0.9939701849754391,0.9993470784378649,0.9883351385917845,0.9994121124805155,0.9968736286355186,0.9936679473843513,-0.10048518327564793,-0.09931143542166243,-0.004949401778945978,-0.0012564147517288935,0.0,False
80,True,-0.002359985098970495,-0.0032411291089469666,0.0,0.9907836081727228,1.0088316058641504,0.9835326914856591,1.0147605876424077,0.9972421360755536,1.0056278925917947,-0.09784147543837918,-0.08793021869484852,-0.004887575023981168,-0.0010834606839975182,0.0,False
81,True,-0.003401492661505787,-0.003654945814927106,0.0,0.992027012183232,1.0107827420774298,0.9869206415921622,1.0202541063334707,0.9903849801838635,1.0162810634887696,-0.09894898849639522,-0.08735898904661754,-0.005319083458222667,-0.0009845701535984882,0.0,False
82,True,-0.038045390204325714,-0.0385106533437667,0.0,1.0970592629780405,1.0543061709260722,1.194897060385055,1.0977900957742739,0.9580830901570015,0.9808606238429007,0.054700902181640254,-0.01576362944648002,-0.006797561783515713,-0.0011880983655034487,0.0,False
83,True,-0.07957316667221849,-0.08090466965576404,0.0,1.5317267163968193,1.0237442584929275,2.1510335262084084,1.0554718677331796,0.9170765398988395,1.4832497153242024,0.49815862575929915,-0.045292988006334856,-0.008715654044061622,0.005043271265565599,0.0,False
84,True,-0.032597711283446684,-0.03781745917706816,0.0,1.110814597875826,0.893932347994116,1.203005141230687,0.8670280956979527,1.0160451498748786,1.4035640542751795,0.06761919965623941,-0.15287259769423556,-0.003612311796598014,0.004499641369112864,0.0,False
85,True,-0.011486836633239088,-0.012279111782575295,0.0,0.9966404279495843,1.0874443672566556,0.9965531352144009,1.156467014029656,0.9772630547707654,1.0121626024511867,-0.07342606082735625,0.03532071618088084,-0.005930139854059425,-0.0009296733015737599,0.0,False
86,True,-0.05175731595255653,-0.05296857401621209,0.0,1.191500023857638,0.9750456869165488,1.373878718426799,0.9749912100231214,0.9410640987351525,1.3697633258254565,0.15472943701790887,-0.10329315954175355,-0.007736493475627734,0.0035066518082372405,0.0,False
87,True,-0.06937592092899457,-0.07076171067538219,0.0,1.5947282698704301,1.3445757815151487,2.3112323069726672,1.6773355978857396,0.9092117188661039,0.9832294435737738,0.5677547971573795,0.4517560867159549,-0.009100153947757275,-0.00073753498483332,0.0,False
90,True,-0.06452145101524605,-0.06716041834128206,0.0,1.3130711822010388,0.9707038468533362,1.6338640055412696,0.9725239600174467,0.9307004627504708,1.5262083080910325,0.284537577704294,-0.10279232624302836,-0.008290952379581351,0.005538708666244054,0.0,False
93,True,-0.032288286475214034,-0.035087751665323234,0.0,1.1701085614200009,1.2769821059392505,1.3245203330446755,1.5321872679050108,0.9552736187805412,1.2558930432951854,0.11028678529347102,0.34418704937906597,-0.006865283544150285,0.0032064340454139558,0.0,False
94,True,-0.03629010277596167,-0.03937193636920673,0.0,1.22118739731866,1.3141119092157052,1.4279795631512133,1.6120298252817509,0.9541948870969277,1.3134740941715461,0.16400005735125744,0.40433084001340736,-0.006936582230958262,0.00424421845644445,0.0,False
95,True,-0.003877053493805242,-0.0041790276741678085,0.0,0.9904751798552239,1.0198807917031252,0.979107929132073,1.0345695481070833,0.9955379450622243,1.0049449805056982,-0.10063216141186793,-0.07178032305671289,-0.005034613699679246,-0.0010852884606779275,0.0,False
96,True,-0.004779233134860649,-0.005330533666484277,0.0,0.98659674601345,1.011089879412823,0.973508813886179,1.021662595340622,0.9930223333341698,1.0250869916513476,-0.105044264217381,-0.0787694530727221,-0.00513221921464714,-0.0007713689433503478,0.0,False
97,True,-0.00513240070483801,-0.005608450336175791,0.0,0.9923986259307173,1.0143693708356176,0.9887197926120908,1.024541287397,0.9916131291298768,0.9986119119589884,-0.0899474522252468,-0.0752356968678618,-0.005256619348498109,-0.0010874957042224314,0.0,False
101,True,-0.05506023341090791,-0.05568087150078846,0.0,1.2448514302992422,1.0698497237504583,1.4987710450775549,1.1261719818456204,0.9415554774202303,1.0186770208173108,0.21246461833483132,0.0055809675199214315,-0.007599821828666619,-0.0006930057100174263,0.0,False
103,True,-0.0029353530137106233,-0.003217906527750788,0.0,1.0020855849755075,1.00485962785346,1.005127123266557,1.008255678494394,0.995579275899129,1.0045217039900802,-0.08646013912946082,-0.08883270831370504,-0.004973573872222491,-0.0011184266824177226,0.0,False
104,True,-0.05567170857170362,-0.05734583023366285,0.0,1.2274171672299243,0.9691020454036606,1.4490732443435324,0.9680108813638976,0.9388456165818888,1.4326309348041588,0.19330270643937353,-0.10636972752384155,-0.007813219100861421,0.004301352226661099,0.0,False
105,True,-0.009105716565937403,-0.009753628892621508,0.0,0.9905355104358055,1.0274042193594068,0.9834292719916373,1.0458618909148094,0.9938745570126484,0.9939409082932883,-0.09529647971227484,-0.058016687532028044,-0.005198064223413368,-0.0011016999667066974,0.0,False
106,True,-0.05584761035648037,-0.05644468884045855,0.0,1.276463799521314,1.0774661827970844,1.568698454478571,1.1406726276502377,0.9392081997381277,1.016271598687921,0.2442832641096111,0.01763697233185435,-0.007613293111635219,-0.0007918802930086757,0.0,False
107,True,-0.06553897302188359,-0.06562439069826466,0.0,1.348741257067058,1.0076951763375448,1.7248455765963708,1.0247339030985876,0.9286940429262991,1.3733443032223995,0.32142940354377036,-0.06749670321281243,-0.008248165277650129,0.0037324717746889287,0.0,False
109,True,-0.005864450984701397,-0.006798677242659005,0.0,0.9928356635631236,1.0151298444783474,0.985550677325071,1.0269298376760911,0.9923787171761109,1.005100895562722,-0.0989869097595304,-0.08008652012065154,-0.005003240448304263,-0.0009395944082149175,0.0,False
110,True,-0.0685264683966642,-0.06976293249889524,0.0,1.57322393467802,1.3430448263645947,2.2591501072963363,1.673606345623938,0.9100922659739911,0.9920086965708391,0.5424754268057423,0.4472808149666059,-0.009129196273172763,-0.0006605739645895391,0.0,False
111,True,-0.07528842756306732,-0.07671538546189025,0.0,1.449769703010557,0.9793658335781336,1.9435201022074322,0.9887986563955783,0.9185837302751919,1.618554486468475,0.42633572712223033,-0.08995176503543734,-0.008914874393872667,0.006784943120095061,0.0,False
113,True,-0.053019844180262,-0.054910176508256796,0.0,1.2000462181528355,0.9651172986301212,1.3871371776298531,0.9618471177519377,0.9457973709936324,1.4175585667774235,0.1660034361431153,-0.11018856094232943,-0.00745598922815683,0.004173964461004091,0.0,False
114,True,-0.06932432521367875,-0.0711155580671227,0.0,1.593287111837468,1.3413856494912488,2.3087009062490593,1.6712780772888838,0.9100759445599533,0.9903259793030069,0.5578828920596464,0.44588409128924633,-0.009034773225371844,-0.0005205010807035132,0.0,False
117,True,-0.005494209096112551,-0.006095173446683783,0.0,0.9929737808104884,1.000680134944012,0.9864723293642804,1.0023699008333367,0.9876409834786202,1.0009912944986328,-0.09480390999109689,-0.0966349657639094,-0.005282790508930591,-0.0009667166947430414,0.0,False
119,True,-0.051947146301781294,-0.052425954567691425,0.0,1.3022786703506588,1.2098882099997235,1.6257206120188046,1.3925522676150894,0.9350522142738811,0.9484504685386188,0.2676543199150523,0.23383825101760447,-0.00783338165974617,-0.001712305838525304,0.0,False
120,True,-0.01088590679500133,-0.011239984260494443,0.0,0.9887737249145484,0.9956783750619144,0.9821076361252853,0.9971099273393449,0.9830052123712498,1.0041253712114886,-0.09581543702095385,-0.0992997738893433,-0.005677890047261914,-0.0010294752089899323,0.0,False
121,True,-0.004653071205476553,-0.005068012461033018,0.0,0.9873292177271796,1.01063752310492,0.9747896019632503,1.0186720967535319,0.9945315880475828,1.0033371092902907,-0.09480206116035705,-0.08701534797404054,-0.004892219785131114,-0.000995814881478239,0.0,False
123,True,-0.059005841048321024,-0.06125305002896547,0.0,1.2606238429074448,0.9646492802062939,1.5123884778842707,0.9638582260964569,0.9384399096892838,1.4949822225053797,0.23263215950366645,-0.10856037884907888,-0.007764744067524315,0.005107565396352262,0.0,False
124,True,-0.010185414378575931,-0.010942318934606118,0.0,0.9821296940296804,1.0123673653039424,0.9649416351696772,1.0226078400950869,0.9885403046474996,1.0016774677347398,-0.10426931947834805,-0.08519753527008489,-0.005281448987040921,-0.001035195620876003,0.0,False
125,True,-0.0025164219216289104,-0.0029231387933530374,0.0,0.9958450480834893,1.0055698999280855,0.9907561251836254,1.0098624754710297,0.9908405634372294,1.0009882235683047,-0.0964062953464937,-0.09284823821568655,-0.0053150507327291985,-0.001102023100042527,0.0,False
126,True,-0.008422681630619589,-0.009763945811379123,0.0,0.9878188947314834,1.0343299679498605,0.9791549371308647,1.0604521405709688,0.9842912731981465,1.010528540350756,-0.09629590358636597,-0.046481475358387314,-0.005578819613238936,-0.0009908079332266052,0.0,False
127,True,-0.006526975745858125,-0.007205724663090296,0.0,0.98488134880066,1.0136356723071842,0.9700626780486276,1.0270489266017746,0.9907720103314487,1.0322948134541916,-0.10620522103742835,-0.07399993637828484,-0.005209309837706243,-0.00079944889849496,0.0,False
128,True,-0.037952739971670986,-0.038579237254140204,0.0,1.1424518765106517,1.1764578886523749,1.28756820623491,1.3257454831640636,0.9505756361574234,0.9889524367685717,0.09582506244083389,0.18066238547710833,-0.007181680000911447,-0.001233192166388808,0.0,False
129,True,-0.08348168507835785,-0.08502360135790298,0.0,1.5869685954487818,1.0260362045011049,2.2879488801871126,1.061571467700359,0.9127061832585156,1.541759853700657,0.557267172747834,-0.0414801906193738,-0.00888313132350423,0.005872897383650278,0.0,False
130,True,-0.052229178424216684,-0.053059539803469356,0.0,1.3399649456553575,1.2755226279470862,1.709079909910752,1.5276299124235564,0.9310315309166602,1.0057798244809413,0.30285555807606834,0.34175670525237223,-0.008067151308202054,-0.0005955476987976024,0.0,False
131,True,-0.004726288357437129,-0.0051103591335856565,0.0,0.9986559209466476,1.0105865804279848,0.997177347722447,1.0171398390540285,0.9894441093445953,1.0154733055529614,-0.08910172398563265,-0.08469747420210716,-0.005361834052605545,-0.0008666605747388592,0.0,False
132,True,-0.0037735293171127712,-0.00406969094975171,0.0,0.983881722739043,1.0080765560996667,0.9711694648849406,1.0150396480341979,0.9984487534882414,1.013530779114067,-0.10647455679989115,-0.0860887877853107,-0.004907355273473198,-0.000877207568739858,0.0,False
133,True,0.009610870166668176,0.0077922993619030595,0.0,1.0712363836360685,0.9514377436684934,1.152119858274133,0.9269726368148152,0.9736606001910957,0.9823510141707085,0.011323985857413232,-0.11228694171502074,-0.006077895481748188,-0.0014164581191808447,0.0,False
134,True,-0.04931934297762128,-0.05019882422657492,0.0,1.3410500413604034,1.354829969347831,1.7114507852902285,1.700198839695253,0.9300291807878418,1.1685238850639639,0.30421219846553904,0.47249821936532865,-0.008132378144866888,0.002068468560356265,0.0,False
136,True,-0.08142096430345143,-0.08448616299909985,0.0,1.6808361898728916,1.1907768787451953,2.5229126299066986,1.3594270699497288,0.9038632738697069,0.9643649493429617,0.642749837318386,0.1935779771587529,-0.009308512501774934,-0.0014243579797535494,0.0,False
137,True,-0.0826882337059768,-0.08504144736400629,0.0,1.6932250062316738,1.1709642096993658,2.5613159660592224,1.3229141107690952,0.9033195151404477,1.0349537424198254,0.6675790966732,0.16284479157390042,-0.009406574553960956,-0.0004711328186622879,0.0,False
138,True,-0.05658146790604771,-0.057143176783754294,0.0,1.2902164856061056,1.0797127880983324,1.597222807766227,1.1440589025424552,0.9389436924399369,1.0279859824646682,0.2552956893026539,0.020445975044818043,-0.007525495234012877,-0.0005404238838434267,0.0,False
140,True,-0.07003008633576673,-0.07153583717355655,0.0,1.4153625703897108,1.0229701138255451,1.8785910107627481,1.0514305638402075,0.9270305583658303,1.3574654299395357,0.3820578817275684,-0.04904627528064576,-0.0082023415638512,0.003484356980138971,0.0,False
142,True,-0.0034924371939892003,-0.003914721424362881,0.0,0.992275895595287,1.0052560609335828,0.9819836142519144,1.0104845978635446,0.9958476592742048,1.033052772278385,-0.10269614152820938,-0.0929565203714613,-0.004946271253120662,-0.0006616216196955899,0.0,False
143,True,-0.011411735616242062,-0.012147878009486662,0.0,0.9831008935200515,1.0149388708776803,0.9708404064566487,1.0263362482406524,0.9881032615221846,1.001753579533345,-0.09904176243599516,-0.08082062100856557,-0.005240235399914352,-0.001089328116888737,0.0,False
144,True,-0.006785926699140607,-0.00791711872144272,0.0,0.9892382618035706,1.0341184044234877,0.9819366520572474,1.0587341144790088,0.9852882100148727,1.006889369994768,-0.09357181143021265,-0.04780456438079517,-0.0054237774307375405,-0.0009436707604514692,0.0,False
