episode,policy_scale,return_per_step,economic_cost_mean,incremental_return_per_step,economic_cost_reduction_percent,violation_rate,robust_operating_region_violation_rate,rpi_violation_rate,qp_infeasible_rate,disturbance_bound_exceedance_rate,intervention_rate,mapping_rate,safe,positive_increment,practically_significant,eligible
0.0,0.0,-4.79292918649664,6725.486783250374,0.0,0.0,0.0,0.0,0.16333333333333333,0.0,0.0,0.0,0.0,0.0,0.0,0.0,1.0
1.0,0.0,-4.79292918649664,6725.486783250374,0.0,0.0,0.0,0.0,0.16333333333333333,0.0,0.0,0.0,0.0,0.0,0.0,0.0,0.0
1.0,0.25,-4.792554519486537,6725.411747945643,0.0003746670101030247,0.0011156858551617918,0.0,0.0,0.16333333333333333,0.0,0.0,0.0,0.0,0.0,0.0,0.0,0.0
1.0,0.5,-4.792179698471689,6725.336681725884,0.0007494880249510061,0.0022318313800591136,0.0,0.0,0.16333333333333333,0.0,0.0,0.0,0.0,0.0,0.0,0.0,0.0
1.0,0.75,-4.791804723373813,6725.2615845754435,0.0011244631228271018,0.0033484368074516648,0.0,0.0,0.16333333333333333,0.0,0.0,0.0,0.0,0.0,0.0,0.0,0.0
1.0,1.0,-4.791429594118587,6725.186456479455,0.001499592378053194,0.004465502358388135,0.0,0.0,0.16333333333333333,0.0,0.0,0.0,0.0,0.0,0.0,0.0,0.0
5.0,0.0,-4.79292918649664,6725.486783250374,0.0,0.0,0.0,0.0,0.16333333333333333,0.0,0.0,0.0,0.0,0.0,0.0,0.0,0.0
5.0,0.25,-4.791179355423432,6725.136195856331,0.0017498310732086964,0.005212818125167676,0.0,0.0,0.16333333333333333,0.0,0.0,0.0,0.0,0.0,0.0,0.0,0.0
5.0,0.5,-4.7894271015512695,6724.785119072018,0.0035020849453708536,0.01043291290236562,0.0,0.0,0.16333333333333333,0.0,0.0,0.0,0.0,0.0,0.0,0.0,0.0
5.0,0.75,-4.787671923185738,6724.433452550438,0.00525726331090226,0.01566177637222082,0.0,0.0,0.16333333333333333,0.0,0.0,0.0,0.0,0.0,0.0,0.0,0.0
5.0,1.0,-4.785914604879083,6724.0813531942695,0.007014581617557525,0.020897075578304423,0.0,0.0,0.16333333333333333,0.0,0.0,0.0,0.0,0.0,0.0,0.0,0.0
10.0,0.0,-4.79292918649664,6725.486783250374,0.0,0.0,0.0,0.0,0.16333333333333333,0.0,0.0,0.0,0.0,0.0,0.0,0.0,0.0
10.0,0.25,-4.794832287684266,6725.866770743373,-0.001903101187625822,-0.00564996267549707,0.0,0.0,0.16333333333333333,0.0,0.0,0.0,0.0,0.0,0.0,0.0,0.0
10.0,0.5,-4.796733311361657,6726.24633752578,-0.0038041248650166892,-0.011293669884204731,0.0,0.0,0.16333333333333333,0.0,0.0,0.0,0.0,0.0,0.0,0.0,0.0
10.0,0.75,-4.798631730462233,6726.625378199282,-0.005702543965592888,-0.01692955447839558,0.0,0.0,0.16333333333333333,0.0,0.0,0.0,0.0,0.0,0.0,0.0,0.0
10.0,1.0,-4.800528342731988,6727.004052339493,-0.0075991562353472375,-0.02255998915791959,0.0,0.0,0.16333333333333333,0.0,0.0,0.0,0.0,0.0,0.0,0.0,0.0
15.0,0.0,-4.79292918649664,6725.486783250374,0.0,0.0,0.0,0.0,0.16333333333333333,0.0,0.0,0.0,0.0,0.0,0.0,0.0,0.0
15.0,0.25,-4.795223813939517,6725.945079414745,-0.0022946274428763402,-0.006814319604527699,0.0,0.0,0.16333333333333333,0.0,0.0,0.0,0.0,0.0,0.0,0.0,0.0
15.0,0.5,-4.797518044568936,6726.403290920975,-0.0045888580722959205,-0.013627380443060451,0.0,0.0,0.16333333333333333,0.0,0.0,0.0,0.0,0.0,0.0,0.0,0.0
15.0,0.75,-4.799811290405656,6726.861300203568,-0.006882103909015669,-0.020437434456300693,0.0,0.0,0.16333333333333333,0.0,0.0,0.0,0.0,0.0,0.0,0.0,0.0
15.0,1.0,-4.8021043546780335,6727.319267940457,-0.00917516818139319,-0.02724687073427858,0.0,0.0,0.16333333333333333,0.0,0.0,0.0,0.0,0.0,0.0,0.0,0.0
20.0,0.0,-4.79292918649664,6725.486783250374,0.0,0.0,0.0,0.0,0.16333333333333333,0.0,0.0,0.0,0.0,0.0,0.0,0.0,0.0
20.0,0.25,-4.795452891357487,6725.991268862628,-0.002523704860847076,-0.00750110183117802,0.0,0.0,0.16333333333333333,0.0,0.0,0.0,0.0,0.0,0.0,0.0,0.0
20.0,0.5,-4.79797841435739,6726.496116011763,-0.005049227860749461,-0.015007579286339407,0.0,0.0,0.16333333333333333,0.0,0.0,0.0,0.0,0.0,0.0,0.0,0.0
20.0,0.75,-4.800505739013748,6727.0013214276705,-0.007576552517107871,-0.022519383742872816,0.0,0.0,0.16333333333333333,0.0,0.0,0.0,0.0,0.0,0.0,0.0,0.0
20.0,1.0,-4.803034857552433,6727.506883579772,-0.01010567105579252,-0.030036492442878513,0.0,0.0,0.16333333333333333,0.0,0.0,0.0,0.0,0.0,0.0,0.0,0.0
25.0,0.0,-4.79292918649664,6725.486783250374,0.0,0.0,0.0,0.0,0.16333333333333333,0.0,0.0,0.0,0.0,0.0,0.0,0.0,0.0
25.0,0.25,-4.794261953731467,6725.752927174453,-0.0013327672348264485,-0.003957244027926892,0.0,0.0,0.16333333333333333,0.0,0.0,0.0,0.0,0.0,0.0,0.0,0.0
25.0,0.5,-4.795596420446029,6726.019408655565,-0.0026672339493885033,-0.007919507127976472,0.0,0.0,0.16333333333333333,0.0,0.0,0.0,0.0,0.0,0.0,0.0,0.0
25.0,0.75,-4.796932603654142,6726.286231124711,-0.00400341715750141,-0.011886840315078664,0.0,0.0,0.16333333333333333,0.0,0.0,0.0,0.0,0.0,0.0,0.0,0.0
25.0,1.0,-4.798270509232453,6726.553395780931,-0.005341322735812781,-0.015859261417528348,0.0,0.0,0.16333333333333333,0.0,0.0,0.0,0.0,0.0,0.0,0.0,0.0
30.0,0.0,-4.79292918649664,6725.486783250374,0.0,0.0,0.0,0.0,0.16333333333333333,0.0,0.0,0.0,0.0,0.0,0.0,0.0,0.0
30.0,0.25,-4.794068909762829,6725.714532648029,-0.001139723266188497,-0.0033863630246305683,0.0,0.0,0.16333333333333333,0.0,0.0,0.0,0.0,0.0,0.0,0.0,0.0
30.0,0.5,-4.7952051134791285,6725.941576882872,-0.00227592698248813,-0.0067622411158493,0.0,0.0,0.16333333333333333,0.0,0.0,0.0,0.0,0.0,0.0,0.0,0.0
30.0,0.75,-4.796337794116204,6726.167915226662,-0.0034086076195638526,-0.010127623445556526,0.0,0.0,0.16333333333333333,0.0,0.0,0.0,0.0,0.0,0.0,0.0,0.0
30.0,1.0,-4.797467016656252,6726.393560665347,-0.004537830159611289,-0.013482703099363287,0.0,0.0,0.16333333333333333,0.0,0.0,0.0,0.0,0.0,0.0,0.0,0.0
35.0,0.0,-4.79292918649664,6725.486783250374,0.0,0.0,0.0,0.0,0.16333333333333333,0.0,0.0,0.0,0.0,0.0,0.0,0.0,0.0
35.0,0.25,-4.794725117559545,6725.845647690051,-0.0017959310629045433,-0.005335887962349092,0.0,0.0,0.16333333333333333,0.0,0.0,0.0,0.0,0.0,0.0,0.0,0.0
35.0,0.5,-4.796516593851014,6726.203621012285,-0.003587407354373795,-0.010658526066785249,0.0,0.0,0.16333333333333333,0.0,0.0,0.0,0.0,0.0,0.0,0.0,0.0
35.0,0.75,-4.798303424782353,6726.5606650504415,-0.005374238285712707,-0.015967346820779642,0.0,0.0,0.16333333333333333,0.0,0.0,0.0,0.0,0.0,0.0,0.0,0.0
35.0,1.0,-4.800085433513773,6726.916744230383,-0.0071562470171322445,-0.021261821279173473,0.0,0.0,0.16333333333333333,0.0,0.0,0.0,0.0,0.0,0.0,0.0,0.0
40.0,0.0,-4.79292918649664,6725.486783250374,0.0,0.0,0.0,0.0,0.16333333333333333,0.0,0.0,0.0,0.0,0.0,0.0,0.0,0.0
40.0,0.25,-4.794100280105083,6725.720882226867,-0.0011710936084430301,-0.0034807737199863227,0.0,0.0,0.16333333333333333,0.0,0.0,0.0,0.0,0.0,0.0,0.0,0.0
40.0,0.5,-4.795270221542129,6725.954749544202,-0.0023410350454886597,-0.006958102943467846,0.0,0.0,0.16333333333333333,0.0,0.0,0.0,0.0,0.0,0.0,0.0,0.0
40.0,0.75,-4.796438937572453,6726.188370516792,-0.0035097510758124173,-0.010431769313191251,0.0,0.0,0.16333333333333333,0.0,0.0,0.0,0.0,0.0,0.0,0.0,0.0
40.0,1.0,-4.797606167484705,6726.4216929605755,-0.004676980988064905,-0.01390099691415121,0.0,0.0,0.16333333333333333,0.0,0.0,0.0,0.0,0.0,0.0,0.0,0.0
45.0,0.0,-4.79292918649664,6725.486783250374,0.0,0.0,0.0,0.0,0.16333333333333333,0.0,0.0,0.0,0.0,0.0,0.0,0.0,0.0
45.0,0.25,-4.79281390171706,6725.463605527864,0.00011528477958044903,0.0003446252034517843,0.0,0.0,0.16333333333333333,0.0,0.0,0.0,0.0,0.0,0.0,0.0,0.0
45.0,0.5,-4.7926925691924955,6725.43921641382,0.00023661730414481497,0.0007072623601430317,0.0,0.0,0.16333333333333333,0.0,0.0,0.0,0.0,0.0,0.0,0.0,0.0
45.0,0.75,-4.792565130263887,6725.41360416429,0.00036405623275292953,0.0010880860886800829,0.0,0.0,0.16333333333333333,0.0,0.0,0.0,0.0,0.0,0.0,0.0,0.0
45.0,1.0,-4.7924315543811025,6725.386762641291,0.0004976321155378827,0.001487187653570322,0.0,0.0,0.16333333333333333,0.0,0.0,0.0,0.0,0.0,0.0,0.0,0.0
50.0,0.0,-4.79292918649664,6725.486783250374,0.0,0.0,0.0,0.0,0.16333333333333333,0.0,0.0,0.0,0.0,0.0,0.0,0.0,0.0
50.0,0.25,-4.79348821115907,6725.598458412515,-0.0005590246624294082,-0.0016604770143821546,0.0,0.0,0.16333333333333333,0.0,0.0,0.0,0.0,0.0,0.0,0.0,0.0
50.0,0.5,-4.794039533684952,6725.708591628699,-0.0011103471883116,-0.0032980271238800835,0.0,0.0,0.16333333333333333,0.0,0.0,0.0,0.0,0.0,0.0,0.0,0.0
50.0,0.75,-4.7945832209236405,6725.817196298926,-0.0016540344270001839,-0.004912849570606984,0.0,0.0,0.16333333333333333,0.0,0.0,0.0,0.0,0.0,0.0,0.0,0.0
50.0,1.0,-4.795119380696721,6725.924294080018,-0.0021901942000805974,-0.006505266365746947,0.0,0.0,0.16333333333333333,0.0,0.0,0.0,0.0,0.0,0.0,0.0,0.0
55.0,0.0,-4.79292918649664,6725.486783250374,0.0,0.0,0.0,0.0,0.16333333333333333,0.0,0.0,0.0,0.0,0.0,0.0,0.0,0.0
55.0,0.25,-4.792365780178816,6725.373948191948,0.0005634063178243665,0.0016777232944216998,0.0,0.0,0.16333333333333333,0.0,0.0,0.0,0.0,0.0,0.0,0.0,0.0
55.0,0.5,-4.7917956232985555,6725.259761021458,0.001133563198084886,0.0033755508892174793,0.0,0.0,0.16333333333333333,0.0,0.0,0.0,0.0,0.0,0.0,0.0,0.0
55.0,0.75,-4.791218528961214,6725.144184392175,0.0017106575354262077,0.005094038085876742,0.0,0.0,0.16333333333333333,0.0,0.0,0.0,0.0,0.0,0.0,0.0,0.0
55.0,1.0,-4.790634559701643,6725.027230874543,0.0022946267949972565,0.0068329979768193905,0.0,0.0,0.16333333333333333,0.0,0.0,0.0,0.0,0.0,0.0,0.0,0.0
60.0,0.0,-4.79292918649664,6725.486783250374,0.0,0.0,0.0,0.0,0.16333333333333333,0.0,0.0,0.0,0.0,0.0,0.0,0.0,0.0
60.0,0.25,-4.791859057562764,6725.272695203804,0.0010701289338763686,0.0031832349608295384,0.0,0.0,0.16333333333333333,0.0,0.0,0.0,0.0,0.0,0.0,0.0,0.0
60.0,0.5,-4.790788492152838,6725.058517455534,0.002140694343802707,0.00636780367938883,0.0,0.0,0.16333333333333333,0.0,0.0,0.0,0.0,0.0,0.0,0.0,0.0
60.0,0.75,-4.789717509433082,6724.844253897943,0.0032116770635584047,0.009553648280611548,0.0,0.0,0.16333333333333333,0.0,0.0,0.0,0.0,0.0,0.0,0.0,0.0
60.0,1.0,-4.7886460936230835,6724.629901438693,0.004283092873556882,0.012740814743923322,0.0,0.0,0.16333333333333333,0.0,0.0,0.0,0.0,0.0,0.0,0.0,0.0
65.0,0.0,-4.79292918649664,6725.486783250374,0.0,0.0,0.0,0.0,0.16333333333333333,0.0,0.0,0.0,0.0,0.0,0.0,0.0,0.0
65.0,0.25,-4.791809829871558,6725.2629162789335,0.001119356625082446,0.0033286359583397144,0.0,0.0,0.16333333333333333,0.0,0.0,0.0,0.0,0.0,0.0,0.0,0.0
65.0,0.5,-4.790690229379343,6725.038998725751,0.002238957117297602,0.006658024007095953,0.0,0.0,0.16333333333333333,0.0,0.0,0.0,0.0,0.0,0.0,0.0,0.0
65.0,0.75,-4.789570547190679,6724.8150630475575,0.003358639305961475,0.00998768155324587,0.0,0.0,0.16333333333333333,0.0,0.0,0.0,0.0,0.0,0.0,0.0,0.0
65.0,1.0,-4.788450899471624,6724.591132493177,0.004478287025015959,0.013317262914382112,0.0,0.0,0.16333333333333333,0.0,0.0,0.0,0.0,0.0,0.0,0.0,0.0
70.0,0.0,-4.79292918649664,6725.486783250374,0.0,0.0,0.0,0.0,0.16333333333333333,0.0,0.0,0.0,0.0,0.0,0.0,0.0,0.0
70.0,0.25,-4.790964308443685,6725.093797360535,0.001964878052955754,0.005843233397139818,0.0,0.0,0.16333333333333333,0.0,0.0,0.0,0.0,0.0,0.0,0.0,0.0
70.0,0.5,-4.789001445250253,6724.701213468711,0.003927741246386951,0.011680489561283642,0.0,0.0,0.16333333333333333,0.0,0.0,0.0,0.0,0.0,0.0,0.0,0.0
70.0,0.75,-4.787040630639049,6724.309038309816,0.005888555857591626,0.017511668352263404,0.0,0.0,0.16333333333333333,0.0,0.0,0.0,0.0,0.0,0.0,0.0,0.0
70.0,1.0,-4.7850818875272685,6723.917276459043,0.007847298969371863,0.02333670174239225,0.0,0.0,0.16333333333333333,0.0,0.0,0.0,0.0,0.0,0.0,0.0,0.0
75.0,0.0,-4.79292918649664,6725.486783250374,0.0,0.0,0.0,0.0,0.16333333333333333,0.0,0.0,0.0,0.0,0.0,0.0,0.0,0.0
75.0,0.25,-4.790681492773257,6725.037180253465,0.0022476937233832928,0.006685062530035515,0.0,0.0,0.16333333333333333,0.0,0.0,0.0,0.0,0.0,0.0,0.0,0.0
75.0,0.5,-4.788438156527495,6724.588447722039,0.004491029969145188,0.013357182272257462,0.0,0.0,0.16333333333333333,0.0,0.0,0.0,0.0,0.0,0.0,0.0,0.0
75.0,0.75,-4.786199325985144,6724.140615310937,0.00672986051149671,0.02001591829441065,0.0,0.0,0.16333333333333333,0.0,0.0,0.0,0.0,0.0,0.0,0.0,0.0
75.0,1.0,-4.783965120342033,6723.693706814207,0.008964066154607764,0.026660916807283237,0.0,0.0,0.16333333333333333,0.0,0.0,0.0,0.0,0.0,0.0,0.0,0.0
80.0,0.0,-4.79292918649664,6725.486783250374,0.0,0.0,0.0,0.0,0.16333333333333333,0.0,0.0,0.0,0.0,0.0,0.0,0.0,0.0
80.0,0.25,-4.791134219308326,6725.127728545959,0.0017949671883146223,0.005338716973011455,0.0,0.0,0.16333333333333333,0.0,0.0,0.0,0.0,0.0,0.0,0.0,0.0
80.0,0.5,-4.789346244199879,6724.77007183036,0.00358294229676126,0.010656647512842177,0.0,0.0,0.16333333333333333,0.0,0.0,0.0,0.0,0.0,0.0,0.0,0.0
80.0,0.75,-4.787565720752313,6724.413905012792,0.005363465744327556,0.015952425038641985,0.0,0.0,0.16333333333333333,0.0,0.0,0.0,0.0,0.0,0.0,0.0,0.0
80.0,1.0,-4.785793175681634,6724.059333360641,0.007136010815006699,0.02122448434941571,0.0,0.0,0.16333333333333333,0.0,0.0,0.0,0.0,0.0,0.0,0.0,0.0
85.0,0.0,-4.79292918649664,6725.486783250374,0.0,0.0,0.0,0.0,0.16333333333333333,0.0,0.0,0.0,0.0,0.0,0.0,0.0,0.0
85.0,0.25,-4.790084956872254,6724.917865703498,0.002844229624386685,0.00845912816739019,0.0,0.0,0.16333333333333333,0.0,0.0,0.0,0.0,0.0,0.0,0.0,0.0
85.0,0.5,-4.787245889957439,6724.349979993599,0.005683296539201521,0.016902914144540628,0.0,0.0,0.16333333333333333,0.0,0.0,0.0,0.0,0.0,0.0,0.0,0.0
85.0,0.75,-4.7844121901496655,6723.783167000613,0.008516996346974892,0.025330750095359438,0.0,0.0,0.16333333333333333,0.0,0.0,0.0,0.0,0.0,0.0,0.0,0.0
85.0,1.0,-4.78158404472348,6723.21746419266,0.011345141773160705,0.0337420789133877,0.0,0.0,0.16333333333333333,0.0,0.0,0.0,0.0,0.0,0.0,0.0,0.0
90.0,0.0,-4.79292918649664,6725.486783250374,0.0,0.0,0.0,0.0,0.16333333333333333,0.0,0.0,0.0,0.0,0.0,0.0,0.0,0.0
90.0,0.25,-4.791183056825267,6725.137462014474,0.001746129671372998,0.005193991857509157,0.0,0.0,0.16333333333333333,0.0,0.0,0.0,0.0,0.0,0.0,0.0,0.0
90.0,0.5,-4.789451652906299,6724.791084632355,0.0034775335903409754,0.010344212105984579,0.0,0.0,0.16333333333333333,0.0,0.0,0.0,0.0,0.0,0.0,0.0,0.0
90.0,0.75,-4.787736156958194,6724.447887571576,0.005193029538446581,0.015447144753680359,0.0,0.0,0.16333333333333333,0.0,0.0,0.0,0.0,0.0,0.0,0.0,0.0
90.0,1.0,-4.78603770360631,6724.108097679801,0.006891482890329925,0.020499416845284318,0.0,0.0,0.16333333333333333,0.0,0.0,0.0,0.0,0.0,0.0,0.0,0.0
95.0,0.0,-4.79292918649664,6725.486783250374,0.0,0.0,0.0,0.0,0.16333333333333333,0.0,0.0,0.0,0.0,0.0,0.0,0.0,0.0
95.0,0.25,-4.792262808068308,6725.353458765887,0.0006663784283320595,0.001982376722816791,0.0,0.0,0.16333333333333333,0.0,0.0,0.0,0.0,0.0,0.0,0.0,0.0
95.0,0.5,-4.791585024846784,6725.217852051862,0.0013441616498566233,0.003998687488050033,0.0,0.0,0.16333333333333333,0.0,0.0,0.0,0.0,0.0,0.0,0.0,0.0
95.0,0.75,-4.790895977525458,6725.07999125971,0.002033208971182532,0.006048513717652509,0.0,0.0,0.16333333333333333,0.0,0.0,0.0,0.0,0.0,0.0,0.0,0.0
95.0,1.0,-4.7901959620078545,6724.9399355780815,0.002733224488785879,0.008130975346714687,0.0,0.0,0.16333333333333333,0.0,0.0,0.0,0.0,0.0,0.0,0.0,0.0
100.0,0.0,-4.79292918649664,6725.486783250374,0.0,0.0,0.0,0.0,0.16333333333333333,0.0,0.0,0.0,0.0,0.0,0.0,0.0,0.0
100.0,0.25,-4.79272340029851,6725.445621476904,0.00020578619812994248,0.0006120266799479672,0.0,0.0,0.16333333333333333,0.0,0.0,0.0,0.0,0.0,0.0,0.0,0.0
100.0,0.5,-4.792501849096202,6725.40130507834,0.00042733740043843227,0.0012709588880229173,0.0,0.0,0.16333333333333333,0.0,0.0,0.0,0.0,0.0,0.0,0.0,0.0
100.0,0.75,-4.792264507468405,6725.353828986583,0.0006646790282349713,0.0019768719808130547,0.0,0.0,0.16333333333333333,0.0,0.0,0.0,0.0,0.0,0.0,0.0,0.0
100.0,1.0,-4.792011305495987,6725.303179051614,0.0009178810006531535,0.002729976352301449,0.0,0.0,0.16333333333333333,0.0,0.0,0.0,0.0,0.0,0.0,0.0,0.0
105.0,0.0,-4.79292918649664,6725.486783250374,0.0,0.0,0.0,0.0,0.16333333333333333,0.0,0.0,0.0,0.0,0.0,0.0,0.0,0.0
105.0,0.25,-4.792984276697348,6725.4978325472175,-5.509020070793014e-05,-0.00016428991981453378,0.0,0.0,0.16333333333333333,0.0,0.0,0.0,0.0,0.0,0.0,0.0,0.0
105.0,0.5,-4.793025349558078,6725.506076421653,-9.616306143733766e-05,-0.000286866540680872,0.0,0.0,0.16333333333333333,0.0,0.0,0.0,0.0,0.0,0.0,0.0,0.0
105.0,0.75,-4.793052277131943,6725.511489300712,-0.00012309063530224762,-0.00036734962292222557,0.0,0.0,0.16333333333333333,0.0,0.0,0.0,0.0,0.0,0.0,0.0,0.0
105.0,1.0,-4.793064976610793,6725.514054641265,-0.00013579011415298936,-0.00040549318985600943,0.0,0.0,0.16333333333333333,0.0,0.0,0.0,0.0,0.0,0.0,0.0,0.0
110.0,0.0,-4.79292918649664,6725.486783250374,0.0,0.0,0.0,0.0,0.16333333333333333,0.0,0.0,0.0,0.0,0.0,0.0,0.0,0.0
110.0,0.25,-4.7924182009606255,6725.384633636565,0.0005109855360148075,0.0015188434250374449,0.0,0.0,0.16333333333333333,0.0,0.0,0.0,0.0,0.0,0.0,0.0,0.0
110.0,0.5,-4.791889334224055,6725.278905958762,0.0010398522725854065,0.0030908884116720554,0.0,0.0,0.16333333333333333,0.0,0.0,0.0,0.0,0.0,0.0,0.0,0.0
110.0,0.75,-4.79134224088422,6725.169531141557,0.0015869456124200099,0.004717162029183313,0.0,0.0,0.16333333333333333,0.0,0.0,0.0,0.0,0.0,0.0,0.0,0.0
110.0,1.0,-4.790776634412427,6725.056451876964,0.0021525520842136103,0.0063985163792400395,0.0,0.0,0.16333333333333333,0.0,0.0,0.0,0.0,0.0,0.0,0.0,0.0
115.0,0.0,-4.79292918649664,6725.486783250374,0.0,0.0,0.0,0.0,0.16333333333333333,0.0,0.0,0.0,0.0,0.0,0.0,0.0,0.0
115.0,0.25,-4.792675727760319,6725.436036879965,0.0002534587363216545,0.0007545382519414071,0.0,0.0,0.16333333333333333,0.0,0.0,0.0,0.0,0.0,0.0,0.0,0.0
115.0,0.5,-4.7924094994965145,6725.382734540103,0.0005196870001258347,0.001547080733696111,0.0,0.0,0.16333333333333333,0.0,0.0,0.0,0.0,0.0,0.0,0.0,0.0
115.0,0.75,-4.79213040896608,6725.326857656678,0.0007987775305604572,0.002377903620218741,0.0,0.0,0.16333333333333333,0.0,0.0,0.0,0.0,0.0,0.0,0.0,0.0
115.0,1.0,-4.791838361979124,6725.268387597008,0.0010908245175160758,0.0032472839573519474,0.0,0.0,0.16333333333333333,0.0,0.0,0.0,0.0,0.0,0.0,0.0,0.0
120.0,0.0,-4.79292918649664,6725.486783250374,0.0,0.0,0.0,0.0,0.16333333333333333,0.0,0.0,0.0,0.0,0.0,0.0,0.0,0.0
120.0,0.25,-4.791627194592702,6725.226114662885,0.0013019919039383154,0.0038758322763802837,0.0,0.0,0.16333333333333333,0.0,0.0,0.0,0.0,0.0,0.0,0.0,0.0
120.0,0.5,-4.790311703672557,6724.9627457906,0.0026174828240836945,0.007791814580312056,0.0,0.0,0.16333333333333333,0.0,0.0,0.0,0.0,0.0,0.0,0.0,0.0
120.0,0.75,-4.788983074796393,6724.696748888549,0.003946111700247279,0.011746872565304779,0.0,0.0,0.16333333333333333,0.0,0.0,0.0,0.0,0.0,0.0,0.0,0.0
120.0,1.0,-4.787641426614489,6724.428147719748,0.005287759882151022,0.01574065290355498,0.0,0.0,0.16333333333333333,0.0,0.0,0.0,0.0,0.0,0.0,0.0,0.0
125.0,0.0,-4.79292918649664,6725.486783250374,0.0,0.0,0.0,0.0,0.16333333333333333,0.0,0.0,0.0,0.0,0.0,0.0,0.0,0.0
125.0,0.25,-4.7914260768987775,6725.185873386526,0.0015031095978628173,0.004474172257656962,0.0,0.0,0.16333333333333333,0.0,0.0,0.0,0.0,0.0,0.0,0.0,0.0
125.0,0.5,-4.7899126040357345,6724.882890295339,0.003016582460905859,0.008979170943268897,0.0,0.0,0.16333333333333333,0.0,0.0,0.0,0.0,0.0,0.0,0.0,0.0
125.0,0.75,-4.788389338960503,6724.577948504005,0.0045398475361375645,0.013513293173556144,0.0,0.0,0.16333333333333333,0.0,0.0,0.0,0.0,0.0,0.0,0.0,0.0
125.0,1.0,-4.7868568472878446,6724.271161897069,0.006072339208795796,0.018074845620584555,0.0,0.0,0.16333333333333333,0.0,0.0,0.0,0.0,0.0,0.0,0.0,0.0
130.0,0.0,-4.79292918649664,6725.486783250374,0.0,0.0,0.0,0.0,0.16333333333333333,0.0,0.0,0.0,0.0,0.0,0.0,0.0,0.0
130.0,0.25,-4.79126302161569,6725.153395738561,0.0016661648809499496,0.004957076306261767,0.0,0.0,0.16333333333333333,0.0,0.0,0.0,0.0,0.0,0.0,0.0,0.0
130.0,0.5,-4.789583146060315,6724.817265817027,0.0033460404363250262,0.009954928987662617,0.0,0.0,0.16333333333333333,0.0,0.0,0.0,0.0,0.0,0.0,0.0,0.0
130.0,0.75,-4.7878903141345175,6724.478544632264,0.005038872362122859,0.01499131067540293,0.0,0.0,0.16333333333333333,0.0,0.0,0.0,0.0,0.0,0.0,0.0,0.0
130.0,1.0,-4.786184628721331,6724.137253416943,0.0067445577753089125,0.020065905664880205,0.0,0.0,0.16333333333333333,0.0,0.0,0.0,0.0,0.0,0.0,0.0,0.0
135.0,0.0,-4.79292918649664,6725.486783250374,0.0,0.0,0.0,0.0,0.16333333333333333,0.0,0.0,0.0,0.0,0.0,0.0,0.0,0.0
135.0,0.25,-4.791482550102337,6725.197299733535,0.0014466363943030913,0.004304276049727396,0.0,0.0,0.16333333333333333,0.0,0.0,0.0,0.0,0.0,0.0,0.0,0.0
135.0,0.5,-4.7900225512931165,6724.905142939927,0.002906635203523855,0.008648300549721004,0.0,0.0,0.16333333333333333,0.0,0.0,0.0,0.0,0.0,0.0,0.0,0.0
135.0,0.75,-4.788548114109688,6724.610097682414,0.004381072386951956,0.013035273077093555,0.0,0.0,0.16333333333333333,0.0,0.0,0.0,0.0,0.0,0.0,0.0,0.0
135.0,1.0,-4.787059080415262,6724.312132344258,0.005870106081378168,0.01746566373517068,0.0,0.0,0.16333333333333333,0.0,0.0,0.0,0.0,0.0,0.0,0.0,0.0
140.0,0.0,-4.79292918649664,6725.486783250374,0.0,0.0,0.0,0.0,0.16333333333333333,0.0,0.0,0.0,0.0,0.0,0.0,0.0,0.0
140.0,0.25,-4.791049505116511,6725.1106249868,0.0018796813801289503,0.005593026582271134,0.0,0.0,0.16333333333333333,0.0,0.0,0.0,0.0,0.0,0.0,0.0,0.0
140.0,0.5,-4.789159130376474,6724.732326908193,0.003770056120166565,0.011217869672430774,0.0,0.0,0.16333333333333333,0.0,0.0,0.0,0.0,0.0,0.0,0.0,0.0
140.0,0.75,-4.787257775793137,6724.351831724405,0.005671410703503632,0.016875381106919066,0.0,0.0,0.16333333333333333,0.0,0.0,0.0,0.0,0.0,0.0,0.0,0.0
140.0,1.0,-4.785346138691177,6723.969278932891,0.007583047805463039,0.02256348672429844,0.0,0.0,0.16333333333333333,0.0,0.0,0.0,0.0,0.0,0.0,0.0,0.0
145.0,0.0,-4.79292918649664,6725.486783250374,0.0,0.0,0.0,0.0,0.16333333333333333,0.0,0.0,0.0,0.0,0.0,0.0,0.0,0.0
145.0,0.25,-4.791403399913614,6725.181390000257,0.0015257865830262674,0.004540834886147159,0.0,0.0,0.16333333333333333,0.0,0.0,0.0,0.0,0.0,0.0,0.0,0.0
145.0,0.5,-4.789873028113803,6724.875079233592,0.0030561583828374594,0.009095312153543218,0.0,0.0,0.16333333333333333,0.0,0.0,0.0,0.0,0.0,0.0,0.0,0.0
145.0,0.75,-4.788337485464871,6724.567733827859,0.004591701031769091,0.013665173274948818,0.0,0.0,0.16333333333333333,0.0,0.0,0.0,0.0,0.0,0.0,0.0,0.0
145.0,1.0,-4.786797677823549,6724.2595350123775,0.006131508673091091,0.01824772358564653,0.0,0.0,0.16333333333333333,0.0,0.0,0.0,0.0,0.0,0.0,0.0,0.0
150.0,0.0,-4.79292918649664,6725.486783250374,0.0,0.0,0.0,0.0,0.16333333333333333,0.0,0.0,0.0,0.0,0.0,0.0,0.0,0.0
150.0,0.25,-4.791067687149899,6725.1143989852935,0.001861499346741624,0.005536911707388476,0.0,0.0,0.16333333333333333,0.0,0.0,0.0,0.0,0.0,0.0,0.0,0.0
150.0,0.5,-4.789205551302451,6724.741888851539,0.0037236351941896118,0.011075694932445163,0.0,0.0,0.16333333333333333,0.0,0.0,0.0,0.0,0.0,0.0,0.0,0.0
150.0,0.75,-4.787342701131671,6724.3692376387335,0.00558648536496964,0.016616575835431302,0.0,0.0,0.16333333333333333,0.0,0.0,0.0,0.0,0.0,0.0,0.0,0.0
150.0,1.0,-4.785478633172283,6723.996345051176,0.007450553324357401,0.022161045694270697,0.0,0.0,0.16333333333333333,0.0,0.0,0.0,0.0,0.0,0.0,0.0,0.0
155.0,0.0,-4.79292918649664,6725.486783250374,0.0,0.0,0.0,0.0,0.16333333333333333,0.0,0.0,0.0,0.0,0.0,0.0,0.0,0.0
155.0,0.25,-4.791231794106718,6725.1471985898825,0.001697392389922392,0.005049220546198012,0.0,0.0,0.16333333333333333,0.0,0.0,0.0,0.0,0.0,0.0,0.0,0.0
155.0,0.5,-4.789532920741078,6724.807317719188,0.0033962657555619558,0.010102845386272794,0.0,0.0,0.16333333333333333,0.0,0.0,0.0,0.0,0.0,0.0,0.0,0.0
155.0,0.75,-4.787832452352615,6724.46711789203,0.005096734144025561,0.01516121273011496,0.0,0.0,0.16333333333333333,0.0,0.0,0.0,0.0,0.0,0.0,0.0,0.0
155.0,1.0,-4.78613036142892,6724.126593662232,0.006798825067720671,0.020224403555881374,0.0,0.0,0.16333333333333333,0.0,0.0,0.0,0.0,0.0,0.0,0.0,0.0
160.0,0.0,-4.79292918649664,6725.486783250374,0.0,0.0,0.0,0.0,0.16333333333333333,0.0,0.0,0.0,0.0,0.0,0.0,0.0,0.0
160.0,0.25,-4.791723417966916,6725.245639512744,0.0012057685297239829,0.003585520950408685,0.0,0.0,0.16333333333333333,0.0,0.0,0.0,0.0,0.0,0.0,0.0,0.0
160.0,0.5,-4.790515608923548,6725.004086621714,0.0024135775730922404,0.007177125525875578,0.0,0.0,0.16333333333333333,0.0,0.0,0.0,0.0,0.0,0.0,0.0,0.0
160.0,0.75,-4.789306706807665,6724.762314181343,0.003622479688975666,0.010771994539274063,0.0,0.0,0.16333333333333333,0.0,0.0,0.0,0.0,0.0,0.0,0.0,0.0
160.0,1.0,-4.788097751851714,6724.520530098638,0.004831434644926524,0.014367036660342263,0.0,0.0,0.16333333333333333,0.0,0.0,0.0,0.0,0.0,0.0,0.0,0.0
165.0,0.0,-4.79292918649664,6725.486783250374,0.0,0.0,0.0,0.0,0.16333333333333333,0.0,0.0,0.0,0.0,0.0,0.0,0.0,0.0
165.0,0.25,-4.791918934032424,6725.28441368322,0.0010102524642165989,0.003008995091004564,0.0,0.0,0.16333333333333333,0.0,0.0,0.0,0.0,0.0,0.0,0.0,0.0
165.0,0.5,-4.790911236389577,6725.082552936326,0.0020179501070636263,0.0060104246291189205,0.0,0.0,0.16333333333333333,0.0,0.0,0.0,0.0,0.0,0.0,0.0,0.0
165.0,0.75,-4.789906397488316,6724.881261937077,0.0030227890083240894,0.009003382696473501,0.0,0.0,0.16333333333333333,0.0,0.0,0.0,0.0,0.0,0.0,0.0,0.0
165.0,1.0,-4.78890410732201,6724.680478604015,0.004025079174629909,0.0119887923706504,0.0,0.0,0.16333333333333333,0.0,0.0,0.0,0.0,0.0,0.0,0.0,0.0
170.0,0.0,-4.79292918649664,6725.486783250374,0.0,0.0,0.0,0.0,0.16333333333333333,0.0,0.0,0.0,0.0,0.0,0.0,0.0,0.0
170.0,0.25,-4.792563219538212,6725.41318852136,0.00036596695842838756,0.001094266205345332,0.0,0.0,0.16333333333333333,0.0,0.0,0.0,0.0,0.0,0.0,0.0,0.0
170.0,0.5,-4.792198052572497,6725.3397521852785,0.0007311339241429238,0.0021861772959225123,0.0,0.0,0.16333333333333333,0.0,0.0,0.0,0.0,0.0,0.0,0.0,0.0
170.0,0.75,-4.7918337157364475,6725.266480573079,0.001095470760192896,0.0032756391380267713,0.0,0.0,0.16333333333333333,0.0,0.0,0.0,0.0,0.0,0.0,0.0,0.0
170.0,1.0,-4.791470232988989,6725.1933785023,0.0014589535076510174,0.004362580100590927,0.0,0.0,0.16333333333333333,0.0,0.0,0.0,0.0,0.0,0.0,0.0,0.0
175.0,0.0,-4.79292918649664,6725.486783250374,0.0,0.0,0.0,0.0,0.16333333333333333,0.0,0.0,0.0,0.0,0.0,0.0,0.0,0.0
175.0,0.25,-4.793168119648768,6725.53407044397,-0.00023893315212752952,-0.0007031044015140006,0.0,0.0,0.16333333333333333,0.0,0.0,0.0,0.0,0.0,0.0,0.0,0.0
175.0,0.5,-4.793404913138474,6725.580926324251,-0.0004757266418335959,-0.0013997956863309063,0.0,0.0,0.16333333333333333,0.0,0.0,0.0,0.0,0.0,0.0,0.0,0.0
175.0,0.75,-4.793639557363635,6725.627349020123,-0.0007103708669946585,-0.0020900460335271714,0.0,0.0,0.16333333333333333,0.0,0.0,0.0,0.0,0.0,0.0,0.0,0.0
175.0,1.0,-4.7938720580146645,6725.673339716265,-0.0009428715180241909,-0.0027738730578678364,0.0,0.0,0.16333333333333333,0.0,0.0,0.0,0.0,0.0,0.0,0.0,0.0
180.0,0.0,-4.79292918649664,6725.486783250374,0.0,0.0,0.0,0.0,0.16333333333333333,0.0,0.0,0.0,0.0,0.0,0.0,0.0,0.0
180.0,0.25,-4.793957609781818,6725.691925371929,-0.0010284232851773822,-0.0030502196817273194,0.0,0.0,0.16333333333333333,0.0,0.0,0.0,0.0,0.0,0.0,0.0,0.0
180.0,0.5,-4.794983403466834,6725.896536743482,-0.002054216970194034,-0.006092547741353192,0.0,0.0,0.16333333333333333,0.0,0.0,0.0,0.0,0.0,0.0,0.0,0.0
180.0,0.75,-4.796006446455144,6726.100593198974,-0.0030772599585038307,-0.009126624858269185,0.0,0.0,0.16333333333333333,0.0,0.0,0.0,0.0,0.0,0.0,0.0,0.0
180.0,1.0,-4.797025907989858,6726.303928639064,-0.004096721493217714,-0.012149981332576549,0.0,0.0,0.16333333333333333,0.0,0.0,0.0,0.0,0.0,0.0,0.0,0.0
185.0,0.0,-4.79292918649664,6725.486783250374,0.0,0.0,0.0,0.0,0.16333333333333333,0.0,0.0,0.0,0.0,0.0,0.0,0.0,0.0
185.0,0.25,-4.7942358847198845,6725.747605772895,-0.0013066982232441404,-0.0038781211074689365,0.0,0.0,0.16333333333333333,0.0,0.0,0.0,0.0,0.0,0.0,0.0,0.0
185.0,0.5,-4.795536708517775,6726.007248807411,-0.0026075220211350114,-0.007738704629278555,0.0,0.0,0.16333333333333333,0.0,0.0,0.0,0.0,0.0,0.0,0.0,0.0
185.0,0.75,-4.79683168029084,6726.265716882047,-0.00390249379419938,-0.011581817893281457,0.0,0.0,0.16333333333333333,0.0,0.0,0.0,0.0,0.0,0.0,0.0,0.0
185.0,1.0,-4.798120960122554,6726.523042070934,-0.005191773625913498,-0.015407937803708473,0.0,0.0,0.16333333333333333,0.0,0.0,0.0,0.0,0.0,0.0,0.0,0.0
190.0,0.0,-4.79292918649664,6725.486783250374,0.0,0.0,0.0,0.0,0.16333333333333333,0.0,0.0,0.0,0.0,0.0,0.0,0.0,0.0
190.0,0.25,-4.794211212890974,6725.742715482363,-0.001282026394333613,-0.003805408295885333,0.0,0.0,0.16333333333333333,0.0,0.0,0.0,0.0,0.0,0.0,0.0,0.0
190.0,0.5,-4.795487977260713,6725.997591382381,-0.002558790764072505,-0.0075951101900748556,0.0,0.0,0.16333333333333333,0.0,0.0,0.0,0.0,0.0,0.0,0.0,0.0
190.0,0.75,-4.7967594924933445,6726.251413862342,-0.0038303059967041975,-0.011369148979253396,0.0,0.0,0.16333333333333333,0.0,0.0,0.0,0.0,0.0,0.0,0.0,0.0
190.0,1.0,-4.798025810923008,6726.504193337612,-0.005096624426367491,-0.015127679527555296,0.0,0.0,0.16333333333333333,0.0,0.0,0.0,0.0,0.0,0.0,0.0,0.0
195.0,0.0,-4.79292918649664,6725.486783250374,0.0,0.0,0.0,0.0,0.16333333333333333,0.0,0.0,0.0,0.0,0.0,0.0,0.0,0.0
195.0,0.25,-4.794290035450564,6725.758716431593,-0.0013608489539240765,-0.0040433234051677844,0.0,0.0,0.16333333333333333,0.0,0.0,0.0,0.0,0.0,0.0,0.0,0.0
195.0,0.5,-4.795646161488148,6726.029704148991,-0.0027169749915074703,-0.008072588886341147,0.0,0.0,0.16333333333333333,0.0,0.0,0.0,0.0,0.0,0.0,0.0,0.0
195.0,0.75,-4.796997522286773,6726.299737936569,-0.004068335790132771,-0.012087670564148358,0.0,0.0,0.16333333333333333,0.0,0.0,0.0,0.0,0.0,0.0,0.0,0.0
195.0,1.0,-4.798343773524152,6726.568749055783,-0.005414587027511963,-0.016087546378106093,0.0,0.0,0.16333333333333333,0.0,0.0,0.0,0.0,0.0,0.0,0.0,0.0
200.0,0.0,-4.79292918649664,6725.486783250374,0.0,0.0,0.0,0.0,0.16333333333333333,0.0,0.0,0.0,0.0,0.0,0.0,0.0,0.0
200.0,0.25,-4.793849473950586,6725.670450800072,-0.0009202874539457895,-0.0027309183055024095,0.0,0.0,0.16333333333333333,0.0,0.0,0.0,0.0,0.0,0.0,0.0,0.0
200.0,0.5,-4.794765243014847,6725.853212333716,-0.0018360565182069521,-0.0054483652284431725,0.0,0.0,0.16333333333333333,0.0,0.0,0.0,0.0,0.0,0.0,0.0,0.0
200.0,0.75,-4.795676491131323,6726.035067480522,-0.00274730463468309,-0.008152335255695418,0.0,0.0,0.16333333333333333,0.0,0.0,0.0,0.0,0.0,0.0,0.0,0.0
200.0,1.0,-4.79658321904896,6726.216016605969,-0.003654032552319997,-0.01084283382150574,0.0,0.0,0.16333333333333333,0.0,0.0,0.0,0.0,0.0,0.0,0.0,0.0
205.0,0.0,-4.79292918649664,6725.486783250374,0.0,0.0,0.0,0.0,0.16333333333333333,0.0,0.0,0.0,0.0,0.0,0.0,0.0,0.0
205.0,0.25,-4.79355191537194,6725.610911579595,-0.0006227288752995719,-0.0018456408171112857,0.0,0.0,0.16333333333333333,0.0,0.0,0.0,0.0,0.0,0.0,0.0,0.0
205.0,0.5,-4.794174193671668,6725.734948250271,-0.0012450071750276237,-0.0036899187805297076,0.0,0.0,0.16333333333333333,0.0,0.0,0.0,0.0,0.0,0.0,0.0,0.0
205.0,0.75,-4.794796122074657,6725.858913484596,-0.0018669355780165375,-0.005533134570254343,0.0,0.0,0.16333333333333333,0.0,0.0,0.0,0.0,0.0,0.0,0.0,0.0
205.0,1.0,-4.795417960255825,6725.982859367425,-0.002488773759184326,-0.007376062626217175,0.0,0.0,0.16333333333333333,0.0,0.0,0.0,0.0,0.0,0.0,0.0,0.0
210.0,0.0,-4.79292918649664,6725.486783250374,0.0,0.0,0.0,0.0,0.16333333333333333,0.0,0.0,0.0,0.0,0.0,0.0,0.0,0.0
210.0,0.25,-4.79270170934036,6725.44108134845,0.0002274771562804645,0.0006795329973422194,0.0,0.0,0.16333333333333333,0.0,0.0,0.0,0.0,0.0,0.0,0.0,0.0
210.0,0.5,-4.792475761523446,6725.395686819989,0.00045342497319467157,0.001354495716379908,0.0,0.0,0.16333333333333333,0.0,0.0,0.0,0.0,0.0,0.0,0.0,0.0
210.0,0.75,-4.792251363204235,6725.350603635277,0.0006778232924053995,0.0020248291236845315,0.0,0.0,0.16333333333333333,0.0,0.0,0.0,0.0,0.0,0.0,0.0,0.0
210.0,1.0,-4.792028512854304,6725.3058315045155,0.0009006736423362582,0.0026905375282179934,0.0,0.0,0.16333333333333333,0.0,0.0,0.0,0.0,0.0,0.0,0.0,0.0
215.0,0.0,-4.79292918649664,6725.486783250374,0.0,0.0,0.0,0.0,0.16333333333333333,0.0,0.0,0.0,0.0,0.0,0.0,0.0,0.0
215.0,0.25,-4.7918697310173615,6725.274649816252,0.0010594554792788813,0.003154172195388688,0.0,0.0,0.16333333333333333,0.0,0.0,0.0,0.0,0.0,0.0,0.0,0.0
215.0,0.5,-4.790815162853832,6725.063495263993,0.002114023642808327,0.0062937895801887436,0.0,0.0,0.16333333333333333,0.0,0.0,0.0,0.0,0.0,0.0,0.0,0.0
215.0,0.75,-4.789765962410951,6724.853415755785,0.0031632240856893645,0.009417422336869668,0.0,0.0,0.16333333333333333,0.0,0.0,0.0,0.0,0.0,0.0,0.0,0.0
215.0,1.0,-4.788722418288119,6724.644469099155,0.004206768208521616,0.012524210936183182,0.0,0.0,0.16333333333333333,0.0,0.0,0.0,0.0,0.0,0.0,0.0,0.0
220.0,0.0,-4.79292918649664,6725.486783250374,0.0,0.0,0.0,0.0,0.16333333333333333,0.0,0.0,0.0,0.0,0.0,0.0,0.0,0.0
220.0,0.25,-4.792088914258112,6725.318406742731,0.0008402722385287831,0.002503558672697491,0.0,0.0,0.16333333333333333,0.0,0.0,0.0,0.0,0.0,0.0,0.0,0.0
220.0,0.5,-4.7912481391292125,6725.149930552128,0.0016810473674278015,0.005008599512599479,0.0,0.0,0.16333333333333333,0.0,0.0,0.0,0.0,0.0,0.0,0.0,0.0
220.0,0.75,-4.790406631219305,6724.981308818082,0.0025225552773351367,0.007515804410638347,0.0,0.0,0.16333333333333333,0.0,0.0,0.0,0.0,0.0,0.0,0.0,0.0
220.0,1.0,-4.789564314841198,6724.812526603058,0.003364871655442414,0.010025395470184124,0.0,0.0,0.16333333333333333,0.0,0.0,0.0,0.0,0.0,0.0,0.0,0.0
225.0,0.0,-4.79292918649664,6725.486783250374,0.0,0.0,0.0,0.0,0.16333333333333333,0.0,0.0,0.0,0.0,0.0,0.0,0.0,0.0
225.0,0.25,-4.792047957726795,6725.310208466707,0.0008812287698454213,0.002625457299341467,0.0,0.0,0.16333333333333333,0.0,0.0,0.0,0.0,0.0,0.0,0.0,0.0
225.0,0.5,-4.791161904536371,6725.132668757463,0.001767281960269429,0.00526526189588586,0.0,0.0,0.16333333333333333,0.0,0.0,0.0,0.0,0.0,0.0,0.0,0.0
225.0,0.75,-4.790271206681106,6724.954200197083,0.002657979815534617,0.007918877405535518,0.0,0.0,0.16333333333333333,0.0,0.0,0.0,0.0,0.0,0.0,0.0,0.0
225.0,1.0,-4.789376072363659,6724.774844463299,0.0035531141329814275,0.01058568412993289,0.0,0.0,0.16333333333333333,0.0,0.0,0.0,0.0,0.0,0.0,0.0,0.0
230.0,0.0,-4.79292918649664,6725.486783250374,0.0,0.0,0.0,0.0,0.16333333333333333,0.0,0.0,0.0,0.0,0.0,0.0,0.0,0.0
230.0,0.25,-4.792102534229715,6725.321139570641,0.0008266522669249099,0.0024629247676985523,0.0,0.0,0.16333333333333333,0.0,0.0,0.0,0.0,0.0,0.0,0.0,0.0
230.0,0.5,-4.791272285295413,6725.154776365055,0.001656901201227079,0.004936548030187404,0.0,0.0,0.16333333333333333,0.0,0.0,0.0,0.0,0.0,0.0,0.0,0.0
230.0,0.75,-4.790438045828673,6724.987614881204,0.0024911406679670733,0.007422040742295585,0.0,0.0,0.16333333333333333,0.0,0.0,0.0,0.0,0.0,0.0,0.0,0.0
230.0,1.0,-4.789599296144699,6724.819551241136,0.0033298903519414225,0.00992094744576934,0.0,0.0,0.16333333333333333,0.0,0.0,0.0,0.0,0.0,0.0,0.0,0.0
235.0,0.0,-4.79292918649664,6725.486783250374,0.0,0.0,0.0,0.0,0.16333333333333333,0.0,0.0,0.0,0.0,0.0,0.0,0.0,0.0
235.0,0.25,-4.7918987079835,6725.280407783524,0.0010304785131403094,0.0030685580613097254,0.0,0.0,0.16333333333333333,0.0,0.0,0.0,0.0,0.0,0.0,0.0,0.0
235.0,0.5,-4.790865037898403,6725.073393937123,0.0020641485982375585,0.006146608068291902,0.0,0.0,0.16333333333333333,0.0,0.0,0.0,0.0,0.0,0.0,0.0,0.0
235.0,0.75,-4.789828421544264,6724.86579072668,0.0031007649523759895,0.00923342121853549,0.0,0.0,0.16333333333333333,0.0,0.0,0.0,0.0,0.0,0.0,0.0,0.0
235.0,1.0,-4.7887890531181005,6724.657636926439,0.004140133378539801,0.012328420985076194,0.0,0.0,0.16333333333333333,0.0,0.0,0.0,0.0,0.0,0.0,0.0,0.0
240.0,0.0,-4.79292918649664,6725.486783250374,0.0,0.0,0.0,0.0,0.16333333333333333,0.0,0.0,0.0,0.0,0.0,0.0,0.0,0.0
240.0,0.25,-4.791924331485294,6725.285736480034,0.001004855011346173,0.002989326673587814,0.0,0.0,0.16333333333333333,0.0,0.0,0.0,0.0,0.0,0.0,0.0,0.0
240.0,0.5,-4.7909178863522195,6725.084372589215,0.002011300144420858,0.00598336855202488,0.0,0.0,0.16333333333333333,0.0,0.0,0.0,0.0,0.0,0.0,0.0,0.0
240.0,0.75,-4.7899099497208875,6724.882711333907,0.003019236775752887,0.008981831887202125,0.0,0.0,0.16333333333333333,0.0,0.0,0.0,0.0,0.0,0.0,0.0,0.0
240.0,1.0,-4.788900596125803,6724.680767656915,0.00402859037083747,0.011984494497356075,0.0,0.0,0.16333333333333333,0.0,0.0,0.0,0.0,0.0,0.0,0.0,0.0
245.0,0.0,-4.79292918649664,6725.486783250374,0.0,0.0,0.0,0.0,0.16333333333333333,0.0,0.0,0.0,0.0,0.0,0.0,0.0,0.0
245.0,0.25,-4.791655160666353,6725.231888383924,0.001274025830287684,0.00378998390249817,0.0,0.0,0.16333333333333333,0.0,0.0,0.0,0.0,0.0,0.0,0.0,0.0
245.0,0.5,-4.790379396288056,6724.97664744934,0.002549790208584035,0.007585113427101583,0.0,0.0,0.16333333333333333,0.0,0.0,0.0,0.0,0.0,0.0,0.0,0.0
245.0,0.75,-4.789101905136467,6724.721062828212,0.003827281360173629,0.011385353162380861,0.0,0.0,0.16333333333333333,0.0,0.0,0.0,0.0,0.0,0.0,0.0,0.0
245.0,1.0,-4.78782269025362,6724.465135141551,0.0051064962430205085,0.015190693874637567,0.0,0.0,0.16333333333333333,0.0,0.0,0.0,0.0,0.0,0.0,0.0,0.0
250.0,0.0,-4.79292918649664,6725.486783250374,0.0,0.0,0.0,0.0,0.16333333333333333,0.0,0.0,0.0,0.0,0.0,0.0,0.0,0.0
250.0,0.25,-4.79172578153602,6725.245962100414,0.0012034049606199915,0.0035807244549241634,0.0,0.0,0.16333333333333333,0.0,0.0,0.0,0.0,0.0,0.0,0.0,0.0
250.0,0.5,-4.790520117710115,6725.004689687651,0.002409068786525026,0.007168158651708803,0.0,0.0,0.16333333333333333,0.0,0.0,0.0,0.0,0.0,0.0,0.0,0.0
250.0,0.75,-4.789312346454923,6724.762996341858,0.00361684004171714,0.010761851622682962,0.0,0.0,0.16333333333333333,0.0,0.0,0.0,0.0,0.0,0.0,0.0,0.0
250.0,1.0,-4.788102627518772,6724.520913923502,0.00482655897786799,0.014361329640517942,0.0,0.0,0.16333333333333333,0.0,0.0,0.0,0.0,0.0,0.0,0.0,0.0
255.0,0.0,-4.79292918649664,6725.486783250374,0.0,0.0,0.0,0.0,0.16333333333333333,0.0,0.0,0.0,0.0,0.0,0.0,0.0,0.0
255.0,0.25,-4.79172412430433,6725.245543903329,0.0012050621923105354,0.0035869425488388174,0.0,0.0,0.16333333333333333,0.0,0.0,0.0,0.0,0.0,0.0,0.0,0.0
255.0,0.5,-4.7905174330540055,6725.003978491724,0.0024117534426348897,0.007178733290386864,0.0,0.0,0.16333333333333333,0.0,0.0,0.0,0.0,0.0,0.0,0.0,0.0
255.0,0.75,-4.789309268744276,6724.762118251764,0.0036199177523643655,0.010774907779386028,0.0,0.0,0.16333333333333333,0.0,0.0,0.0,0.0,0.0,0.0,0.0,0.0
255.0,1.0,-4.788099750195225,6724.519986988275,0.004829436301415413,0.014375112066335093,0.0,0.0,0.16333333333333333,0.0,0.0,0.0,0.0,0.0,0.0,0.0,0.0
260.0,0.0,-4.79292918649664,6725.486783250374,0.0,0.0,0.0,0.0,0.16333333333333333,0.0,0.0,0.0,0.0,0.0,0.0,0.0,0.0
260.0,0.25,-4.791557043484317,6725.212081135966,0.00137214301232369,0.004084494152778814,0.0,0.0,0.16333333333333333,0.0,0.0,0.0,0.0,0.0,0.0,0.0,0.0
260.0,0.5,-4.790185361558573,6724.937470547193,0.0027438249380669077,0.008167627428090895,0.0,0.0,0.16333333333333333,0.0,0.0,0.0,0.0,0.0,0.0,0.0,0.0
260.0,0.75,-4.78881424217407,6724.662971810884,0.004114944322570757,0.012249097590103827,0.0,0.0,0.16333333333333333,0.0,0.0,0.0,0.0,0.0,0.0,0.0,0.0
260.0,1.0,-4.787443763565084,6724.388600576177,0.005485422931556627,0.016328671954753137,0.0,0.0,0.16333333333333333,0.0,0.0,0.0,0.0,0.0,0.0,0.0,0.0
265.0,0.0,-4.79292918649664,6725.486783250374,0.0,0.0,0.0,0.0,0.16333333333333333,0.0,0.0,0.0,0.0,0.0,0.0,0.0,0.0
265.0,0.25,-4.791370531190417,6725.174836049162,0.0015586553062236774,0.004638284354213605,0.0,0.0,0.16333333333333333,0.0,0.0,0.0,0.0,0.0,0.0,0.0,0.0
265.0,0.5,-4.789816496650182,6724.863812251275,0.003112689846457961,0.009262838797793351,0.0,0.0,0.16333333333333333,0.0,0.0,0.0,0.0,0.0,0.0,0.0,0.0
265.0,0.75,-4.788268040567211,6724.553903393222,0.004661145929429011,0.013870815410352734,0.0,0.0,0.16333333333333333,0.0,0.0,0.0,0.0,0.0,0.0,0.0,0.0
265.0,1.0,-4.786725642996144,6724.245205497336,0.006203543500496345,0.018460786453849826,0.0,0.0,0.16333333333333333,0.0,0.0,0.0,0.0,0.0,0.0,0.0,0.0
270.0,0.0,-4.79292918649664,6725.486783250374,0.0,0.0,0.0,0.0,0.16333333333333333,0.0,0.0,0.0,0.0,0.0,0.0,0.0,0.0
270.0,0.25,-4.790990384100772,6725.098793599386,0.0019388023958679668,0.0057689452599063015,0.0,0.0,0.16333333333333333,0.0,0.0,0.0,0.0,0.0,0.0,0.0,0.0
270.0,0.5,-4.789059593898321,6724.712405326917,0.003869592598319649,0.011514079923338203,0.0,0.0,0.16333333333333333,0.0,0.0,0.0,0.0,0.0,0.0,0.0,0.0
270.0,0.75,-4.787138219323015,6724.327899120963,0.005790967173624928,0.017231230493198746,0.0,0.0,0.16333333333333333,0.0,0.0,0.0,0.0,0.0,0.0,0.0,0.0
270.0,1.0,-4.785226938056005,6723.9454105003415,0.007702248440635273,0.022918381965621015,0.0,0.0,0.16333333333333333,0.0,0.0,0.0,0.0,0.0,0.0,0.0,0.0
275.0,0.0,-4.79292918649664,6725.486783250374,0.0,0.0,0.0,0.0,0.16333333333333333,0.0,0.0,0.0,0.0,0.0,0.0,0.0,0.0
275.0,0.25,-4.790833722441291,6725.067548818931,0.0020954640553494386,0.006233518033035459,0.0,0.0,0.16333333333333333,0.0,0.0,0.0,0.0,0.0,0.0,0.0,0.0
275.0,0.5,-4.78874810688444,6724.650282942836,0.004181079612200378,0.01243776598626391,0.0,0.0,0.16333333333333333,0.0,0.0,0.0,0.0,0.0,0.0,0.0,0.0
275.0,0.75,-4.786674235228724,6724.235364680106,0.006254951267916198,0.018607107717244956,0.0,0.0,0.16333333333333333,0.0,0.0,0.0,0.0,0.0,0.0,0.0,0.0
275.0,1.0,-4.784613600113456,6723.823092535954,0.008315586383184304,0.02473710480799099,0.0,0.0,0.16333333333333333,0.0,0.0,0.0,0.0,0.0,0.0,0.0,0.0
280.0,0.0,-4.79292918649664,6725.486783250374,0.0,0.0,0.0,0.0,0.16333333333333333,0.0,0.0,0.0,0.0,0.0,0.0,0.0,0.0
280.0,0.25,-4.790808441589149,6725.0626180531945,0.0021207449074909235,0.006306832662820617,0.0,0.0,0.16333333333333333,0.0,0.0,0.0,0.0,0.0,0.0,0.0,0.0
280.0,0.5,-4.788695004947574,6724.639913094309,0.00423418154906674,0.012591953316660388,0.0,0.0,0.16333333333333333,0.0,0.0,0.0,0.0,0.0,0.0,0.0,0.0
280.0,0.75,-4.7865895456830065,6724.218802452152,0.006339640813633807,0.01885336837446571,0.0,0.0,0.16333333333333333,0.0,0.0,0.0,0.0,0.0,0.0,0.0,0.0
280.0,1.0,-4.784492997356704,6723.799472839831,0.008436189139936268,0.02508830163410073,0.0,0.0,0.16333333333333333,0.0,0.0,0.0,0.0,0.0,0.0,0.0,0.0
285.0,0.0,-4.79292918649664,6725.486783250374,0.0,0.0,0.0,0.0,0.16333333333333333,0.0,0.0,0.0,0.0,0.0,0.0,0.0,0.0
285.0,0.25,-4.790631870527526,6725.027328890574,0.002297315969114422,0.0068315405948716195,0.0,0.0,0.16333333333333333,0.0,0.0,0.0,0.0,0.0,0.0,0.0,0.0
285.0,0.5,-4.788340983290495,6724.569158659855,0.00458820320614528,0.013643987715572804,0.0,0.0,0.16333333333333333,0.0,0.0,0.0,0.0,0.0,0.0,0.0,0.0
285.0,0.75,-4.786056684099132,6724.112304456877,0.006872502397508029,0.02043686706693964,0.0,0.0,0.16333333333333333,0.0,0.0,0.0,0.0,0.0,0.0,0.0,0.0
285.0,1.0,-4.7837792464294315,6723.656820964535,0.009149940067208817,0.02720936557926031,0.0,0.0,0.16333333333333333,0.0,0.0,0.0,0.0,0.0,0.0,0.0,0.0
290.0,0.0,-4.79292918649664,6725.486783250374,0.0,0.0,0.0,0.0,0.16333333333333333,0.0,0.0,0.0,0.0,0.0,0.0,0.0,0.0
290.0,0.25,-4.7905629365800095,6725.013687225627,0.0023662499166308137,0.007034375949192205,0.0,0.0,0.16333333333333333,0.0,0.0,0.0,0.0,0.0,0.0,0.0,0.0
290.0,0.5,-4.788205277179866,6724.542307446507,0.004723909316774133,0.014043233364450649,0.0,0.0,0.16333333333333333,0.0,0.0,0.0,0.0,0.0,0.0,0.0,0.0
290.0,0.75,-4.785857467793816,6724.0728958408645,0.007071718702824192,0.021022826377875618,0.0,0.0,0.16333333333333333,0.0,0.0,0.0,0.0,0.0,0.0,0.0,0.0
290.0,1.0,-4.783522959737085,6723.606142625472,0.00940622675955538,0.027962892285893392,0.0,0.0,0.16333333333333333,0.0,0.0,0.0,0.0,0.0,0.0,0.0,0.0
295.0,0.0,-4.79292918649664,6725.486783250374,0.0,0.0,0.0,0.0,0.16333333333333333,0.0,0.0,0.0,0.0,0.0,0.0,0.0,0.0
295.0,0.25,-4.790461857433221,6724.993435868648,0.002467329063419399,0.007335489573112348,0.0,0.0,0.16333333333333333,0.0,0.0,0.0,0.0,0.0,0.0,0.0,0.0
295.0,0.5,-4.788002981588793,6724.501777105346,0.0049262049078473424,0.014645871395971495,0.0,0.0,0.16333333333333333,0.0,0.0,0.0,0.0,0.0,0.0,0.0,0.0
295.0,0.75,-4.785552656060384,6724.011826419512,0.007376530436256523,0.021930856135735408,0.0,0.0,0.16333333333333333,0.0,0.0,0.0,0.0,0.0,0.0,0.0,0.0
295.0,1.0,-4.783111017980268,6723.523611253316,0.009818168516372516,0.02919003575990476,0.0,0.0,0.16333333333333333,0.0,0.0,0.0,0.0,0.0,0.0,0.0,0.0
300.0,0.0,-4.79292918649664,6725.486783250374,0.0,0.0,0.0,0.0,0.16333333333333333,0.0,0.0,0.0,0.0,0.0,0.0,0.0,0.0
300.0,0.25,-4.790003379032199,6724.901753327339,0.0029258074644413767,0.008698700062753941,0.0,0.0,0.16333333333333333,0.0,0.0,0.0,0.0,0.0,0.0,0.0,0.0
300.0,0.5,-4.787084673716319,6724.318140497486,0.005844512780321054,0.01737632963310426,0.0,0.0,0.16333333333333333,0.0,0.0,0.0,0.0,0.0,0.0,0.0,0.0
300.0,0.75,-4.784173415766196,6723.7360141812605,0.008755770730444645,0.026031856511470202,0.0,0.0,0.16333333333333333,0.0,0.0,0.0,0.0,0.0,0.0,0.0,0.0
300.0,1.0,-4.781269588946209,6723.155371430257,0.011659597550431222,0.03466532453715123,0.0,0.0,0.16333333333333333,0.0,0.0,0.0,0.0,0.0,0.0,0.0,0.0
305.0,0.0,-4.79292918649664,6725.486783250374,0.0,0.0,0.0,0.0,0.16333333333333333,0.0,0.0,0.0,0.0,0.0,0.0,0.0,0.0
305.0,0.25,-4.7899434427281875,6724.889648608379,0.002985743768452842,0.008878682855830256,0.0,0.0,0.16333333333333333,0.0,0.0,0.0,0.0,0.0,0.0,0.0,0.0
305.0,0.5,-4.786966122613649,6724.29419613646,0.005963063882991726,0.017732353840674592,0.0,0.0,0.16333333333333333,0.0,0.0,0.0,0.0,0.0,0.0,0.0,0.0
305.0,0.75,-4.7839973942964,6723.700459467794,0.008931792200240096,0.02656051286918332,0.0,0.0,0.16333333333333333,0.0,0.0,0.0,0.0,0.0,0.0,0.0,0.0
305.0,1.0,-4.781037319009759,6723.108450833162,0.011891867486881758,0.035362978084129006,0.0,0.0,0.16333333333333333,0.0,0.0,0.0,0.0,0.0,0.0,0.0,0.0
310.0,0.0,-4.79292918649664,6725.486783250374,0.0,0.0,0.0,0.0,0.16333333333333333,0.0,0.0,0.0,0.0,0.0,0.0,0.0,0.0
310.0,0.25,-4.789856663770043,6724.872361832239,0.0030725227265975263,0.009135716683960347,0.0,0.0,0.16333333333333333,0.0,0.0,0.0,0.0,0.0,0.0,0.0,0.0
310.0,0.5,-4.786788286976679,6724.258767278142,0.006140899519960996,0.018259138881821606,0.0,0.0,0.16333333333333333,0.0,0.0,0.0,0.0,0.0,0.0,0.0,0.0
310.0,0.75,-4.783724647981139,6723.646118001001,0.00920453851550107,0.027368505934132266,0.0,0.0,0.16333333333333333,0.0,0.0,0.0,0.0,0.0,0.0,0.0,0.0
310.0,1.0,-4.780666130240351,6723.034490761347,0.012263056256289318,0.036462676502977014,0.0,0.0,0.16333333333333333,0.0,0.0,0.0,0.0,0.0,0.0,0.0,0.0
315.0,0.0,-4.79292918649664,6725.486783250374,0.0,0.0,0.0,0.0,0.16333333333333333,0.0,0.0,0.0,0.0,0.0,0.0,0.0,0.0
315.0,0.25,-4.78995002973506,6724.890863489548,0.002979156761580448,0.008860619015866803,0.0,0.0,0.16333333333333333,0.0,0.0,0.0,0.0,0.0,0.0,0.0,0.0
315.0,0.5,-4.786976121488389,6724.295990783121,0.005953065008251102,0.01770566957649616,0.0,0.0,0.16333333333333333,0.0,0.0,0.0,0.0,0.0,0.0,0.0,0.0
315.0,0.75,-4.784007530777249,6723.702179047912,0.00892165571939163,0.026534944755324023,0.0,0.0,0.16333333333333333,0.0,0.0,0.0,0.0,0.0,0.0,0.0,0.0
315.0,1.0,-4.781044092558244,6723.109395462133,0.011885093938396096,0.03534893257335864,0.0,0.0,0.16333333333333333,0.0,0.0,0.0,0.0,0.0,0.0,0.0,0.0
320.0,0.0,-4.79292918649664,6725.486783250374,0.0,0.0,0.0,0.0,0.16333333333333333,0.0,0.0,0.0,0.0,0.0,0.0,0.0,0.0
320.0,0.25,-4.789836069917533,6724.867951245947,0.003093116579107047,0.009201296863280058,0.0,0.0,0.16333333333333333,0.0,0.0,0.0,0.0,0.0,0.0,0.0,0.0
320.0,0.5,-4.786745526312248,6724.249629154389,0.0061836601843925365,0.01839501192784888,0.0,0.0,0.16333333333333333,0.0,0.0,0.0,0.0,0.0,0.0,0.0,0.0
320.0,0.75,-4.783658046279535,6723.631915142498,0.009271140217105511,0.02757968557006047,0.0,0.0,0.16333333333333333,0.0,0.0,0.0,0.0,0.0,0.0,0.0,0.0
320.0,1.0,-4.7805738056165294,6723.014844473514,0.0123553808801109,0.036754793467386374,0.0,0.0,0.16333333333333333,0.0,0.0,0.0,0.0,0.0,0.0,0.0,0.0
325.0,0.0,-4.79292918649664,6725.486783250374,0.0,0.0,0.0,0.0,0.16333333333333333,0.0,0.0,0.0,0.0,0.0,0.0,0.0,0.0
325.0,0.25,-4.789969453434891,6724.894568380684,0.002959733061749681,0.00880553168530329,0.0,0.0,0.16333333333333333,0.0,0.0,0.0,0.0,0.0,0.0,0.0,0.0
325.0,0.5,-4.787011808553648,6724.302766852598,0.00591737794299263,0.017604917471916042,0.0,0.0,0.16333333333333333,0.0,0.0,0.0,0.0,0.0,0.0,0.0,0.0
325.0,0.75,-4.784056704501286,6723.711469239674,0.008872481995354065,0.026396810638615747,0.0,0.0,0.16333333333333333,0.0,0.0,0.0,0.0,0.0,0.0,0.0,0.0
325.0,1.0,-4.781103957669981,6723.120638880751,0.011825228826658929,0.03518175629332331,0.0,0.0,0.16333333333333333,0.0,0.0,0.0,0.0,0.0,0.0,0.0,0.0
330.0,0.0,-4.79292918649664,6725.486783250374,0.0,0.0,0.0,0.0,0.16333333333333333,0.0,0.0,0.0,0.0,0.0,0.0,0.0,0.0
330.0,0.25,-4.790133499014324,6724.927634638459,0.002795687482316289,0.008313875707973019,0.0,0.0,0.16333333333333333,0.0,0.0,0.0,0.0,0.0,0.0,0.0,0.0
330.0,0.5,-4.787339961123563,6724.368912859779,0.005589225373077156,0.016621404912716426,0.0,0.0,0.16333333333333333,0.0,0.0,0.0,0.0,0.0,0.0,0.0,0.0
330.0,0.75,-4.784549021576016,6723.810707667869,0.008380164920624544,0.024921253085791614,0.0,0.0,0.16333333333333333,0.0,0.0,0.0,0.0,0.0,0.0,0.0,0.0
330.0,1.0,-4.7817609604823135,6723.253074965047,0.011168226014326876,0.03321258902612556,0.0,0.0,0.16333333333333333,0.0,0.0,0.0,0.0,0.0,0.0,0.0,0.0
335.0,0.0,-4.79292918649664,6725.486783250374,0.0,0.0,0.0,0.0,0.16333333333333333,0.0,0.0,0.0,0.0,0.0,0.0,0.0,0.0
335.0,0.25,-4.790436640297319,6724.988109602536,0.002492546199321488,0.007414684823714448,0.0,0.0,0.16333333333333333,0.0,0.0,0.0,0.0,0.0,0.0,0.0,0.0
335.0,0.5,-4.787943626385371,6724.489339211163,0.0049855601112689385,0.01483080810887461,0.0,0.0,0.16333333333333333,0.0,0.0,0.0,0.0,0.0,0.0,0.0,0.0
335.0,0.75,-4.785449953004904,6723.990433718172,0.007479233491736181,0.022248940194609587,0.0,0.0,0.16333333333333333,0.0,0.0,0.0,0.0,0.0,0.0,0.0,0.0
335.0,1.0,-4.782955514174519,6723.491371949334,0.009973672322121097,0.02966939591658119,0.0,0.0,0.16333333333333333,0.0,0.0,0.0,0.0,0.0,0.0,0.0,0.0
340.0,0.0,-4.79292918649664,6725.486783250374,0.0,0.0,0.0,0.0,0.16333333333333333,0.0,0.0,0.0,0.0,0.0,0.0,0.0,0.0
340.0,0.25,-4.790642143781167,6725.029216164704,0.0022870427154737527,0.006803479070240563,0.0,0.0,0.16333333333333333,0.0,0.0,0.0,0.0,0.0,0.0,0.0,0.0
340.0,0.5,-4.788351191378367,6724.570861801248,0.0045779951182733924,0.013618664026038193,0.0,0.0,0.16333333333333333,0.0,0.0,0.0,0.0,0.0,0.0,0.0,0.0
340.0,0.75,-4.786056199150736,6724.111694004511,0.006872987345904136,0.020445943768524363,0.0,0.0,0.16333333333333333,0.0,0.0,0.0,0.0,0.0,0.0,0.0,0.0
340.0,1.0,-4.783756968518073,6723.651672844371,0.009172217978567154,0.02728591201120574,0.0,0.0,0.16333333333333333,0.0,0.0,0.0,0.0,0.0,0.0,0.0,0.0
345.0,0.0,-4.79292918649664,6725.486783250374,0.0,0.0,0.0,0.0,0.16333333333333333,0.0,0.0,0.0,0.0,0.0,0.0,0.0,0.0
345.0,0.25,-4.7908241774221105,6725.065624509094,0.0021050090745298178,0.00626213023463234,0.0,0.0,0.16333333333333333,0.0,0.0,0.0,0.0,0.0,0.0,0.0,0.0
345.0,0.5,-4.788715388705463,6724.643704208119,0.004213797791177143,0.012535583957357606,0.0,0.0,0.16333333333333333,0.0,0.0,0.0,0.0,0.0,0.0,0.0,0.0
345.0,0.75,-4.786602944742479,6724.221047085762,0.006326241754161188,0.01881999333884264,0.0,0.0,0.16333333333333333,0.0,0.0,0.0,0.0,0.0,0.0,0.0,0.0
345.0,1.0,-4.784486996753235,6723.797683231841,0.008442189743405493,0.02511491097923105,0.0,0.0,0.16333333333333333,0.0,0.0,0.0,0.0,0.0,0.0,0.0,0.0
350.0,0.0,-4.79292918649664,6725.486783250374,0.0,0.0,0.0,0.0,0.16333333333333333,0.0,0.0,0.0,0.0,0.0,0.0,0.0,0.0
350.0,0.25,-4.790683781529071,6725.037260551809,0.002245404967569087,0.006683868589036723,0.0,0.0,0.16333333333333333,0.0,0.0,0.0,0.0,0.0,0.0,0.0,0.0
350.0,0.5,-4.788435777058478,6724.587216113158,0.0044934094381625656,0.013375494833417849,0.0,0.0,0.16333333333333333,0.0,0.0,0.0,0.0,0.0,0.0,0.0,0.0
350.0,0.75,-4.78618533059252,6724.136681439278,0.006743855904120188,0.020074410293376144,0.0,0.0,0.16333333333333333,0.0,0.0,0.0,0.0,0.0,0.0,0.0,0.0
350.0,1.0,-4.783932534166733,6723.685674923811,0.008996652329907207,0.026780341477265747,0.0,0.0,0.16333333333333333,0.0,0.0,0.0,0.0,0.0,0.0,0.0,0.0
355.0,0.0,-4.79292918649664,6725.486783250374,0.0,0.0,0.0,0.0,0.16333333333333333,0.0,0.0,0.0,0.0,0.0,0.0,0.0,0.0
355.0,0.25,-4.790486896592463,6724.997918344692,0.002442289904177386,0.007268840478573609,0.0,0.0,0.16333333333333333,0.0,0.0,0.0,0.0,0.0,0.0,0.0,0.0
355.0,0.5,-4.788041362127625,6724.5084035059635,0.004887824369014915,0.014547344689565922,0.0,0.0,0.16333333333333333,0.0,0.0,0.0,0.0,0.0,0.0,0.0,0.0
355.0,0.75,-4.78559289664847,6724.018301371657,0.007336289848169919,0.021834581288219836,0.0,0.0,0.16333333333333333,0.0,0.0,0.0,0.0,0.0,0.0,0.0,0.0
355.0,1.0,-4.783141454391157,6723.52760290989,0.009787732105483116,0.02913068456788893,0.0,0.0,0.16333333333333333,0.0,0.0,0.0,0.0,0.0,0.0,0.0,0.0
360.0,0.0,-4.79292918649664,6725.486783250374,0.0,0.0,0.0,0.0,0.16333333333333333,0.0,0.0,0.0,0.0,0.0,0.0,0.0,0.0
360.0,0.25,-4.790622199299405,6725.0250731337555,0.0023069871972349887,0.006865081019391911,0.0,0.0,0.16333333333333333,0.0,0.0,0.0,0.0,0.0,0.0,0.0,0.0
360.0,0.5,-4.788312650973992,6724.562846394227,0.004616535522647958,0.0137378436078197,0.0,0.0,0.16333333333333333,0.0,0.0,0.0,0.0,0.0,0.0,0.0,0.0
360.0,0.75,-4.786000664680243,6724.100127678671,0.0069285218163974704,0.020617921295401003,0.0,0.0,0.16333333333333333,0.0,0.0,0.0,0.0,0.0,0.0,0.0,0.0
360.0,1.0,-4.783686245536752,6723.6369191277045,0.009242940959888202,0.02750528225372097,0.0,0.0,0.16333333333333333,0.0,0.0,0.0,0.0,0.0,0.0,0.0,0.0
365.0,0.0,-4.79292918649664,6725.486783250374,0.0,0.0,0.0,0.0,0.16333333333333333,0.0,0.0,0.0,0.0,0.0,0.0,0.0,0.0
365.0,0.25,-4.790909648147224,6725.082592478645,0.002019538349416372,0.006009836681797008,0.0,0.0,0.16333333333333333,0.0,0.0,0.0,0.0,0.0,0.0,0.0,0.0
365.0,0.5,-4.788889857769757,6724.678349634495,0.0040393287268836175,0.012020447618638092,0.0,0.0,0.16333333333333333,0.0,0.0,0.0,0.0,0.0,0.0,0.0,0.0
365.0,0.75,-4.786869704875934,6724.274032729388,0.006059481620706464,0.0180321597539492,0.0,0.0,0.16333333333333333,0.0,0.0,0.0,0.0,0.0,0.0,0.0,0.0
365.0,1.0,-4.784848965888702,6723.869597150824,0.00808022060793867,0.024045636422594836,0.0,0.0,0.16333333333333333,0.0,0.0,0.0,0.0,0.0,0.0,0.0,0.0
370.0,0.0,-4.79292918649664,6725.486783250374,0.0,0.0,0.0,0.0,0.16333333333333333,0.0,0.0,0.0,0.0,0.0,0.0,0.0,0.0
370.0,0.25,-4.791596037142544,6725.219872591429,0.0013331493540960082,0.0039686444646697605,0.0,0.0,0.16333333333333333,0.0,0.0,0.0,0.0,0.0,0.0,0.0,0.0
370.0,0.5,-4.79025322058544,6724.951027698861,0.002675965911200784,0.00796604868583199,0.0,0.0,0.16333333333333333,0.0,0.0,0.0,0.0,0.0,0.0,0.0,0.0
370.0,0.75,-4.788899608493804,6724.680022846546,0.0040295780028367645,0.011995568942861934,0.0,0.0,0.16333333333333333,0.0,0.0,0.0,0.0,0.0,0.0,0.0,0.0
370.0,1.0,-4.787534235647069,6724.406665265141,0.005394950849571423,0.01606007148691902,0.0,0.0,0.16333333333333333,0.0,0.0,0.0,0.0,0.0,0.0,0.0,0.0
375.0,0.0,-4.79292918649664,6725.486783250374,0.0,0.0,0.0,0.0,0.16333333333333333,0.0,0.0,0.0,0.0,0.0,0.0,0.0,0.0
375.0,0.25,-4.791620025631528,6725.22470887056,0.0013091608651123465,0.0038967347384724987,0.0,0.0,0.16333333333333333,0.0,0.0,0.0,0.0,0.0,0.0,0.0,0.0
375.0,0.5,-4.790298829049923,6724.960226954751,0.0026303574467174684,0.007829266677532408,0.0,0.0,0.16333333333333333,0.0,0.0,0.0,0.0,0.0,0.0,0.0,0.0
375.0,0.75,-4.788965184171114,6724.693255058178,0.003964002325526295,0.011798821672992489,0.0,0.0,0.16333333333333333,0.0,0.0,0.0,0.0,0.0,0.0,0.0,0.0
375.0,1.0,-4.78761787711505,6724.4235504509015,0.005311309381590412,0.015809008830715326,0.0,0.0,0.16333333333333333,0.0,0.0,0.0,0.0,0.0,0.0,0.0,0.0
380.0,0.0,-4.79292918649664,6725.486783250374,0.0,0.0,0.0,0.0,0.16333333333333333,0.0,0.0,0.0,0.0,0.0,0.0,0.0,0.0
380.0,0.25,-4.791362200465532,6725.173162132317,0.0015669860311087191,0.004663173509436717,0.0,0.0,0.16333333333333333,0.0,0.0,0.0,0.0,0.0,0.0,0.0,0.0
380.0,0.5,-4.7897577888715235,6724.852054678577,0.0031713976251168674,0.009437659938285334,0.0,0.0,0.16333333333333333,0.0,0.0,0.0,0.0,0.0,0.0,0.0,0.0
380.0,0.75,-4.788112755099692,6724.5228215808165,0.0048164313969483175,0.014332965042149304,0.0,0.0,0.16333333333333333,0.0,0.0,0.0,0.0,0.0,0.0,0.0,0.0
380.0,1.0,-4.786423932012593,6724.18482941903,0.0065052544840469295,0.01935850702414966,0.0,0.0,0.16333333333333333,0.0,0.0,0.0,0.0,0.0,0.0,0.0,0.0
385.0,0.0,-4.79292918649664,6725.486783250374,0.0,0.0,0.0,0.0,0.16333333333333333,0.0,0.0,0.0,0.0,0.0,0.0,0.0,0.0
385.0,0.25,-4.791404776375912,6725.181951826452,0.0015244101207283478,0.004532481197961719,0.0,0.0,0.16333333333333333,0.0,0.0,0.0,0.0,0.0,0.0,0.0,0.0
385.0,0.5,-4.789834989052889,6724.868044525104,0.0030941974437510567,0.00919990991300816,0.0,0.0,0.16333333333333333,0.0,0.0,0.0,0.0,0.0,0.0,0.0,0.0
385.0,0.75,-4.78821530353252,6724.544157042698,0.004713882964120231,0.014015732066018482,0.0,0.0,0.16333333333333333,0.0,0.0,0.0,0.0,0.0,0.0,0.0,0.0
385.0,1.0,-4.786541305781201,6724.209406449532,0.006387880715439387,0.018993075772941674,0.0,0.0,0.16333333333333333,0.0,0.0,0.0,0.0,0.0,0.0,0.0,0.0
390.0,0.0,-4.79292918649664,6725.486783250374,0.0,0.0,0.0,0.0,0.16333333333333333,0.0,0.0,0.0,0.0,0.0,0.0,0.0,0.0
390.0,0.25,-4.791390054407561,6725.178705861058,0.0015391320890794091,0.004580744847843955,0.0,0.0,0.16333333333333333,0.0,0.0,0.0,0.0,0.0,0.0,0.0,0.0
390.0,0.5,-4.7898092532930825,6724.862294714672,0.0031199332035578564,0.009285402764557173,0.0,0.0,0.16333333333333333,0.0,0.0,0.0,0.0,0.0,0.0,0.0,0.0
390.0,0.75,-4.788181798400217,6724.536552853325,0.004747388096423499,0.014128797329821568,0.0,0.0,0.16333333333333333,0.0,0.0,0.0,0.0,0.0,0.0,0.0,0.0
390.0,1.0,-4.786499798857239,6724.199902571221,0.006429387639401263,0.01913438715481441,0.0,0.0,0.16333333333333333,0.0,0.0,0.0,0.0,0.0,0.0,0.0,0.0
395.0,0.0,-4.79292918649664,6725.486783250374,0.0,0.0,0.0,0.0,0.16333333333333333,0.0,0.0,0.0,0.0,0.0,0.0,0.0,0.0
395.0,0.25,-4.791398148538346,6725.180414885225,0.0015310379582942346,0.004555333688439576,0.0,0.0,0.16333333333333333,0.0,0.0,0.0,0.0,0.0,0.0,0.0,0.0
395.0,0.5,-4.789820398661657,6724.86470548876,0.00310878783498314,0.009249557417371747,0.0,0.0,0.16333333333333333,0.0,0.0,0.0,0.0,0.0,0.0,0.0,0.0
395.0,0.75,-4.788189284253781,6724.538324554018,0.004739902242858918,0.014102454244923826,0.0,0.0,0.16333333333333333,0.0,0.0,0.0,0.0,0.0,0.0,0.0,0.0
395.0,1.0,-4.786494866513581,6724.199284312274,0.006434319983059211,0.01914357993099167,0.0,0.0,0.16333333333333333,0.0,0.0,0.0,0.0,0.0,0.0,0.0,0.0
400.0,0.0,-4.79292918649664,6725.486783250374,0.0,0.0,0.0,0.0,0.16333333333333333,0.0,0.0,0.0,0.0,0.0,0.0,0.0,0.0
400.0,0.25,-4.791217965877434,6725.144413471947,0.0017112206192066992,0.0050906319417658285,0.0,0.0,0.16333333333333333,0.0,0.0,0.0,0.0,0.0,0.0,0.0,0.0
400.0,0.5,-4.789427133374145,6724.786121392288,0.0035020531224949636,0.01041800959049173,0.0,0.0,0.16333333333333333,0.0,0.0,0.0,0.0,0.0,0.0,0.0,0.0
400.0,0.75,-4.787544085195164,6724.409386237802,0.00538510130147607,0.016019613855389466,0.0,0.0,0.16333333333333333,0.0,0.0,0.0,0.0,0.0,0.0,0.0,0.0
400.0,1.0,-4.785567230794244,6724.013890106956,0.0073619557023967275,0.021900171554667672,0.0,0.0,0.16333333333333333,0.0,0.0,0.0,0.0,0.0,0.0,0.0,0.0
405.0,0.0,-4.79292918649664,6725.486783250374,0.0,0.0,0.0,0.0,0.16333333333333333,0.0,0.0,0.0,0.0,0.0,0.0,0.0,0.0
405.0,0.25,-4.7907429219436,6725.049401746676,0.0021862645530399405,0.006503343442547421,0.0,0.0,0.16333333333333333,0.0,0.0,0.0,0.0,0.0,0.0,0.0,0.0
405.0,0.5,-4.788439905565274,6724.588669781202,0.004489280931366579,0.013353880516260264,0.0,0.0,0.16333333333333333,0.0,0.0,0.0,0.0,0.0,0.0,0.0,0.0
405.0,0.75,-4.786032527760434,6724.107065432628,0.006896658736206263,0.020514765134661214,0.0,0.0,0.16333333333333333,0.0,0.0,0.0,0.0,0.0,0.0,0.0,0.0
405.0,1.0,-4.783539377631372,6723.608306861093,0.009389808865268634,0.0279307126728606,0.0,0.0,0.16333333333333333,0.0,0.0,0.0,0.0,0.0,0.0,0.0,0.0
410.0,0.0,-4.79292918649664,6725.486783250374,0.0,0.0,0.0,0.0,0.16333333333333333,0.0,0.0,0.0,0.0,0.0,0.0,0.0,0.0
410.0,0.25,-4.790996219258586,6725.099947033839,0.0019329672380541396,0.005751795059627606,0.0,0.0,0.16333333333333333,0.0,0.0,0.0,0.0,0.0,0.0,0.0,0.0
410.0,0.5,-4.789028010908397,6724.706062089049,0.003901175588243433,0.01160839633600513,0.0,0.0,0.16333333333333333,0.0,0.0,0.0,0.0,0.0,0.0,0.0,0.0
410.0,0.75,-4.787026758581267,6724.305567862692,0.0059024279153732095,0.01756326977882871,0.0,0.0,0.16333333333333333,0.0,0.0,0.0,0.0,0.0,0.0,0.0,0.0
410.0,1.0,-4.784993875189776,6723.8987469537615,0.007935311306864534,0.023612213476765086,0.0,0.0,0.16333333333333333,0.0,0.0,0.0,0.0,0.0,0.0,0.0,0.0
415.0,0.0,-4.79292918649664,6725.486783250374,0.0,0.0,0.0,0.0,0.16333333333333333,0.0,0.0,0.0,0.0,0.0,0.0,0.0,0.0
415.0,0.25,-4.790756557659826,6725.052004558468,0.002172628836814461,0.00646464272279751,0.0,0.0,0.16333333333333333,0.0,0.0,0.0,0.0,0.0,0.0,0.0,0.0
415.0,0.5,-4.788537049047685,6724.607849525339,0.004392137448955502,0.013068700502459587,0.0,0.0,0.16333333333333333,0.0,0.0,0.0,0.0,0.0,0.0,0.0,0.0
415.0,0.75,-4.786275541015768,6724.155294539509,0.006653645480872328,0.019797655601397478,0.0,0.0,0.16333333333333333,0.0,0.0,0.0,0.0,0.0,0.0,0.0,0.0
415.0,1.0,-4.783977764379193,6723.695485900782,0.008951422117447372,0.026634463903094933,0.0,0.0,0.16333333333333333,0.0,0.0,0.0,0.0,0.0,0.0,0.0,0.0
420.0,0.0,-4.79292918649664,6725.486783250374,0.0,0.0,0.0,0.0,0.16333333333333333,0.0,0.0,0.0,0.0,0.0,0.0,0.0,0.0
420.0,0.25,-4.790499964758324,6725.000720387318,0.0024292217383159453,0.0072271774329610555,0.0,0.0,0.16333333333333333,0.0,0.0,0.0,0.0,0.0,0.0,0.0,0.0
420.0,0.5,-4.788046458691385,6724.509801055097,0.004882727805255449,0.014526564793941425,0.0,0.0,0.16333333333333333,0.0,0.0,0.0,0.0,0.0,0.0,0.0,0.0
420.0,0.75,-4.785572706066026,6724.014832866254,0.0073564804306140985,0.02188615384369776,0.0,0.0,0.16333333333333333,0.0,0.0,0.0,0.0,0.0,0.0,0.0,0.0
420.0,1.0,-4.783082338675691,6723.516542141685,0.009846847820949023,0.029295145053232115,0.0,0.0,0.16333333333333333,0.0,0.0,0.0,0.0,0.0,0.0,0.0,0.0
425.0,0.0,-4.79292918649664,6725.486783250374,0.0,0.0,0.0,0.0,0.16333333333333333,0.0,0.0,0.0,0.0,0.0,0.0,0.0,0.0
425.0,0.25,-4.790579132977812,6725.016442794411,0.0023500535188283322,0.006993403914413531,0.0,0.0,0.16333333333333333,0.0,0.0,0.0,0.0,0.0,0.0,0.0,0.0
425.0,0.5,-4.788210742285339,6724.542434128718,0.004718444211301076,0.014041349750445324,0.0,0.0,0.16333333333333333,0.0,0.0,0.0,0.0,0.0,0.0,0.0,0.0
425.0,0.75,-4.7858273694738935,6724.06542825471,0.007101817022746815,0.021133860514063834,0.0,0.0,0.16333333333333333,0.0,0.0,0.0,0.0,0.0,0.0,0.0,0.0
425.0,1.0,-4.783430792349095,6723.585780789596,0.009498394147545497,0.028265648599774342,0.0,0.0,0.16333333333333333,0.0,0.0,0.0,0.0,0.0,0.0,0.0,0.0
430.0,0.0,-4.79292918649664,6725.486783250374,0.0,0.0,0.0,0.0,0.16333333333333333,0.0,0.0,0.0,0.0,0.0,0.0,0.0,0.0
430.0,0.25,-4.790512491853892,6725.003394100907,0.002416694642747963,0.007187422487709342,0.0,0.0,0.16333333333333333,0.0,0.0,0.0,0.0,0.0,0.0,0.0,0.0
430.0,0.5,-4.788085013223136,6724.51784864451,0.004844173273504282,0.014406906698219696,0.0,0.0,0.16333333333333333,0.0,0.0,0.0,0.0,0.0,0.0,0.0,0.0
430.0,0.75,-4.785648982848739,6724.030593410726,0.00728020364790094,0.021651813267619155,0.0,0.0,0.16333333333333333,0.0,0.0,0.0,0.0,0.0,0.0,0.0,0.0
430.0,1.0,-4.78320728860858,6723.542206074298,0.00972189788806066,0.028913552858649216,0.0,0.0,0.16333333333333333,0.0,0.0,0.0,0.0,0.0,0.0,0.0,0.0
435.0,0.0,-4.79292918649664,6725.486783250374,0.0,0.0,0.0,0.0,0.16333333333333333,0.0,0.0,0.0,0.0,0.0,0.0,0.0,0.0
435.0,0.25,-4.790671824969074,6725.035149794264,0.0022573615275662817,0.00671525304659192,0.0,0.0,0.16333333333333333,0.0,0.0,0.0,0.0,0.0,0.0,0.0,0.0
435.0,0.5,-4.7884027968175005,6724.581184630951,0.004526389679139875,0.013465175809709991,0.0,0.0,0.16333333333333333,0.0,0.0,0.0,0.0,0.0,0.0,0.0,0.0
435.0,0.75,-4.786123415192409,6724.1251504916845,0.006805771304231101,0.020245861787741105,0.0,0.0,0.16333333333333333,0.0,0.0,0.0,0.0,0.0,0.0,0.0,0.0
435.0,1.0,-4.783835915698849,6723.667494948272,0.00909327079779132,0.027050656119537383,0.0,0.0,0.16333333333333333,0.0,0.0,0.0,0.0,0.0,0.0,0.0,0.0
440.0,0.0,-4.79292918649664,6725.486783250374,0.0,0.0,0.0,0.0,0.16333333333333333,0.0,0.0,0.0,0.0,0.0,0.0,0.0,0.0
440.0,0.25,-4.7905319913034345,6725.007055750618,0.0023971951932058033,0.007132978105779398,0.0,0.0,0.16333333333333333,0.0,0.0,0.0,0.0,0.0,0.0,0.0,0.0
440.0,0.5,-4.788113869924808,6724.523143535342,0.00481531657183254,0.014328177960774973,0.0,0.0,0.16333333333333333,0.0,0.0,0.0,0.0,0.0,0.0,0.0,0.0
440.0,0.75,-4.785678356648888,6724.035753586381,0.0072508298477522715,0.021575087584835635,0.0,0.0,0.16333333333333333,0.0,0.0,0.0,0.0,0.0,0.0,0.0,0.0
440.0,1.0,-4.783228987854585,6723.545593500443,0.009700198642055291,0.028863185855419866,0.0,0.0,0.16333333333333333,0.0,0.0,0.0,0.0,0.0,0.0,0.0,0.0
445.0,0.0,-4.79292918649664,6725.486783250374,0.0,0.0,0.0,0.0,0.16333333333333333,0.0,0.0,0.0,0.0,0.0,0.0,0.0,0.0
445.0,0.25,-4.7904554444175345,6724.9917838332285,0.0024737420791058895,0.007360053377525701,0.0,0.0,0.16333333333333333,0.0,0.0,0.0,0.0,0.0,0.0,0.0,0.0
445.0,0.5,-4.787972850343432,6724.495015603061,0.0049563361532083405,0.014746406903709177,0.0,0.0,0.16333333333333333,0.0,0.0,0.0,0.0,0.0,0.0,0.0,0.0
445.0,0.75,-4.7854835642190485,6723.996910578259,0.0074456222775918235,0.022152636978268313,0.0,0.0,0.16333333333333333,0.0,0.0,0.0,0.0,0.0,0.0,0.0,0.0
445.0,1.0,-4.782987995016977,6723.497550399466,0.009941191479663658,0.02957752970183093,0.0,0.0,0.16333333333333333,0.0,0.0,0.0,0.0,0.0,0.0,0.0,0.0
450.0,0.0,-4.79292918649664,6725.486783250374,0.0,0.0,0.0,0.0,0.16333333333333333,0.0,0.0,0.0,0.0,0.0,0.0,0.0,0.0
450.0,0.25,-4.790425758888273,6724.985862448092,0.0025034276083673035,0.00744809734114089,0.0,0.0,0.16333333333333333,0.0,0.0,0.0,0.0,0.0,0.0,0.0,0.0
450.0,0.5,-4.787912956069982,6724.483068473026,0.005016230426658552,0.014924046536645825,0.0,0.0,0.16333333333333333,0.0,0.0,0.0,0.0,0.0,0.0,0.0,0.0
450.0,0.75,-4.785392558878446,6723.978757607427,0.007536627618194736,0.022422550092627534,0.0,0.0,0.16333333333333333,0.0,0.0,0.0,0.0,0.0,0.0,0.0,0.0
450.0,1.0,-4.782867315424778,6723.473479582473,0.010061871071862072,0.029935434159425803,0.0,0.0,0.16333333333333333,0.0,0.0,0.0,0.0,0.0,0.0,0.0,0.0
455.0,0.0,-4.79292918649664,6725.486783250374,0.0,0.0,0.0,0.0,0.16333333333333333,0.0,0.0,0.0,0.0,0.0,0.0,0.0,0.0
455.0,0.25,-4.790278989355611,6724.956479444153,0.0026501971410297642,0.007884987708872361,0.0,0.0,0.16333333333333333,0.0,0.0,0.0,0.0,0.0,0.0,0.0,0.0
455.0,0.5,-4.787618262548809,6724.424071094628,0.005310923947831725,0.015801267476920674,0.0,0.0,0.16333333333333333,0.0,0.0,0.0,0.0,0.0,0.0,0.0,0.0
455.0,0.75,-4.784949713415619,6723.890099581848,0.007979473081021204,0.02374078962586113,0.0,0.0,0.16333333333333333,0.0,0.0,0.0,0.0,0.0,0.0,0.0,0.0
455.0,1.0,-4.7822754335863875,6723.3549831633645,0.010653752910252834,0.03169733516269538,0.0,0.0,0.16333333333333333,0.0,0.0,0.0,0.0,0.0,0.0,0.0,0.0
460.0,0.0,-4.79292918649664,6725.486783250374,0.0,0.0,0.0,0.0,0.16333333333333333,0.0,0.0,0.0,0.0,0.0,0.0,0.0,0.0
460.0,0.25,-4.790321916863132,6724.965025681057,0.0026072696335086576,0.007757915317241491,0.0,0.0,0.16333333333333333,0.0,0.0,0.0,0.0,0.0,0.0,0.0,0.0
460.0,0.5,-4.787701342021074,6724.44060827023,0.005227844475566457,0.015555379318412797,0.0,0.0,0.16333333333333333,0.0,0.0,0.0,0.0,0.0,0.0,0.0,0.0
460.0,0.75,-4.785072354675351,6723.914509699738,0.00785683182128949,0.023377840166926737,0.0,0.0,0.16333333333333333,0.0,0.0,0.0,0.0,0.0,0.0,0.0,0.0
460.0,1.0,-4.782440228889023,6723.387784886533,0.0104889576076177,0.0312096125007414,0.0,0.0,0.16333333333333333,0.0,0.0,0.0,0.0,0.0,0.0,0.0,0.0
465.0,0.0,-4.79292918649664,6725.486783250374,0.0,0.0,0.0,0.0,0.16333333333333333,0.0,0.0,0.0,0.0,0.0,0.0,0.0,0.0
465.0,0.25,-4.790088932696731,6724.918396178718,0.0028402537999090427,0.008451240630970644,0.0,0.0,0.16333333333333333,0.0,0.0,0.0,0.0,0.0,0.0,0.0,0.0
465.0,0.5,-4.787243129486054,6724.3488995631815,0.005686057010586332,0.016918978861523652,0.0,0.0,0.16333333333333333,0.0,0.0,0.0,0.0,0.0,0.0,0.0,0.0
465.0,0.75,-4.784395433188284,6723.779025134029,0.00853375330835604,0.025392334731784316,0.0,0.0,0.16333333333333333,0.0,0.0,0.0,0.0,0.0,0.0,0.0,0.0
465.0,1.0,-4.781547681191134,6723.209140507411,0.011381505305505968,0.03386584222625951,0.0,0.0,0.16333333333333333,0.0,0.0,0.0,0.0,0.0,0.0,0.0,0.0
470.0,0.0,-4.79292918649664,6725.486783250374,0.0,0.0,0.0,0.0,0.16333333333333333,0.0,0.0,0.0,0.0,0.0,0.0,0.0,0.0
470.0,0.25,-4.790030363230081,6724.906787855628,0.002898823266558992,0.008623842607061267,0.0,0.0,0.16333333333333333,0.0,0.0,0.0,0.0,0.0,0.0,0.0,0.0
470.0,0.5,-4.787139352356635,6724.328356059188,0.005789834140005112,0.017224436364533805,0.0,0.0,0.16333333333333333,0.0,0.0,0.0,0.0,0.0,0.0,0.0,0.0
470.0,0.75,-4.784258072414853,6723.751871743264,0.008671114081787223,0.02579607339993442,0.0,0.0,0.16333333333333333,0.0,0.0,0.0,0.0,0.0,0.0,0.0,0.0
470.0,1.0,-4.781389100931155,6723.177850672207,0.01154008556548547,0.03433108490998514,0.0,0.0,0.16333333333333333,0.0,0.0,0.0,0.0,0.0,0.0,0.0,0.0
475.0,0.0,-4.79292918649664,6725.486783250374,0.0,0.0,0.0,0.0,0.16333333333333333,0.0,0.0,0.0,0.0,0.0,0.0,0.0,0.0
475.0,0.25,-4.789991147677839,6724.898870756053,0.0029380388188009476,0.008741560473889017,0.0,0.0,0.16333333333333333,0.0,0.0,0.0,0.0,0.0,0.0,0.0,0.0
475.0,0.5,-4.787068938137479,6724.314124489921,0.005860248359160991,0.017436042895422218,0.0,0.0,0.16333333333333333,0.0,0.0,0.0,0.0,0.0,0.0,0.0,0.0
475.0,0.75,-4.784165209592401,6723.733075356256,0.008763976904239357,0.026075553348573696,0.0,0.0,0.16333333333333333,0.0,0.0,0.0,0.0,0.0,0.0,0.0,0.0
475.0,1.0,-4.781281475504687,6723.1560260175165,0.011647710991953275,0.03465559160211766,0.0,0.0,0.16333333333333333,0.0,0.0,0.0,0.0,0.0,0.0,0.0,0.0
480.0,0.0,-4.79292918649664,6725.486783250374,0.0,0.0,0.0,0.0,0.16333333333333333,0.0,0.0,0.0,0.0,0.0,0.0,0.0,0.0
480.0,0.25,-4.790110450726459,6724.922694191978,0.0028187357701812132,0.00838733427892826,0.0,0.0,0.16333333333333333,0.0,0.0,0.0,0.0,0.0,0.0,0.0,0.0
480.0,0.5,-4.787312093018206,6724.362680637477,0.005617093478434754,0.016714070655775817,0.0,0.0,0.16333333333333333,0.0,0.0,0.0,0.0,0.0,0.0,0.0,0.0
480.0,0.75,-4.784535118692844,6723.8069441786165,0.008394067803796368,0.02497721170073903,0.0,0.0,0.16333333333333333,0.0,0.0,0.0,0.0,0.0,0.0,0.0,0.0
480.0,1.0,-4.781781262045361,6723.255831766716,0.011147924451279323,0.03317159865980314,0.0,0.0,0.16333333333333333,0.0,0.0,0.0,0.0,0.0,0.0,0.0,0.0
485.0,0.0,-4.79292918649664,6725.486783250374,0.0,0.0,0.0,0.0,0.16333333333333333,0.0,0.0,0.0,0.0,0.0,0.0,0.0,0.0
485.0,0.25,-4.789968851835472,6724.894396780629,0.0029603346611679626,0.008808083174298997,0.0,0.0,0.16333333333333333,0.0,0.0,0.0,0.0,0.0,0.0,0.0,0.0
485.0,0.5,-4.787025638624903,6724.305435732548,0.0059035478717373024,0.017565234397131056,0.0,0.0,0.16333333333333333,0.0,0.0,0.0,0.0,0.0,0.0,0.0,0.0
485.0,0.75,-4.7841005898827795,6723.720109152142,0.008828596613860817,0.02626834540262669,0.0,0.0,0.16333333333333333,0.0,0.0,0.0,0.0,0.0,0.0,0.0,0.0
485.0,1.0,-4.781194278378316,6723.138532016591,0.011734908118324228,0.034915706616679115,0.0,0.0,0.16333333333333333,0.0,0.0,0.0,0.0,0.0,0.0,0.0,0.0
490.0,0.0,-4.79292918649664,6725.486783250374,0.0,0.0,0.0,0.0,0.16333333333333333,0.0,0.0,0.0,0.0,0.0,0.0,0.0,0.0
490.0,0.25,-4.79003189752751,6724.907004460057,0.0028972889691303294,0.00862062195648688,0.0,0.0,0.16333333333333333,0.0,0.0,0.0,0.0,0.0,0.0,0.0,0.0
490.0,0.5,-4.787150162157001,6724.330337247615,0.005779024339639172,0.01719497844586449,0.0,0.0,0.16333333333333333,0.0,0.0,0.0,0.0,0.0,0.0,0.0,0.0
490.0,0.75,-4.784285953126813,6723.757176341848,0.008643233369827641,0.02571720031973746,0.0,0.0,0.16333333333333333,0.0,0.0,0.0,0.0,0.0,0.0,0.0,0.0
490.0,1.0,-4.7814409887608385,6723.187865696378,0.011488197735801897,0.034182173396302265,0.0,0.0,0.16333333333333333,0.0,0.0,0.0,0.0,0.0,0.0,0.0,0.0
495.0,0.0,-4.79292918649664,6725.486783250374,0.0,0.0,0.0,0.0,0.16333333333333333,0.0,0.0,0.0,0.0,0.0,0.0,0.0,0.0
495.0,0.25,-4.7900136792355035,6724.903316821052,0.0029155072611368738,0.008675452768349443,0.0,0.0,0.16333333333333333,0.0,0.0,0.0,0.0,0.0,0.0,0.0,0.0
495.0,0.5,-4.787115330185198,6724.32328219483,0.005813856311442045,0.01729987870084605,0.0,0.0,0.16333333333333333,0.0,0.0,0.0,0.0,0.0,0.0,0.0,0.0
495.0,0.75,-4.784235355019644,6723.746922662002,0.00869383147699665,0.0258696603598253,0.0,0.0,0.16333333333333333,0.0,0.0,0.0,0.0,0.0,0.0,0.0,0.0
495.0,1.0,-4.781375273869747,6723.174542439604,0.011553912626893315,0.03438027439930044,0.0,0.0,0.16333333333333333,0.0,0.0,0.0,0.0,0.0,0.0,0.0,0.0
500.0,0.0,-4.79292918649664,6725.486783250374,0.0,0.0,0.0,0.0,0.16333333333333333,0.0,0.0,0.0,0.0,0.0,0.0,0.0,0.0
500.0,0.25,-4.790093021029665,6724.919286617148,0.0028361654669755154,0.008438000869165177,0.0,0.0,0.16333333333333333,0.0,0.0,0.0,0.0,0.0,0.0,0.0,0.0
500.0,0.5,-4.787274310292825,6724.355282924732,0.005654876203815107,0.016824065857362656,0.0,0.0,0.16333333333333333,0.0,0.0,0.0,0.0,0.0,0.0,0.0,0.0
500.0,0.75,-4.784473085599472,6723.794778572798,0.008456100897168639,0.025158099809068264,0.0,0.0,0.16333333333333333,0.0,0.0,0.0,0.0,0.0,0.0,0.0,0.0
500.0,1.0,-4.781690536837088,6723.238011753868,0.011238649659552458,0.03343656108442407,0.0,0.0,0.16333333333333333,0.0,0.0,0.0,0.0,0.0,0.0,0.0,0.0
