scenario,policy,trajectory,second,shock_injected,shock_detected,remaining_shocks,mode,rank,target_rank,in_Gm_before,in_Gm_after,in_Omega_after,X2,P2,X2_next,P2_next,P100,F200,candidate_P100,candidate_F200,actor_a_P100,actor_a_F200,q_area_normalized,q_chebyshev_radius_normalized,low_authority,q_P100_min_physical,q_P100_max_physical,q_F200_min_physical,q_F200_max_physical,projection_distance_physical,nonlinear_mismatch_outside_W,mismatch_X2_normalized,mismatch_P2_normalized,physical_state_violation,physical_input_violation,robust_region_violation,Gm_exit,B_k_recovery_failure,QP_infeasible
pressure_positive,random_bounded_nonzero,1,0,False,False,3,wait_Gm,0,0,True,True,True,25.39,50.125,25.407398174524953,50.12869290131314,216.33942456365017,207.27560499371134,216.33942456365017,207.27560499371134,0.028671480653932102,-0.8200455411523995,0.515989780419375,0.33251953125,False,156.06749765629237,233.65538828029239,183.02470038022335,249.52860663022335,0.0,False,3.9624429188679644e-07,4.508846091582882e-07,False,False,False,False,False,False
pressure_positive,random_bounded_nonzero,1,1,False,False,3,wait_Gm,0,0,True,True,True,25.407398174524953,50.12869290131314,25.381000069763076,50.12350812335193,162.3556976799112,215.8609308932968,162.3556976799112,215.8609308932968,-0.9982487210124453,0.0788018672177544,0.515989780419375,0.33251953125,False,156.06749765629237,233.65538828029239,183.02470038022335,249.52860663022335,0.0,False,-2.895141048238131e-07,1.0179394712675656e-09,False,False,False,False,False,False
pressure_positive,random_bounded_nonzero,1,2,False,False,3,wait_Gm,0,0,True,True,True,25.381000069763076,50.12350812335193,25.38658819284775,50.12468654484038,201.72031442019318,213.51975819687027,201.72031442019318,213.51975819687027,-0.27385300108163335,0.31228386774543715,0.515989780419375,0.33251953125,False,156.06749765629237,233.65538828029239,183.02470038022335,249.52860663022335,0.0,False,-9.08126567195132e-08,4.125420296387312e-08,False,False,False,False,False,False
pressure_positive,random_bounded_nonzero,1,3,True,True,2,wait_Gm,0,0,True,True,True,25.38658819284775,51.12468654484038,25.389884180254754,51.12488710779529,202.83320590405683,221.3021564453323,202.83320590405683,221.3021564453323,0.37150473393228967,-0.4244329660694339,0.515989780419375,0.33251953125,False,156.06749765629237,233.65538828029239,183.02470038022335,249.52860663022335,0.0,False,-1.5360125572812784e-08,6.891982960721688e-08,False,False,False,False,False,False
pressure_positive,random_bounded_nonzero,1,4,False,False,2,wait_Gm,0,0,True,True,True,25.389884180254754,51.12488710779529,25.369000942213447,51.119865117097,172.97727568823382,238.87205966511715,172.97727568823382,238.87205966511715,-0.3608275621304997,0.03026155062279212,0.515989780419375,0.33251953125,False,156.06749765629237,233.65538828029239,183.02470038022335,249.52860663022335,0.0,False,5.744122677250971e-07,2.257488581770828e-06,False,False,False,False,False,False
pressure_positive,random_bounded_nonzero,1,5,False,False,2,wait_Gm,0,0,True,True,True,25.369000942213447,51.119865117097,25.375418899943075,51.121058441987834,206.60166039118815,208.2190955765135,206.60166039118815,208.2190955765135,0.34238849238010083,-0.6211591676798665,0.515989780419375,0.33251953125,False,156.06749765629237,233.65538828029239,183.02470038022335,249.52860663022335,0.0,False,-2.990756114980113e-07,4.677221555476896e-07,False,False,False,False,False,False
pressure_positive,random_bounded_nonzero,1,6,False,False,2,wait_Gm,0,0,True,True,True,25.375418899943075,51.121058441987834,25.388240922875646,51.123287762394575,214.54073767461884,215.88031444237754,214.54073767461884,215.88031444237754,0.6035134069536492,-0.4084058647160753,0.515989780419375,0.33251953125,False,156.06749765629237,233.65538828029239,183.02470038022335,249.52860663022335,0.0,False,-2.7424233676940333e-07,6.048555059590122e-09,False,False,False,False,False,False
pressure_positive,random_bounded_nonzero,1,7,False,False,2,wait_Gm,0,0,True,True,True,25.388240922875646,51.123287762394575,25.376188081241075,51.11975584178841,183.8743352464962,249.52860663022335,183.8743352464962,249.52860663022335,-0.42728951589925535,0.867376497431759,0.515989780419375,0.33251953125,False,156.06749765629237,233.65538828029239,183.02470038022335,249.52860663022335,0.0,False,2.3611470593586006e-07,4.895977745104918e-06,False,False,False,False,False,False
pressure_positive,random_bounded_nonzero,1,8,False,False,2,wait_Gm,0,0,True,True,True,25.376188081241075,51.11975584178841,25.396502456356462,51.12359694110424,223.78987571330484,211.28484504011632,223.78987571330484,211.28484504011632,0.7958390457867834,-0.3542817139274488,0.515989780419375,0.33251953125,False,156.06749765629237,233.65538828029239,183.02470038022335,249.52860663022335,0.0,False,-1.9462423817386606e-07,2.026293926260525e-07,False,False,False,False,False,False
pressure_positive,random_bounded_nonzero,1,9,False,False,2,wait_Gm,0,0,True,True,True,25.396502456356462,51.12359694110424,25.38845941168765,51.12187779872206,188.8694616254092,210.52115848127005,188.8694616254092,210.52115848127005,-0.10926936320806124,-0.5865437137228808,0.515989780419375,0.33251953125,False,156.06749765629237,233.65538828029239,183.02470038022335,249.52860663022335,0.0,False,-5.274481274743952e-08,2.5850221921364103e-07,False,False,False,False,False,False
pressure_positive,random_bounded_nonzero,1,10,False,False,2,wait_Gm,0,0,True,True,True,25.38845941168765,51.12187779872206,25.368899235629172,51.118473498387544,174.59594553596946,192.31953011215805,174.59594553596946,192.31953011215805,-0.7026001861768909,-0.8602363341336103,0.515989780419375,0.33251953125,False,156.06749765629237,233.65538828029239,183.02470038022335,249.52860663022335,0.0,False,5.738262164433749e-07,3.732399683889498e-06,False,False,False,False,False,False
pressure_positive,random_bounded_nonzero,1,11,False,False,2,wait_Gm,0,0,True,True,True,25.368899235629172,51.118473498387544,25.383825326464834,51.12025557739021,217.10459742477613,249.52860663022335,217.10459742477613,249.52860663022335,0.5207907191389716,0.9546424962744156,0.515989780419375,0.33251953125,False,156.06749765629237,233.65538828029239,183.02470038022335,249.52860663022335,0.0,False,-5.432095788442267e-07,4.89691018504268e-06,False,False,False,False,False,False
pressure_positive,random_bounded_nonzero,1,12,False,False,2,wait_Gm,0,0,True,True,True,25.383825326464834,51.12025557739021,25.382826229101322,51.11999633463819,197.50042852543686,208.0460725677839,197.50042852543686,208.0460725677839,0.09980816281019456,-0.623760864609956,0.515989780419375,0.33251953125,False,156.06749765629237,233.65538828029239,183.02470038022335,249.52860663022335,0.0,False,1.6647974507039576e-08,4.859051573880002e-07,False,False,False,False,False,False
pressure_positive,random_bounded_nonzero,1,13,False,False,2,wait_Gm,0,0,True,True,True,25.382826229101322,51.11999633463819,25.381172951582652,51.11851364731873,196.68490781512884,249.52860663022335,196.68490781512884,249.52860663022335,-0.035347962636285146,0.844231006367292,0.515989780419375,0.33251953125,False,156.06749765629237,233.65538828029239,183.02470038022335,249.52860663022335,0.0,False,2.4591843568455563e-08,4.8968685201558615e-06,False,False,False,False,False,False
pressure_positive,random_bounded_nonzero,1,14,False,False,2,wait_Gm,0,0,True,True,True,25.381172951582652,51.11851364731873,25.356823660073406,51.11350569092135,168.62269914298216,212.80278632916026,168.62269914298216,212.80278632916026,-0.5573422166493405,-0.41034664121979225,0.515989780419375,0.33251953125,False,156.06749765629237,233.65538828029239,183.02470038022335,249.52860663022335,0.0,False,1.343989952052628e-06,1.1105049955995039e-07,False,False,False,False,False,False
pressure_positive,random_bounded_nonzero,1,15,False,False,2,wait_Gm,0,0,True,True,True,25.356823660073406,51.11350569092135,25.353712400898484,51.11347494009064,194.74844828762252,188.38679280979414,194.74844828762252,188.38679280979414,-0.14314110003103053,-0.9193717672851618,0.515989780419375,0.33251953125,False,156.06749765629237,233.65538828029239,183.02470038022335,249.52860663022335,0.0,False,2.781061164019473e-07,5.07317055536971e-06,False,False,False,False,False,False
pressure_positive,random_bounded_nonzero,1,16,False,False,2,wait_Gm,0,0,True,True,True,25.353712400898484,51.11347494009064,25.34019134564425,51.10964180122289,181.85376944883,249.52860663022335,181.85376944883,249.52860663022335,-0.49072788353019714,0.7870257907016351,0.515989780419375,0.33251953125,False,156.06749765629237,233.65538828029239,183.02470038022335,249.52860663022335,0.0,False,1.5261314073185782e-06,4.899649264117345e-06,False,False,False,False,False,False
pressure_positive,random_bounded_nonzero,1,17,False,False,2,wait_Gm,0,0,True,True,True,25.34019134564425,51.10964180122289,25.349309845611376,51.11208802503436,209.79117832399828,186.53172764926433,209.79117832399828,186.53172764926433,0.2946282004392111,-0.9472658454699274,0.515989780419375,0.33251953125,False,156.06749765629237,233.65538828029239,183.02470038022335,249.52860663022335,0.0,False,-1.0868100079317912e-06,5.7862874283942656e-06,False,False,False,False,False,False
pressure_positive,random_bounded_nonzero,1,18,False,False,2,wait_Gm,0,0,True,True,True,25.349309845611376,51.11208802503436,25.349986165520527,51.11126599274176,199.39208437602392,240.5741673621368,199.39208437602392,240.5741673621368,0.2,-0.06929062585963663,0.515989780419375,0.33251953125,False,156.06749765629237,233.65538828029239,183.02470038022335,249.52860663022335,0.0,False,-7.018120333100383e-08,2.620027271617309e-06,False,False,False,False,False,False
pressure_positive,random_bounded_nonzero,1,19,False,False,2,wait_Gm,0,0,True,True,True,25.349986165520527,51.11126599274176,25.331827732620766,51.10667014839852,176.0880002446198,242.89555446795825,176.0880002446198,242.89555446795825,-0.4221097350019205,0.16697337142413926,0.515989780419375,0.33251953125,False,156.06749765629237,233.65538828029239,183.02470038022335,249.52860663022335,0.0,False,2.3453693511919435e-06,3.1498439682503543e-06,False,False,False,False,False,False
pressure_positive,random_bounded_nonzero,1,20,False,False,2,wait_Gm,0,0,True,True,True,25.331827732620766,51.10667014839852,25.302710685288496,51.10125517557063,162.40364833616175,195.19666895722742,162.40364833616175,195.19666895722742,-0.8345077669739798,-0.5995796192000842,0.515989780419375,0.33251953125,False,156.06749765629237,233.65538828029239,183.02470038022335,249.52860663022335,0.0,False,5.584816414063408e-06,2.885878584546475e-06,False,False,False,False,False,False
pressure_positive,random_bounded_nonzero,1,21,False,False,2,wait_Gm,0,0,True,True,True,25.302710685288496,51.10125517557063,25.308239486163632,51.10192930163776,205.1681055539114,219.51028549731006,205.1681055539114,219.51028549731006,0.14719869441379996,-0.45137681116157435,0.515989780419375,0.33251953125,False,156.06749765629237,233.65538828029239,183.02470038022335,249.52860663022335,0.0,False,-1.1982142769425413e-06,1.500115067581964e-08,False,False,False,False,False,False
pressure_positive,random_bounded_nonzero,1,22,False,False,2,wait_Gm,0,0,True,True,True,25.308239486163632,51.10192930163776,25.33436930028073,51.10636389298917,230.69815629235868,231.06939476423452,230.69815629235868,231.06939476423452,0.9144774672734697,0.35934580939468663,0.515989780419375,0.33251953125,False,156.06749765629237,233.65538828029239,183.02470038022335,249.52860663022335,0.0,False,-4.698912658572009e-06,9.356313647040926e-07,False,False,False,False,False,False
pressure_positive,random_bounded_nonzero,1,23,False,False,2,wait_Gm,0,0,True,True,True,25.33436930028073,51.10636389298917,25.301297872056978,51.099831709673936,157.51615690829604,205.53890107668465,157.51615690829604,205.53890107668465,-0.9616901349384563,-0.27092311436495997,0.515989780419375,0.33251953125,False,156.06749765629237,233.65538828029239,183.02470038022335,249.52860663022335,0.0,False,6.296119461225019e-06,7.877130245581565e-07,False,False,False,False,False,False
pressure_positive,random_bounded_nonzero,1,24,False,False,2,wait_Gm,0,0,True,True,True,25.301297872056978,51.099831709673936,25.268078755468625,51.09243158028944,157.11272782471485,234.864300954228,157.11272782471485,234.864300954228,-0.9764686567256349,0.40159710901516843,0.515989780419375,0.33251953125,False,156.06749765629237,233.65538828029239,183.02470038022335,249.52860663022335,0.0,False,9.25446864047906e-06,1.5140412117850555e-06,False,False,False,False,False,False
pressure_positive,random_bounded_nonzero,1,25,False,False,2,wait_Gm,0,0,True,True,True,25.268078755468625,51.09243158028944,25.269823555721736,51.09232061601329,200.3020149297357,220.54202598432195,200.3020149297357,220.54202598432195,-0.11716343459369782,-0.4358628279207495,0.515989780419375,0.33251953125,False,156.06749765629237,233.65538828029239,183.02470038022335,249.52860663022335,0.0,False,-4.930281955525112e-07,4.334878413170262e-08,False,False,False,False,False,False
pressure_positive,random_bounded_nonzero,1,26,False,False,2,wait_Gm,0,0,True,True,True,25.269823555721736,51.09232061601329,25.26823304144307,51.09082088514571,196.16905266863571,249.52860663022335,196.16905266863571,249.52860663022335,-0.26727617886084265,0.27193416443048335,0.515989780419375,0.33251953125,False,156.06749765629237,233.65538828029239,183.02470038022335,249.52860663022335,0.0,False,5.596230215274001e-07,4.9074620240563416e-06,False,False,False,False,False,False
pressure_positive,random_bounded_nonzero,1,27,False,False,2,wait_Gm,0,0,True,True,True,25.26823304144307,51.09082088514571,25.26157089422725,51.08831669270131,189.86222504237617,249.52860663022335,189.86222504237617,249.52860663022335,-0.3770237860672674,0.7034586987821121,0.515989780419375,0.33251953125,False,156.06749765629237,233.65538828029239,183.02470038022335,249.52860663022335,0.0,False,2.252722305572455e-06,4.908015124815979e-06,False,False,False,False,False,False
pressure_positive,random_bounded_nonzero,1,28,True,True,1,wait_Gm,0,0,True,True,True,25.26157089422725,52.08831669270131,25.241126453565883,52.08276574833594,176.62391971825562,249.52860663022335,176.62391971825562,249.52860663022335,-0.5403619917137479,0.43963011110013794,0.515989780419375,0.33251953125,False,156.06749765629237,233.65538828029239,183.02470038022335,249.52860663022335,0.0,False,7.5451923181972524e-06,4.523720278482024e-06,False,False,False,False,False,False
pressure_positive,random_bounded_nonzero,1,29,False,False,1,wait_Gm,0,0,True,True,True,25.241126453565883,52.08276574833594,25.24734482016335,52.08410663520415,209.62750831628279,192.55113295145142,209.62750831628279,192.55113295145142,0.27560674916188477,-0.8567537892373343,0.515989780419375,0.33251953125,False,156.06749765629237,233.65538828029239,183.02470038022335,249.52860663022335,0.0,False,-2.306124302582646e-06,3.987904522120833e-06,False,False,False,False,False,False
pressure_positive,random_bounded_nonzero,1,30,False,False,1,wait_Gm,0,0,True,True,True,25.24734482016335,52.08410663520415,25.26390207114834,52.08659019628626,222.48909210943992,221.5678090087338,222.48909210943992,221.5678090087338,0.6722617582698469,-0.16861509237347994,0.515989780419375,0.33251953125,False,156.06749765629237,233.65538828029239,183.02470038022335,249.52860663022335,0.0,False,-5.784710529518899e-06,1.5703973746394873e-08,False,False,False,False,False,False
pressure_positive,random_bounded_nonzero,1,31,False,False,1,wait_Gm,0,0,True,True,True,25.26390207114834,52.08659019628626,25.255953254079632,52.08351699251133,192.14579122742362,249.52860663022335,192.14579122742362,249.52860663022335,-0.21591719160057288,0.7374377578488422,0.515989780419375,0.33251953125,False,156.06749765629237,233.65538828029239,183.02470038022335,249.52860663022335,0.0,False,2.787754363518455e-06,4.524507370637365e-06,False,False,False,False,False,False
pressure_positive,random_bounded_nonzero,1,32,False,False,1,wait_Gm,0,0,True,True,True,25.255953254079632,52.08351699251133,25.27291525255404,52.08537574969756,223.01691057167116,249.52860663022335,223.01691057167116,249.52860663022335,0.6970595919299982,0.7736011242544376,0.515989780419375,0.33251953125,False,156.06749765629237,233.65538828029239,183.02470038022335,249.52860663022335,0.0,False,-5.5517181299395355e-06,4.52583985428856e-06,False,False,False,False,False,False
pressure_positive,random_bounded_nonzero,1,33,False,False,1,wait_Gm,0,0,True,True,True,25.27291525255404,52.08537574969756,25.26011426351509,52.08134543882443,186.1604939625815,249.52860663022335,186.1604939625815,249.52860663022335,-0.4267067830070679,0.9907598938397959,0.515989780419375,0.33251953125,False,156.06749765629237,233.65538828029239,183.02470038022335,249.52860663022335,0.0,False,4.220258483201081e-06,4.524978861136786e-06,False,False,False,False,False,False
pressure_positive,random_bounded_nonzero,1,34,False,False,1,wait_Gm,0,0,True,True,True,25.26011426351509,52.08134543882443,25.23236794705534,52.074348288201655,167.51697112769412,249.52860663022335,167.51697112769412,249.52860663022335,-0.8430817591989472,0.7301085907059708,0.515989780419375,0.33251953125,False,156.06749765629237,233.65538828029239,183.02470038022335,249.52860663022335,0.0,False,1.059593621395745e-05,4.526306720986639e-06,False,False,False,False,False,False
pressure_positive,random_bounded_nonzero,1,35,False,False,1,wait_Gm,0,0,True,True,True,25.23236794705534,52.074348288201655,25.217157013401934,52.071609332867695,182.92764616747718,187.78674095068,182.92764616747718,187.78674095068,-0.5304648353245123,-0.9283945735073769,0.515989780419375,0.33251953125,False,156.06749765629237,233.65538828029239,183.02470038022335,249.52860663022335,0.0,False,6.737861228947248e-06,5.696825423950891e-06,False,False,False,False,False,False
pressure_positive,random_bounded_nonzero,1,36,False,False,1,wait_Gm,0,0,True,True,True,25.217157013401934,52.071609332867695,25.185702286765874,52.06517040772996,162.6247721979345,201.37613490948138,162.6247721979345,201.37613490948138,-0.8679343399366706,-0.43513142659022375,0.515989780419375,0.33251953125,False,156.06749765629237,233.65538828029239,183.02470038022335,249.52860663022335,0.0,False,1.581597492913457e-05,1.662191945972502e-06,False,False,False,False,False,False
pressure_positive,random_bounded_nonzero,1,37,False,False,1,wait_Gm,0,0,True,True,True,25.185702286765874,52.06517040772996,25.198433800228806,52.06678698798098,217.4442386657504,225.24109370915698,217.4442386657504,225.24109370915698,0.2910675949318855,-0.36520430589092445,0.515989780419375,0.33251953125,False,156.06749765629237,233.65538828029239,183.02470038022335,249.52860663022335,0.0,False,-6.487749457313383e-06,1.9918191658530038e-07,False,False,False,False,False,False
pressure_positive,random_bounded_nonzero,1,38,False,False,1,wait_Gm,0,0,True,True,True,25.198433800228806,52.06678698798098,25.215664252099756,52.069312502210146,223.09111975800005,224.73512036813392,223.09111975800005,224.73512036813392,0.563058048587328,-0.18256691271603698,0.515989780419375,0.33251953125,False,156.06749765629237,233.65538828029239,183.02470038022335,249.52860663022335,0.0,False,-8.178002916147536e-06,1.6605221464516262e-07,False,False,False,False,False,False
pressure_positive,random_bounded_nonzero,1,39,False,False,1,wait_Gm,0,0,True,True,True,25.215664252099756,52.069312502210146,25.214468231531267,52.06859297639124,200.25543037251197,210.55430360592982,200.25543037251197,210.55430360592982,-0.0748236263212676,-0.5860453200716089,0.515989780419375,0.33251953125,False,156.06749765629237,233.65538828029239,183.02470038022335,249.52860663022335,0.0,False,6.840895460640678e-07,3.2798174205705966e-07,False,False,False,False,False,False
pressure_positive,random_bounded_nonzero,1,40,False,False,1,wait_Gm,0,0,True,True,True,25.214468231531267,52.06859297639124,25.21239287452667,52.06728954184214,199.15316460042163,224.79863702928463,199.15316460042163,224.79863702928463,-0.14909247651074975,-0.3718573989920886,0.515989780419375,0.33251953125,False,156.06749765629237,233.65538828029239,183.02470038022335,249.52860663022335,0.0,False,1.1019616121109993e-06,1.6885559642187964e-07,False,False,False,False,False,False
pressure_positive,random_bounded_nonzero,1,41,False,False,1,wait_Gm,0,0,True,True,True,25.21239287452667,52.06728954184214,25.182338632496734,52.06028509339787,164.32239136383876,230.22080108218518,164.32239136383876,230.22080108218518,-0.8370765001855061,0.19231854515694713,0.515989780419375,0.33251953125,False,156.06749765629237,233.65538828029239,183.02470038022335,249.52860663022335,0.0,False,1.5452304830512395e-05,6.559218475865602e-07,False,False,False,False,False,False
pressure_positive,random_bounded_nonzero,1,42,False,False,1,wait_Gm,0,0,True,True,True,25.182338632496734,52.06028509339787,25.170118577804182,52.05655309446451,186.34601388745708,240.480138001155,186.34601388745708,240.480138001155,-0.46579141293530824,0.14525475185641534,0.515989780419375,0.33251953125,False,156.06749765629237,233.65538828029239,183.02470038022335,249.52860663022335,0.0,False,7.0990964123329725e-06,2.3248691770477725e-06,False,False,False,False,False,False
pressure_positive,random_bounded_nonzero,1,43,False,False,1,wait_Gm,0,0,True,True,True,25.170118577804182,52.05655309446451,25.135614480358726,52.049112652841536,158.48914738300553,213.34482424236202,158.48914738300553,213.34482424236202,-0.9590499442441638,-0.09684014457392598,0.515989780419375,0.33251953125,False,156.06749765629237,233.65538828029239,183.02470038022335,249.52860663022335,0.0,False,2.1894968291615025e-05,1.1842796614203177e-07,False,False,False,False,False,False
pressure_positive,random_bounded_nonzero,1,44,False,False,1,wait_Gm,0,0,True,True,True,25.135614480358726,52.049112652841536,25.1499924603735,52.05138244252705,219.25381314168297,213.52679921572405,219.25381314168297,213.52679921572405,0.26765573968234735,-0.5413487634720597,0.515989780419375,0.33251953125,False,156.06749765629237,233.65538828029239,183.02470038022335,249.52860663022335,0.0,False,-9.142544568435662e-06,1.1200738253558384e-07,False,False,False,False,False,False
pressure_positive,random_bounded_nonzero,1,45,False,False,1,wait_Gm,0,0,True,True,True,25.1499924603735,52.05138244252705,25.168851787295722,52.05397113756817,224.8954341431501,234.4686217633328,224.8954341431501,234.4686217633328,0.3922675503991333,-0.060637721368735464,0.515989780419375,0.33251953125,False,156.06749765629237,233.65538828029239,183.02470038022335,249.52860663022335,0.0,False,-1.1274502064723482e-05,1.2380046334192762e-06,False,False,False,False,False,False
pressure_positive,random_bounded_nonzero,1,46,False,False,1,wait_Gm,0,0,True,True,True,25.168851787295722,52.05397113756817,25.179631061609587,52.05556394169798,214.90942956238308,212.43840252035412,214.90942956238308,212.43840252035412,0.2354851145607193,-0.5577146697284301,0.515989780419375,0.33251953125,False,156.06749765629237,233.65538828029239,183.02470038022335,249.52860663022335,0.0,False,-5.946804272122588e-06,1.7909437284580054e-07,False,False,False,False,False,False
pressure_positive,random_bounded_nonzero,1,47,False,False,1,wait_Gm,0,0,True,True,True,25.179631061609587,52.05556394169798,25.146775336787627,52.048395193810805,160.59704068675936,215.46270559113216,160.59704068675936,215.46270559113216,-0.9209361772963269,-0.07765651601518586,0.515989780419375,0.33251953125,False,156.06749765629237,233.65538828029239,183.02470038022335,249.52860663022335,0.0,False,1.993311042312526e-05,2.1543049733008246e-08,False,False,False,False,False,False
pressure_positive,random_bounded_nonzero,1,48,False,False,1,wait_Gm,0,0,True,True,True,25.146775336787627,52.048395193810805,25.130608298876407,52.044961587280916,181.2052579394741,201.55146062332392,181.2052579394741,201.55146062332392,-0.7214184656544056,-0.702464895451339,0.515989780419375,0.33251953125,False,156.06749765629237,233.65538828029239,183.02470038022335,249.52860663022335,0.0,False,1.1027589417886285e-05,1.6229378576732012e-06,False,False,False,False,False,False
pressure_positive,random_bounded_nonzero,1,49,False,False,1,wait_Gm,0,0,True,True,True,25.130608298876407,52.044961587280916,25.155216650086526,52.048803173260055,231.97283549542843,230.17353120258193,231.97283549542843,230.17353120258193,0.8397826101294557,0.25770926980919673,0.515989780419375,0.33251953125,False,156.06749765629237,233.65538828029239,183.02470038022335,249.52860663022335,0.0,False,-1.58304672403832e-05,6.574216224464191e-07,False,False,False,False,False,False
pressure_positive,random_bounded_nonzero,1,50,False,False,1,wait_Gm,0,0,True,True,True,25.155216650086526,52.048803173260055,25.13311820005816,52.04308359346896,173.84863802554744,241.0342818976313,173.84863802554744,241.0342818976313,-0.7140989764985981,0.34398417673134385,0.515989780419375,0.33251953125,False,156.06749765629237,233.65538828029239,183.02470038022335,249.52860663022335,0.0,False,1.4637108601067012e-05,2.443720620332046e-06,False,False,False,False,False,False
pressure_positive,random_bounded_nonzero,1,51,False,False,1,wait_Gm,0,0,True,True,True,25.13311820005816,52.04308359346896,25.156476945579353,52.046568806263785,230.41544931390945,234.38937781680636,230.41544931390945,234.38937781680636,0.7045838629830528,0.2492954546148003,0.515989780419375,0.33251953125,False,156.06749765629237,233.65538828029239,183.02470038022335,249.52860663022335,0.0,False,-1.4900790268317782e-05,1.2279620673349978e-06,False,False,False,False,False,False
pressure_positive,random_bounded_nonzero,1,52,False,False,1,wait_Gm,0,0,True,True,True,25.156476945579353,52.046568806263785,25.17566496862356,52.048862249016196,225.3066798356977,249.52860663022335,225.3066798356977,249.52860663022335,0.7025745835771353,0.9126364996245659,0.515989780419375,0.33251953125,False,156.06749765629237,233.65538828029239,183.02470038022335,249.52860663022335,0.0,False,-1.1154665069982792e-05,4.540724582641209e-06,False,False,False,False,False,False
pressure_positive,random_bounded_nonzero,1,53,False,False,1,wait_Gm,0,0,True,True,True,25.17566496862356,52.048862249016196,25.185437318311244,52.0505449803677,213.66171353499416,203.17773793152784,213.66171353499416,203.17773793152784,0.27263417949863045,-0.6969646042212072,0.515989780419375,0.33251953125,False,156.06749765629237,233.65538828029239,183.02470038022335,249.52860663022335,0.0,False,-5.222200583408429e-06,1.3164411930832731e-06,False,False,False,False,False,False
pressure_positive,random_bounded_nonzero,1,54,False,False,1,wait_Gm,0,0,True,True,True,25.185437318311244,52.0505449803677,25.207574569572753,52.05345115192325,229.0861312905442,248.5091333017512,229.0861312905442,248.5091333017512,0.7860796988350678,0.7554206477820438,0.515989780419375,0.33251953125,False,156.06749765629237,233.65538828029239,183.02470038022335,249.52860663022335,0.0,False,-1.116036176702917e-05,4.257593479176092e-06,False,False,False,False,False,False
pressure_positive,random_bounded_nonzero,1,55,False,False,1,wait_Gm,0,0,True,True,True,25.207574569572753,52.05345115192325,25.20989896680466,52.052405718477914,204.5352567427887,249.52860663022335,204.5352567427887,249.52860663022335,-0.036274391458899435,0.2879815576360556,0.515989780419375,0.33251953125,False,156.06749765629237,233.65538828029239,183.02470038022335,249.52860663022335,0.0,False,-9.79589404856429e-07,4.537368645071704e-06,False,False,False,False,False,False
pressure_positive,random_bounded_nonzero,1,56,True,True,0,wait_Gm,0,0,True,True,True,25.20989896680466,53.052405718477914,25.228797190263947,53.05591555420559,229.0653424070721,193.9023401124648,229.0653424070721,193.9023401124648,0.8790941311751168,-0.7937780248949198,0.515989780419375,0.33251953125,False,156.06749765629237,233.65538828029239,183.02470038022335,249.52860663022335,0.0,False,-8.392469007996797e-06,3.872479290151221e-06,False,False,False,False,False,False
pressure_positive,random_bounded_nonzero,1,57,False,False,0,wait_Gm,0,0,True,True,True,25.228797190263947,53.05591555420559,25.222352513917706,53.05430138329017,197.65340171462188,196.84661514447362,197.65340171462188,196.84661514447362,-0.029725329460287275,-0.7921638660999668,0.515989780419375,0.33251953125,False,156.06749765629237,233.65538828029239,183.02470038022335,249.52860663022335,0.0,False,2.9065160236201038e-06,2.989775973516462e-06,False,False,False,False,False,False
pressure_positive,random_bounded_nonzero,1,58,False,False,0,wait_Gm,0,0,True,True,True,25.222352513917706,53.05430138329017,25.236759913232497,53.05659967688232,223.53439418941338,203.51831502241345,223.53439418941338,203.51831502241345,0.7497020601063329,-0.6339848299493895,0.515989780419375,0.33251953125,False,156.06749765629237,233.65538828029239,183.02470038022335,249.52860663022335,0.0,False,-5.989107237709679e-06,1.4318108654542971e-06,False,False,False,False,False,False
pressure_positive,random_bounded_nonzero,1,59,False,False,0,wait_Gm,0,0,True,True,True,25.236759913232497,53.05659967688232,25.22299495697936,53.05303063722583,188.59302805604676,212.64090646188185,188.59302805604676,212.64090646188185,-0.22060257192514654,-0.5546696765401131,0.515989780419375,0.33251953125,False,156.06749765629237,233.65538828029239,183.02470038022335,249.52860663022335,0.0,False,5.924855364779907e-06,2.120585163856159e-07,False,False,False,False,False,False
pressure_positive,random_bounded_nonzero,1,60,False,False,0,wait_Gm,0,0,True,True,True,25.22299495697936,53.05303063722583,25.190747697467916,53.04548421875913,165.51521526234652,223.1102622312378,165.51521526234652,223.1102622312378,-0.7449689075184689,-0.03714082298584409,0.515989780419375,0.33251953125,False,156.06749765629237,233.65538828029239,183.02470038022335,249.52860663022335,0.0,False,1.573868771404495e-05,-1.1304542191226119e-08,False,False,False,False,False,False
pressure_positive,random_bounded_nonzero,1,61,False,False,0,wait_Gm,0,0,True,True,True,25.190747697467916,53.04548421875913,25.191866294607877,53.04388278641683,206.85115681614144,249.52860663022335,206.85115681614144,249.52860663022335,0.19580321258364886,0.9250673291840581,0.515989780419375,0.33251953125,False,156.06749765629237,233.65538828029239,183.02470038022335,249.52860663022335,0.0,False,-4.248176257611036e-07,4.155293596541654e-06,False,False,False,False,False,False
pressure_positive,random_bounded_nonzero,1,62,False,False,0,wait_Gm,0,0,True,True,True,25.191866294607877,53.04388278641683,25.173003038161312,53.03898532261176,181.97268064315477,222.98948683939676,181.97268064315477,222.98948683939676,-0.40164714945832825,-0.29735623847467707,0.515989780419375,0.33251953125,False,156.06749765629237,233.65538828029239,183.02470038022335,249.52860663022335,0.0,False,1.0535012388785195e-05,-1.4086932509371763e-08,False,False,False,False,False,False
pressure_positive,random_bounded_nonzero,1,63,False,False,0,wait_Gm,0,0,True,True,True,25.173003038161312,53.03898532261176,25.152499718716438,53.03328684918777,179.81069458724417,240.8801243807089,179.81069458724417,240.8801243807089,-0.49560429542052065,0.17663613294198077,0.515989780419375,0.33251953125,False,156.06749765629237,233.65538828029239,183.02470038022335,249.52860663022335,0.0,False,1.254376434627752e-05,2.12077735639582e-06,False,False,False,False,False,False
pressure_positive,random_bounded_nonzero,1,64,False,False,0,wait_Gm,0,0,True,True,True,25.152499718716438,53.03328684918777,25.135202812754454,53.028644252349395,183.6813869053747,224.4844198806971,183.6813869053747,224.4844198806971,-0.4604934934700917,-0.21950316693520455,0.515989780419375,0.33251953125,False,156.06749765629237,233.65538828029239,183.02470038022335,249.52860663022335,0.0,False,1.1532920098280414e-05,4.8074687147847683e-08,False,False,False,False,False,False
pressure_positive,random_bounded_nonzero,1,65,False,False,0,wait_Gm,0,0,True,True,True,25.135202812754454,53.028644252349395,25.13161072924438,53.02609257832495,200.67630873916346,249.52860663022335,200.67630873916346,249.52860663022335,-0.022660251290383515,0.9004884904491659,0.515989780419375,0.33251953125,False,156.06749765629237,233.65538828029239,183.02470038022335,249.52860663022335,0.0,False,2.7179837586675804e-06,4.16155372082172e-06,False,False,False,False,False,False
pressure_positive,random_bounded_nonzero,1,66,False,False,0,wait_Gm,0,0,True,True,True,25.13161072924438,53.02609257832495,25.15445716596704,53.02982138620673,233.62409527695206,211.0891150590294,233.62409527695206,211.0891150590294,0.9985902694764834,-0.15741676044723407,0.515989780419375,0.33251953125,False,156.06749765629237,233.65538828029239,183.02470038022335,249.52860663022335,0.0,False,-1.4670364841772726e-05,3.4968350526298764e-07,False,False,False,False,False,False
pressure_positive,random_bounded_nonzero,1,67,False,False,0,wait_Gm,0,0,True,True,True,25.15445716596704,53.02982138620673,25.161699113041042,53.02983086662106,214.2699570881784,233.1714245495573,214.2699570881784,233.1714245495573,0.2751451087427934,-0.2167713215245204,0.515989780419375,0.33251953125,False,156.06749765629237,233.65538828029239,183.02470038022335,249.52860663022335,0.0,False,-4.211339479422496e-06,8.41133978690678e-07,False,False,False,False,False,False
pressure_positive,random_bounded_nonzero,1,68,False,False,0,wait_Gm,0,0,True,True,True,25.161699113041042,53.02983086662106,25.179315710550426,53.0320045548324,227.21970734121433,229.34665937571623,227.21970734121433,229.34665937571623,0.7715412525744039,0.16460104732872693,0.515989780419375,0.33251953125,False,156.06749765629237,233.65538828029239,183.02470038022335,249.52860663022335,0.0,False,-1.0015455304202697e-05,4.0434696971236583e-07,False,False,False,False,False,False
pressure_positive,random_bounded_nonzero,1,69,False,False,0,wait_Gm,0,0,True,True,True,25.179315710550426,53.0320045548324,25.176824128199492,53.03091383169755,202.25736247360695,204.42978960344203,202.25736247360695,204.42978960344203,0.040411312142905276,-0.6781378654247294,0.515989780419375,0.33251953125,False,156.06749765629237,233.65538828029239,183.02470038022335,249.52860663022335,0.0,False,1.5879436257599383e-06,1.2591735308320473e-06,False,False,False,False,False,False
pressure_positive,random_bounded_nonzero,1,70,False,False,0,wait_Gm,0,0,True,True,True,25.176824128199492,53.03091383169755,25.14704410571517,53.02326900129748,168.23470536017342,245.24460671581434,168.23470536017342,245.24460671581434,-0.7379254074731405,0.4568181544516654,0.515989780419375,0.33251953125,False,156.06749765629237,233.65538828029239,183.02470038022335,249.52860663022335,0.0,False,1.8184782452586312e-05,3.075076640129959e-06,False,False,False,False,False,False
pressure_positive,random_bounded_nonzero,1,71,False,False,0,wait_Gm,0,0,True,True,True,25.14704410571517,53.02326900129748,25.142669526404706,53.020930592194844,199.7325445461482,234.60017550638574,199.7325445461482,234.60017550638574,-0.20798628575721767,-0.2244745003055757,0.515989780419375,0.33251953125,False,156.06749765629237,233.65538828029239,183.02470038022335,249.52860663022335,0.0,False,3.097260822079728e-06,1.0399915354175615e-06,False,False,False,False,False,False
pressure_positive,random_bounded_nonzero,1,72,False,False,0,wait_Gm,0,0,True,True,True,25.142669526404706,53.020930592194844,25.138518449085993,53.0186748111369,199.98271112221826,233.08447099753482,199.98271112221826,233.08447099753482,-0.21511852904290762,-0.24726571054145463,0.515989780419375,0.33251953125,False,156.06749765629237,233.65538828029239,183.02470038022335,249.52860663022335,0.0,False,3.0091871585265217e-06,8.308010611690619e-07,False,False,False,False,False,False
pressure_positive,random_bounded_nonzero,1,73,False,False,0,wait_Gm,0,0,True,True,True,25.138518449085993,53.0186748111369,25.130044824951753,53.01515563858914,194.56199741449655,249.52860663022335,194.56199741449655,249.52860663022335,-0.33812736316855574,0.4482181701688057,0.515989780419375,0.33251953125,False,156.06749765629237,233.65538828029239,183.02470038022335,249.52860663022335,0.0,False,6.013061067559888e-06,4.165153599633431e-06,False,False,False,False,False,False
pressure_positive,random_bounded_nonzero,1,74,False,False,0,wait_Gm,0,0,True,True,True,25.130044824951753,53.01515563858914,25.12719788599631,53.013984652097925,201.53287349687588,204.349216378046,201.53287349687588,204.349216378046,-0.07695863952307413,-0.6793494217067491,0.515989780419375,0.33251953125,False,156.06749765629237,233.65538828029239,183.02470038022335,249.52860663022335,0.0,False,2.265084174130766e-06,1.2707121248567432e-06,False,False,False,False,False,False
pressure_positive,random_bounded_nonzero,1,75,False,False,0,wait_Gm,0,0,True,True,True,25.12719788599631,53.013984652097925,25.127040308638144,53.01382793332355,204.87273236572506,190.23915046126743,204.87273236572506,190.23915046126743,0.09499984297368114,-0.8915184011308499,0.515989780419375,0.33251953125,False,156.06749765629237,233.65538828029239,183.02470038022335,249.52860663022335,0.0,False,3.9924315792944087e-07,5.127410633964935e-06,False,False,False,False,False,False
pressure_positive,random_bounded_nonzero,1,76,False,False,0,wait_Gm,0,0,True,True,True,25.127040308638144,53.01382793332355,25.117934459527632,53.01070688842044,193.7013121840784,228.33216040077613,193.7013121840784,228.33216040077613,-0.3333132067347726,-0.22810234030032928,0.515989780419375,0.33251953125,False,156.06749765629237,233.65538828029239,183.02470038022335,249.52860663022335,0.0,False,6.763689784899246e-06,3.1215900125891594e-07,False,False,False,False,False,False
pressure_positive,random_bounded_nonzero,1,77,False,False,0,wait_Gm,0,0,True,True,True,25.117934459527632,53.01070688842044,25.137987494391748,53.013007370524,230.03560830445736,243.41124245070864,230.03560830445736,243.41124245070864,0.8125060020605166,0.6285359309937597,0.515989780419375,0.33251953125,False,156.06749765629237,233.65538828029239,183.02470038022335,249.52860663022335,0.0,False,-1.3624191647430839e-05,2.6648786878857855e-06,False,False,False,False,False,False
pressure_positive,random_bounded_nonzero,1,78,False,False,0,wait_Gm,0,0,True,True,True,25.137987494391748,53.013007370524,25.14196726937804,53.01266074017921,210.0727983569001,222.30312646596136,210.0727983569001,222.30312646596136,0.11376796056690419,-0.4093816694303125,0.515989780419375,0.33251953125,False,156.06749765629237,233.65538828029239,183.02470038022335,249.52860663022335,0.0,False,-2.3624997003007797e-06,-3.0688902807884944e-08,False,False,False,False,False,False
pressure_positive,random_bounded_nonzero,1,79,False,False,0,wait_Gm,0,0,True,True,True,25.14196726937804,53.01266074017921,25.106856998033095,53.005063318735665,161.31031487148647,204.53508929904575,161.31031487148647,204.53508929904575,-0.9020449311185634,-0.3382980582056996,0.515989780419375,0.33251953125,False,156.06749765629237,233.65538828029239,183.02470038022335,249.52860663022335,0.0,False,2.500683296258882e-05,1.2339038795994295e-06,False,False,False,False,False,False
pressure_positive,random_bounded_nonzero,1,80,False,False,0,wait_Gm,0,0,True,True,True,25.106856998033095,53.005063318735665,25.118925489085644,53.0057328542993,220.01254775993942,245.10933446385954,220.01254775993942,245.10933446385954,0.2,0.06709736568703217,0.515989780419375,0.33251953125,False,156.06749765629237,233.65538828029239,183.02470038022335,249.52860663022335,0.0,False,-8.535240314667958e-06,3.054008283986942e-06,False,False,False,False,False,False
pressure_positive,random_bounded_nonzero,1,81,False,False,0,wait_Gm,0,0,True,True,True,25.118925489085644,53.0057328542993,25.125914921716138,53.00529009431242,213.7216525162945,249.52860663022335,213.7216525162945,249.52860663022335,0.0682244897926001,0.2,0.515989780419375,0.33251953125,False,156.06749765629237,233.65538828029239,183.02470038022335,249.52860663022335,0.0,False,-4.65203669146666e-06,4.170936150293958e-06,False,False,False,False,False,False
pressure_positive,random_bounded_nonzero,1,82,False,False,0,wait_Gm,0,0,True,True,True,25.125914921716138,53.00529009431242,25.139179300451147,53.0064876563991,221.57508848664008,233.57919929975895,221.57508848664008,233.57919929975895,0.4195515793317386,-0.06010166902055358,0.515989780419375,0.33251953125,False,156.06749765629237,233.65538828029239,183.02470038022335,249.52860663022335,0.0,False,-8.756779660029634e-06,9.014421549491392e-07,False,False,False,False,False,False
pressure_positive,random_bounded_nonzero,1,83,False,False,0,wait_Gm,0,0,True,True,True,25.139179300451147,53.0064876563991,25.133442944270943,53.00362776462908,197.9324690357052,244.83081520003182,197.9324690357052,244.83081520003182,-0.2268332234453725,0.0641659214493131,0.515989780419375,0.33251953125,False,156.06749765629237,233.65538828029239,183.02470038022335,249.52860663022335,0.0,False,4.126402344734048e-06,2.9872573551747994e-06,False,False,False,False,False,False
pressure_positive,random_bounded_nonzero,1,84,False,False,0,wait_Gm,0,0,True,True,True,25.133442944270943,53.00362776462908,25.13935779215172,53.00297578588044,212.42982333817002,249.52860663022335,212.42982333817002,249.52860663022335,0.2834094157461109,0.7629034335777349,0.515989780419375,0.33251953125,False,156.06749765629237,233.65538828029239,183.02470038022335,249.52860663022335,0.0,False,-3.7008841075776566e-06,4.171662322222103e-06,False,False,False,False,False,False
pressure_positive,random_bounded_nonzero,1,85,False,False,0,wait_Gm,0,0,True,True,True,25.13935779215172,53.00297578588044,25.10645133568161,52.99568162130968,164.0088045279557,208.89558161199926,164.0088045279557,208.89558161199926,-0.8533580045515954,-0.2764620608740007,0.515989780419375,0.33251953125,False,156.06749765629237,233.65538828029239,183.02470038022335,249.52860663022335,0.0,False,2.3593848227553005e-05,5.82640187762884e-07,False,False,False,False,False,False
pressure_positive,random_bounded_nonzero,1,86,False,False,0,wait_Gm,0,0,True,True,True,25.10645133568161,52.99568162130968,25.115648288641605,52.99630871361191,216.39079074082588,224.52494887681283,216.39079074082588,224.52494887681283,0.1731774564673092,-0.37597276856816997,0.515989780419375,0.33251953125,False,156.06749765629237,233.65538828029239,183.02470038022335,249.52860663022335,0.0,False,-6.46104834158695e-06,5.6036738166342914e-08,False,False,False,False,False,False
pressure_positive,random_bounded_nonzero,1,87,False,False,0,wait_Gm,0,0,True,True,True,25.115648288641605,52.99630871361191,25.130172660720998,52.99753962178158,223.07471371825642,242.2964095474008,223.07471371825642,242.2964095474008,0.4335956344726266,0.21609872367056226,0.515989780419375,0.33251953125,False,156.06749765629237,233.65538828029239,183.02470038022335,249.52860663022335,0.0,False,-9.971484665329683e-06,2.4274120069001093e-06,False,False,False,False,False,False
pressure_positive,random_bounded_nonzero,1,88,False,False,0,wait_Gm,0,0,True,True,True,25.130172660720998,52.99753962178158,25.10209954569983,52.99074610629934,169.97027342591102,224.6316689187552,169.97027342591102,224.6316689187552,-0.7518686087325108,0.0023493812951231874,0.515989780419375,0.33251953125,False,156.06749765629237,233.65538828029239,183.02470038022335,249.52860663022335,0.0,False,2.0699466377432224e-05,5.8066144170698664e-08,False,False,False,False,False,False
pressure_positive,random_bounded_nonzero,1,89,False,False,0,wait_Gm,0,0,True,True,True,25.10209954569983,52.99074610629934,25.114043872903927,52.9932237197002,219.7876739497016,184.16740481977618,219.7876739497016,184.16740481977618,0.5740065378674879,-0.9828174839045214,0.515989780419375,0.33251953125,False,156.06749765629237,233.65538828029239,183.02470038022335,249.52860663022335,0.0,False,-8.596319918844492e-06,7.670677547033655e-06,False,False,False,False,False,False
pressure_positive,random_bounded_nonzero,1,90,False,False,0,wait_Gm,0,0,True,True,True,25.114043872903927,52.9932237197002,25.120080800130122,52.99294810663149,212.4654504154351,234.93977535807917,212.4654504154351,234.93977535807917,0.01237254801172094,-0.21936803557526652,0.515989780419375,0.33251953125,False,156.06749765629237,233.65538828029239,183.02470038022335,249.52860663022335,0.0,False,-4.044307561644478e-06,1.0973539628089668e-06,False,False,False,False,False,False
pressure_positive,random_bounded_nonzero,1,91,False,False,0,wait_Gm,0,0,True,True,True,25.120080800130122,52.99294810663149,25.131852565662548,52.993832333206406,219.6436822811724,234.30669643730113,219.6436822811724,234.30669643730113,0.28197364011464376,-0.17580128022463226,0.515989780419375,0.33251953125,False,156.06749765629237,233.65538828029239,183.02470038022335,249.52860663022335,0.0,False,-7.931728683387151e-06,1.005527733383138e-06,False,False,False,False,False,False
pressure_positive,random_bounded_nonzero,1,92,False,False,0,wait_Gm,0,0,True,True,True,25.131852565662548,52.993832333206406,25.1451488092273,52.99655502690353,221.5942104123876,184.96282728060666,221.5942104123876,184.96282728060666,0.6272819392371327,-0.9708569464611965,0.515989780419375,0.33251953125,False,156.06749765629237,233.65538828029239,183.02470038022335,249.52860663022335,0.0,False,-8.593571355082485e-06,7.304946219560682e-06,False,False,False,False,False,False
pressure_positive,random_bounded_nonzero,1,93,False,False,0,wait_Gm,0,0,True,True,True,25.1451488092273,52.99655502690353,25.157640432009757,52.997216739306126,220.6460360704138,249.52860663022335,220.6460360704138,249.52860663022335,0.6018211511533704,0.9736248350229051,0.515989780419375,0.33251953125,False,156.06749765629237,233.65538828029239,183.02470038022335,249.52860663022335,0.0,False,-7.648343156847412e-06,4.174655398120342e-06,False,False,False,False,False,False
pressure_positive,random_bounded_nonzero,1,94,False,False,0,wait_Gm,0,0,True,True,True,25.157640432009757,52.997216739306126,25.124213484712232,52.98918062329425,163.4428619824659,231.7899333589456,163.4428619824659,231.7899333589456,-0.8542961148649135,0.24062513835598875,0.515989780419375,0.33251953125,False,156.06749765629237,233.65538828029239,183.02470038022335,249.52860663022335,0.0,False,2.230963841371239e-05,6.709915326141846e-07,False,False,False,False,False,False
pressure_positive,random_bounded_nonzero,1,95,False,False,0,wait_Gm,0,0,True,True,True,25.124213484712232,52.98918062329425,25.130924166115967,52.989470843430546,213.33119825398506,219.12639485069164,213.33119825398506,219.12639485069164,0.17709071206527294,-0.45714926376270903,0.515989780419375,0.33251953125,False,156.06749765629237,233.65538828029239,183.02470038022335,249.52860663022335,0.0,False,-4.3649216793090195e-06,-6.152852324858848e-08,False,False,False,False,False,False
pressure_positive,random_bounded_nonzero,1,96,False,False,0,wait_Gm,0,0,True,True,True,25.130924166115967,52.989470843430546,25.1228858278677,52.98604451152375,194.9554178015504,249.52860663022335,194.9554178015504,249.52860663022335,-0.23753688469757162,0.7894799128729342,0.515989780419375,0.33251953125,False,156.06749765629237,233.65538828029239,183.02470038022335,249.52860663022335,0.0,False,5.893661075909162e-06,4.176399575950285e-06,False,False,False,False,False,False
pressure_positive,random_bounded_nonzero,1,97,False,False,0,wait_Gm,0,0,True,True,True,25.1228858278677,52.98604451152375,25.132888022346084,52.98762548003617,217.4214645083933,198.64889707252044,217.4214645083933,198.64889707252044,0.41806750661913283,-0.7650634741128894,0.515989780419375,0.33251953125,False,156.06749765629237,233.65538828029239,183.02470038022335,249.52860663022335,0.0,False,-6.650348845123333e-06,2.494213105885823e-06,False,False,False,False,False,False
pressure_positive,random_bounded_nonzero,1,98,False,False,0,wait_Gm,0,0,True,True,True,25.132888022346084,52.98762548003617,25.149879395092803,52.98986304557376,226.17819143759175,222.7084952631493,226.17819143759175,222.7084952631493,0.6597799489922638,-0.14679256319228307,0.515989780419375,0.33251953125,False,156.06749765629237,233.65538828029239,183.02470038022335,249.52860663022335,0.0,False,-1.0913635627766982e-05,-1.5941418907150506e-08,False,False,False,False,False,False
pressure_positive,random_bounded_nonzero,1,99,False,False,0,wait_Gm,0,0,True,True,True,25.149879395092803,52.98986304557376,25.126297598451043,52.983640314236546,175.65564424440424,237.46089571986676,175.65564424440424,237.46089571986676,-0.624992612886184,0.1965564426557136,0.515989780419375,0.33251953125,False,156.06749765629237,233.65538828029239,183.02470038022335,249.52860663022335,0.0,False,1.6000842402046078e-05,1.4993710749922062e-06,False,False,False,False,False,False
pressure_positive,random_bounded_nonzero,1,100,False,False,0,wait_Gm,0,0,True,True,True,25.126297598451043,52.983640314236546,25.149126130280074,52.987003219312406,233.41820842128635,224.00681663948387,233.41820842128635,224.00681663948387,0.9885043832334075,0.22097683696271098,0.515989780419375,0.33251953125,False,156.06749765629237,233.65538828029239,183.02470038022335,249.52860663022335,0.0,False,-1.4971215826782569e-05,3.393423705921883e-08,False,False,False,False,False,False
pressure_positive,random_bounded_nonzero,1,101,False,False,0,wait_Gm,0,0,True,True,True,25.149126130280074,52.987003219312406,25.165222158302576,52.98866171127964,225.1146933893727,238.03111921099094,225.1146933893727,238.03111921099094,0.6607144429872442,0.3149456583383754,0.515989780419375,0.33251953125,False,156.06749765629237,233.65538828029239,183.02470038022335,249.52860663022335,0.0,False,-9.681974221799686e-06,1.6013800656355937e-06,False,False,False,False,False,False
pressure_positive,random_bounded_nonzero,1,102,False,False,0,wait_Gm,0,0,True,True,True,25.165222158302576,52.98866171127964,25.16495930938359,52.98679529376473,204.80066963046556,249.52860663022335,204.80066963046556,249.52860663022335,0.04428875030600099,0.40147039072773105,0.515989780419375,0.33251953125,False,156.06749765629237,233.65538828029239,183.02470038022335,249.52860663022335,0.0,False,3.6703963678802465e-07,4.177128112126116e-06,False,False,False,False,False,False
pressure_positive,random_bounded_nonzero,1,103,False,False,0,wait_Gm,0,0,True,True,True,25.16495930938359,52.98679529376473,25.166635132455525,52.98531481546107,207.2076258702803,249.52860663022335,207.2076258702803,249.52860663022335,0.08530715701293357,0.2,0.515989780419375,0.33251953125,False,156.06749765629237,233.65538828029239,183.02470038022335,249.52860663022335,0.0,False,-7.843227019417587e-07,4.177923006332129e-06,False,False,False,False,False,False
pressure_positive,random_bounded_nonzero,1,104,False,False,0,wait_Gm,0,0,True,True,True,25.166635132455525,52.98531481546107,25.175998405940266,52.986317511046536,216.78596446533552,213.23849111412102,216.78596446533552,213.23849111412102,0.42920233201715075,-0.5456839689939619,0.515989780419375,0.33251953125,False,156.06749765629237,233.65538828029239,183.02470038022335,249.52860663022335,0.0,False,-5.20660353320497e-06,1.6548449416342592e-07,False,False,False,False,False,False
pressure_positive,random_bounded_nonzero,1,105,False,False,0,wait_Gm,0,0,True,True,True,25.175998405940266,52.986317511046536,25.173822877663248,52.98407525958828,202.45517168178463,249.52860663022335,202.45517168178463,249.52860663022335,-0.00536421387836028,0.2,0.515989780419375,0.33251953125,False,156.06749765629237,233.65538828029239,183.02470038022335,249.52860663022335,0.0,False,1.428909542742704e-06,4.177965223117752e-06,False,False,False,False,False,False
pressure_positive,random_bounded_nonzero,1,106,False,False,0,wait_Gm,0,0,True,True,True,25.173822877663248,52.98407525958828,25.182500980516203,52.984485394855085,215.95428181805198,229.51180002798077,215.95428181805198,229.51180002798077,0.41015442185035833,-0.19181943896304543,0.515989780419375,0.33251953125,False,156.06749765629237,233.65538828029239,183.02470038022335,249.52860663022335,0.0,False,-4.665461585697667e-06,4.2733713714881993e-07,False,False,False,False,False,False
pressure_positive,random_bounded_nonzero,1,107,False,False,0,wait_Gm,0,0,True,True,True,25.182500980516203,52.984485394855085,25.185121415427297,52.98461064100198,208.45024676702735,198.7927305129775,208.45024676702735,198.7927305129775,0.23111485448361413,-0.7629006922769421,0.515989780419375,0.33251953125,False,156.06749765629237,233.65538828029239,183.02470038022335,249.52860663022335,0.0,False,-1.2486770566838556e-06,2.4566953180094053e-06,False,False,False,False,False,False
pressure_positive,random_bounded_nonzero,1,108,False,False,0,wait_Gm,0,0,True,True,True,25.185121415427297,52.98461064100198,25.179506617338987,52.98246363610608,198.2073183096874,219.36659892271442,198.2073183096874,219.36659892271442,-0.08259536135347179,-0.45353738461804927,0.515989780419375,0.33251953125,False,156.06749765629237,233.65538828029239,183.02470038022335,249.52860663022335,0.0,False,3.2691164685676177e-06,-6.352625817052093e-08,False,False,False,False,False,False
pressure_positive,random_bounded_nonzero,1,109,False,False,0,wait_Gm,0,0,True,True,True,25.179506617338987,52.98246363610608,25.194437818561873,52.985162078409296,223.75445057569885,195.02984744530602,223.75445057569885,195.02984744530602,0.6906356964257374,-0.8194820764369359,0.515989780419375,0.33251953125,False,156.06749765629237,233.65538828029239,183.02470038022335,249.52860663022335,0.0,False,-7.838634104690226e-06,3.499177055499292e-06,False,False,False,False,False,False
pressure_positive,random_bounded_nonzero,1,110,False,False,0,wait_Gm,0,0,True,True,True,25.194437818561873,52.985162078409296,25.1777693029828,52.98004732862907,184.48785920899502,249.52860663022335,184.48785920899502,249.52860663022335,-0.4746690920404235,0.8425284475326293,0.515989780419375,0.33251953125,False,156.06749765629237,233.65538828029239,183.02470038022335,249.52860663022335,0.0,False,9.152573889548848e-06,4.17797215351845e-06,False,False,False,False,False,False
pressure_positive,random_bounded_nonzero,1,111,False,False,0,wait_Gm,0,0,True,True,True,25.1777693029828,52.98004732862907,25.184360272917182,52.97954959272506,213.35425106618433,249.52860663022335,213.35425106618433,249.52860663022335,0.3699716818380001,0.7413810427792267,0.515989780419375,0.33251953125,False,156.06749765629237,233.65538828029239,183.02470038022335,249.52860663022335,0.0,False,-3.4590803999739322e-06,4.18068400986904e-06,False,False,False,False,False,False
pressure_positive,random_bounded_nonzero,1,112,False,False,0,wait_Gm,0,0,True,True,True,25.184360272917182,52.97954959272506,25.199340142709186,52.980897038096096,223.81790561922665,242.04384497825816,223.81790561922665,242.04384497825816,0.6929494295449912,0.4678570380145255,0.515989780419375,0.33251953125,False,156.06749765629237,233.65538828029239,183.02470038022335,249.52860663022335,0.0,False,-7.676290326118912e-06,2.3788867136997904e-06,False,False,False,False,False,False
pressure_positive,random_bounded_nonzero,1,113,False,False,0,wait_Gm,0,0,True,True,True,25.199340142709186,52.980897038096096,25.2160015497563,52.98310521399208,225.96749311831076,221.95465754468322,225.96749311831076,221.95465754468322,0.7803993401652487,-0.04884365142338809,0.515989780419375,0.33251953125,False,156.06749765629237,233.65538828029239,183.02470038022335,249.52860663022335,0.0,False,-7.87615667869647e-06,-3.637605858197723e-08,False,False,False,False,False,False
pressure_positive,random_bounded_nonzero,1,114,False,False,0,wait_Gm,0,0,True,True,True,25.2160015497563,52.98310521399208,25.19576229064443,52.97729199029143,180.14569435078434,249.52860663022335,180.14569435078434,249.52860663022335,-0.5489064025251602,0.6042844990313108,0.515989780419375,0.33251953125,False,156.06749765629237,233.65538828029239,183.02470038022335,249.52860663022335,0.0,False,9.977728392392832e-06,4.1787992630104576e-06,False,False,False,False,False,False
pressure_positive,random_bounded_nonzero,1,115,False,False,0,wait_Gm,0,0,True,True,True,25.19576229064443,52.97729199029143,25.197879132262916,52.97604282715954,207.84740215163575,243.95971685570473,207.84740215163575,243.95971685570473,0.24676265352514082,0.07928708438836951,0.515989780419375,0.33251953125,False,156.06749765629237,233.65538828029239,183.02470038022335,249.52860663022335,0.0,False,-9.242774980863788e-07,2.7973196197461636e-06,False,False,False,False,False,False
pressure_positive,random_bounded_nonzero,1,116,False,False,0,wait_Gm,0,0,True,True,True,25.197879132262916,52.97604282715954,25.206559217220892,52.976052842693946,216.01608590763632,245.84017826129332,216.01608590763632,245.84017826129332,0.49117011228289975,0.38024645149628156,0.515989780419375,0.33251953125,False,156.06749765629237,233.65538828029239,183.02470038022335,249.52860663022335,0.0,False,-4.158289210595342e-06,3.2376947713685933e-06,False,False,False,False,False,False
pressure_positive,random_bounded_nonzero,1,117,False,False,0,wait_Gm,0,0,True,True,True,25.206559217220892,52.976052842693946,25.199831758018977,52.972920677831574,196.88466337960244,249.52860663022335,196.88466337960244,249.52860663022335,-0.058995890832977516,0.5020346452369011,0.515989780419375,0.33251953125,False,156.06749765629237,233.65538828029239,183.02470038022335,249.52860663022335,0.0,False,3.4609951838574654e-06,4.181827826132967e-06,False,False,False,False,False,False
pressure_positive,random_bounded_nonzero,1,118,False,False,0,wait_Gm,0,0,True,True,True,25.199831758018977,52.972920677831574,25.194626220317186,52.970709971504185,198.73692819725773,224.8674378411819,198.73692819725773,224.8674378411819,-0.01672440810214182,-0.3708228610863207,0.515989780419375,0.33251953125,False,156.06749765629237,233.65538828029239,183.02470038022335,249.52860663022335,0.0,False,2.811419297893414e-06,7.498164486530179e-08,False,False,False,False,False,False
pressure_positive,random_bounded_nonzero,1,119,False,False,0,wait_Gm,0,0,True,True,True,25.194626220317186,52.970709971504185,25.162571577562087,52.96359654546371,165.26824510833663,209.902134847553,165.26824510833663,209.902134847553,-0.7890810581800367,-0.30196689591242754,0.515989780419375,0.33251953125,False,156.06749765629237,233.65538828029239,183.02470038022335,249.52860663022335,0.0,False,1.8105958407926837e-05,4.6345045878748437e-07,False,False,False,False,False,False
