xi_X2_normalized,xi_P2_normalized,error_X2_physical,error_P2_physical
-0.026,-0.16625976563,-0.38999999999999996,-3.3251953126
0.14778645832999998,-0.16625976563,2.2167968749499996,-3.3251953126
0.14778645832999998,0.09245539615,2.2167968749499996,1.8491079229999998
0.14456274084999998,0.09201167115999999,2.1684411127499996,1.8402334231999997
0.14103873076999998,0.09152604758999999,2.1155809615499996,1.8305209517999999
0.13752860003,0.09104177156,2.06292900045,1.8208354312
0.13403229621999999,0.09055883836999999,2.0104844432999998,1.8111767673999999
0.13054976728999998,0.09007724312,1.9582465093499997,1.8015448624
0.12708096142,0.08959698111,1.9062144213,1.7919396222000001
0.12362582667,0.08911804755,1.8543874000499998,1.7823609509999998
0.12018431164,0.08864043770999999,1.8027646746,1.7728087541999997
0.11675636492,0.08816414683,1.7513454737999998,1.7632829366
0.11334193542,0.08768917023999999,1.7001290313,1.7537834047999998
0.10994097219,0.08721550327,1.64911458285,1.7443100653999999
0.10655342439,0.08674314115,1.59830136585,1.7348628229999998
0.10317924146999999,0.0862720793,1.54768862205,1.725441586
0.09981837308,0.0858023131,1.4972755962,1.7160462619999999
0.09647076896,0.08533383789,1.4470615344,1.7066767578
0.09313637913999999,0.08486664901999999,1.3970456870999999,1.6973329803999997
0.08981515379999999,0.08440074201,1.3472273069999998,1.6880148402000001
0.08650704325,0.08393611222,1.29760564875,1.6787222443999998
0.08321199811999999,0.08347275509999999,1.2481799718,1.6694551019999997
0.07992996913,0.08301066615,1.19894953695,1.6602133229999998
0.07666090715,0.08254984079,1.14991360725,1.6509968158
0.07340476331,0.08209027459,1.10107144965,1.6418054918
0.07016148888,0.081631963,1.0524223332,1.63263926
0.06693103537999999,0.08117490155,1.0039655307,1.623498031
0.06371335440999999,0.08071908588,0.9557003161499998,1.6143817176
0.06050839785,0.08026451146,0.90762596775,1.6052902292
0.05731611766,0.07981117390999999,0.8597417649,1.5962234781999998
0.05437515025,0.07939300655999999,0.81562725375,1.5878601311999998
0.05144588048,0.07897598383,0.7716882072,1.5795196766
0.048528264099999996,0.07856010162999999,0.7279239614999999,1.5712020325999998
0.045622256869999996,0.0781453558,0.6843338530499999,1.5629071159999999
0.04272781478,0.07773174238,0.6409172217,1.5546348476
0.0398448939,0.0773192573,0.5976734085,1.546385146
0.03697345068,0.07690789649999999,0.5546017602,1.5381579299999997
0.034113441509999995,0.07649765597,0.51170162265,1.5299531194
0.031264822989999996,0.07608853179,0.46897234484999994,1.5217706357999998
0.028427551979999997,0.07568051986999999,0.4264132796999999,1.5136103974
0.02560158541,0.07527361634999999,0.38402378114999997,1.5054723269999997
0.02278688046,0.07486781719999999,0.3418032069,1.497356344
0.01998339435,0.07446311849,0.29975091524999997,1.4892623697999998
0.017191084579999998,0.07405951633999999,0.25786626869999996,1.4811903267999997
0.014409908689999999,0.07365700677999999,0.21614863034999998,1.4731401355999998
0.011639824569999999,0.07325558599,0.17459736854999997,1.4651117197999999
0.00888079003,0.07285525004,0.13321185045,1.4571050008
0.0061327631799999996,0.07245599507,0.09199144769999999,1.4491199014
0.0033957023199999996,0.07205781726999999,0.050935534799999994,1.4411563453999998
0.00066956579,0.07166071276,0.01004348685,1.4332142551999998
-0.00204568781,0.07126467772,-0.03068531715,1.4252935544
-0.004750099779999999,0.07086970836999999,-0.07125149669999999,1.4173941674
-0.007443711259999999,0.0704758009,-0.11165566889999999,1.409516018
-0.01012656319,0.07008295154,-0.15189844785,1.4016590307999999
-0.01279869644,0.06969115652999999,-0.1919804466,1.3938231306
-0.015460151629999998,0.06930041211,-0.23190227444999997,1.3860082422
-0.01811096931,0.06891071454,-0.27166453965,1.3782142908
-0.020751189819999998,0.06852206008999999,-0.31126784729999996,1.3704412017999998
-0.02338085336,0.06813444508,-0.35071280039999997,1.3626889016
-0.026,0.06774786579,-0.38999999999999996,1.3549573158000001
