id,source,segment_seconds,J_econ,X2_IAE,P2_IAE,X2_ISE,P2_ISE,P100_TV,F200_TV,P100_delta_RMS,F200_delta_RMS,P100_input_sign_changes,F200_input_sign_changes,P100_upper_steps,P100_lower_steps,F200_upper_steps,F200_lower_steps,P100_outer_10pct_steps,F200_outer_10pct_steps,any_outer_10pct_steps,recovery_max_steps,all_three_recovered_within_D,nonlinear_W_outside_steps,physical_state_violation_steps,physical_input_violation_steps,robust_region_violation_steps,omega_exit_count,qp_infeasible_rate,violation_rate,robust_operating_region_violation_rate,disturbance_bound_exceedance_rate,supervisor_Gm_exit_count,supervisor_Bk_recovery_failure_count,supervisor_omega_exit_count,supervisor_QP_infeasible_count,safety_passed,economic_improvement_percent,X2_IAE_ratio,P2_IAE_ratio,X2_ISE_ratio,P2_ISE_ratio,level_A,level_B,level_C,activity_within_comprehensive_tolerance,boundary_within_level_C_tolerance,level_C_boundary_limit_steps
pressure_negative_5s_00000,zero_residual,5,1867566.3989547016,52.97225901298851,687.6017452732317,10.830766100591546,1823.7886814120259,70.32820676806458,0.0,1.0650453846885228,0.0,5,0,0,0,0,300,0,300,300,0,True,0,0,0,0,0.0,0.0,0.0,0.0,0.0,0.0,0.0,0.0,0.0,True,0.0,1.0,1.0,1.0,1.0,False,False,False,True,False,270
pressure_negative_5s_00001,constrained_ep300_segment_mean,5,1866209.4894534326,39.99972820891011,705.3605258760736,6.262682830723865,1917.7912040639753,145.67475645369163,95.63838396425126,3.693473271297273,2.5110535046894817,94,5,6,0,0,5,6,5,11,0,True,0,0,0,0,0.0,0.0,0.0,0.0,0.0,0.0,0.0,0.0,0.0,True,0.07265656000388912,0.7551070872605679,1.0258271313662606,0.5782308261999873,1.0515424421754664,False,False,False,False,True,270
pressure_negative_5s_00002,constrained_blend_0.25,5,1867469.2735248937,50.86008300204496,691.73400635245,10.001646210369687,1845.3345272885545,93.17914422667215,23.909595991062815,1.720005195045334,0.6277633761723704,15,5,0,0,0,5,0,270,270,0,True,0,0,0,0,0.0,0.0,0.0,0.0,0.0,0.0,0.0,0.0,0.0,True,0.005200641319221182,0.9601267521850323,1.006009672179608,0.9234477152842794,1.0118137841824126,False,False,False,False,True,270
pressure_negative_5s_00003,constrained_blend_0.5,5,1867269.8393592848,48.25380264983086,695.9086257356885,9.039682077031667,1867.2629746264813,122.66888954871393,47.81919198212563,2.5054034846646434,1.2555267523447409,102,5,0,0,0,5,0,25,25,0,True,0,0,0,0,0.0,0.0,0.0,0.0,0.0,0.0,0.0,0.0,0.0,True,0.01587946728870007,0.9109258987425718,1.0120809473209755,0.8346299784405782,1.0238373522423643,False,False,False,False,True,270
pressure_negative_5s_00004,constrained_blend_0.75,5,1866922.6194405367,44.84203061055625,700.2308948759394,7.867874948163271,1890.1618502558917,149.3733180078022,71.72879020290566,3.1981763430722094,1.8832902287532038,102,5,0,0,0,5,2,10,12,0,True,0,0,0,0,0.0,0.0,0.0,0.0,0.0,0.0,0.0,0.0,0.0,True,0.03447157297996085,0.8465191299385821,1.0183669539664844,0.726437527603292,1.0363930150024168,False,False,False,False,True,270
pressure_negative_5s_00005,constant_0_-1_0.15,5,1867412.737528321,46.965586068948504,696.6621290938716,8.520713296074787,1871.113240449853,55.61284836594885,0.0,0.879860927435319,0.0,5,0,0,0,0,0,0,0,0,0,True,0,0,0,0,0.0,0.0,0.0,0.0,0.0,0.0,0.0,0.0,0.0,True,0.008227896286124851,0.8866071967486377,1.0131767900284192,0.7867138129415803,1.025948488177472,False,True,True,True,True,270
pressure_negative_5s_00006,constant_0_-1_0.4,5,1865966.6530981683,29.957669239163234,712.7343404903509,3.4946785949003205,1956.952395173087,38.92706278973918,0.0,0.6124603461339978,0.0,4,0,0,0,0,0,0,0,0,0,True,0,0,0,0,0.0,0.0,0.0,0.0,0.0,0.0,0.0,0.0,0.0,True,0.08565938311102024,0.5655350516922032,1.0365510928235533,0.3226621794287895,1.0730148811198688,False,True,True,True,True,270
pressure_negative_5s_00007,constant_0_-1_0.8,5,1846934.723276761,97.43548136836844,761.3436058095505,36.51412831119026,2230.7027202373433,23.882871912971012,4.805026922292853,0.6557593433442188,0.1270188807144995,2,2,0,0,0,0,0,0,0,0,True,0,0,0,0,0.0,0.0,0.0,0.0,0.0,0.0,0.0,0.0,0.0,True,1.104735857824841,1.839368061393753,1.1072450165277228,3.371333843983203,1.2231146859132132,False,False,False,False,True,270
pressure_negative_5s_00008,constant_0_1_0.15,5,1870367.3224175235,64.2561467547478,692.5730066770693,15.917636981798475,1849.347223534915,66.75079716877889,0.0,0.9221308969406301,0.0,5,0,0,0,0,0,0,0,0,0,True,0,0,0,0,0.0,0.0,0.0,0.0,0.0,0.0,0.0,0.0,0.0,True,-0.14997718230471369,1.2130150375311075,1.0072298557093717,1.46966861198573,1.0140139822027523,False,False,False,True,True,270
pressure_negative_5s_00009,constant_0_1_0.4,5,1882594.8424896118,119.47426026470133,692.1360188388738,55.566819177000895,1846.6548856774934,57.54741332796951,0.0,0.6935599857262756,0.0,4,0,0,0,0,0,0,0,0,0,True,0,0,0,0,0.0,0.0,0.0,0.0,0.0,0.0,0.0,0.0,0.0,True,-0.804707320892141,2.255411841798306,1.0065943310889072,5.1304606397109795,1.0125377487526481,False,False,False,True,True,270
pressure_negative_5s_00010,constant_0_1_0.8,5,1952525.061157668,538.8131915018478,613.9619272553101,1141.2907139711465,1457.5349490793276,35.514231737665654,8.2675487021815,0.9510519528824769,0.3829200985737131,1,1,0,0,0,0,0,0,0,0,True,0,0,0,0,0.0,0.0,0.0,0.0,0.0,0.0,0.0,0.0,0.0,True,-4.54916420912899,10.17161060414157,0.8929033869908818,105.37488330662153,0.7991797316950476,False,False,False,False,True,270
pressure_negative_5s_00011,constant_1_-1_0.15,5,1868105.7977114115,56.26369180768281,686.8416032967403,12.216957923938018,1819.7924529724296,62.078495860330236,0.0,0.8998464399956523,0.0,5,0,0,0,0,300,0,300,300,0,True,0,0,0,0,0.0,0.0,0.0,0.0,0.0,0.0,0.0,0.0,0.0,True,-0.028882440646382845,1.0621350279565622,0.9988945025493073,1.1279864979514942,0.9978088314285939,False,False,False,True,False,270
pressure_negative_5s_00012,constant_1_-1_0.4,5,1869572.877146766,65.1960459791039,684.7871337866877,16.401966245048403,1809.0210528563834,48.17128102280623,0.0,0.6302534939973664,0.0,5,0,0,0,0,300,0,300,300,0,True,0,0,0,0,0.0,0.0,0.0,0.0,0.0,0.0,0.0,0.0,0.0,True,-0.10743811803358072,1.2307582722329848,0.9959066254472266,1.5143865256357603,0.9919027743147255,False,False,False,True,False,270
pressure_negative_5s_00013,constant_1_-1_0.8,5,1899085.503761275,195.61615447284737,656.4209886609202,159.27756159099994,1667.266608008021,18.822487022089632,0.0,0.21281942362693967,0.0,4,0,0,0,0,300,0,300,300,0,True,0,0,0,0,0.0,0.0,0.0,0.0,0.0,0.0,0.0,0.0,0.0,True,-1.6877099965074853,3.692803707406236,0.9546528832617764,14.70602911296373,0.9141775168366428,False,False,False,True,False,270
pressure_negative_5s_00016,constant_1_1_0.8,5,1913506.828019264,212.71797201426327,720.2550938856541,191.47056666806637,1997.5361523279412,18.814613820491417,0.0,0.2128948571558423,0.0,4,0,0,0,0,0,0,0,0,0,True,0,0,0,0,0.0,0.0,0.0,0.0,0.0,0.0,0.0,0.0,0.0,True,-2.4599087395380264,4.015648491828638,1.0474887517911213,17.678395497582464,1.0952673260267167,False,False,False,True,True,270
pressure_negative_5s_00017,archive_mutation_1,5,1952552.4388638271,538.8133893976175,614.212968142158,1141.2915867725796,1458.6719627517423,35.5087761002641,17.997586557207967,0.951051821970028,0.5522788249129419,1,3,0,0,0,0,0,0,0,0,True,0,0,0,0,0.0,0.0,0.0,0.0,0.0,0.0,0.0,0.0,0.0,True,-4.550630165368856,10.17161433997941,0.893268483340002,105.37496389200442,0.7998031666817887,False,False,False,False,True,270
pressure_negative_5s_00018,archive_mutation_2,5,1952438.8472425127,538.8131512361986,613.9072543773543,1141.2905363921395,1457.3027953316555,35.53153484784366,13.98711270837984,0.9510523810742478,0.5067886671591862,1,3,0,0,0,0,0,0,0,0,True,0,0,0,0,0.0,0.0,0.0,0.0,0.0,0.0,0.0,0.0,0.0,True,-4.544547831622759,10.171609844014478,0.8928238745720556,105.37486691082779,0.7990524396737525,False,False,False,False,True,270
pressure_negative_5s_00019,archive_mutation_3,5,1846957.3799815818,97.42287209977292,761.5088789560599,36.50468122849563,2231.6544372791213,24.82703025632037,6.808862720836061,0.6562670729733264,0.14672953859013485,6,6,0,0,0,0,0,0,0,0,True,0,0,0,0,0.0,0.0,0.0,0.0,0.0,0.0,0.0,0.0,0.0,True,1.1035226905268212,1.8391300260743149,1.1074853782598526,3.37046159888005,1.2236365210641151,False,False,False,False,True,270
pressure_negative_5s_00023,archive_mutation_7,5,1944348.8805042026,390.22099725823944,642.689262452365,748.0231122574446,1606.1364552292805,112.84859143513629,35.37231392260014,2.223903403183839,1.0183347867216344,7,4,0,0,0,0,0,0,0,0,True,0,0,0,0,0.0,0.0,0.0,0.0,0.0,0.0,0.0,0.0,0.0,True,-4.111365549973323,7.3665160695253595,0.9346824188134952,69.06465390445369,0.8806592954539924,False,False,False,False,True,270
pressure_negative_5s_00024,archive_mutation_8,5,1902566.1510082071,135.29122598648294,689.2314802183223,75.65806025718659,1832.1734460157127,96.39793366817142,16.650223002943676,1.9505144824862979,0.7813036154114276,7,2,0,0,0,0,0,0,0,0,True,0,0,0,0,0.0,0.0,0.0,0.0,0.0,0.0,0.0,0.0,0.0,True,-1.8740834099979133,2.554001443535007,1.0023701727872185,6.985476332376374,1.0045974430531037,False,False,False,False,True,270
pressure_negative_5s_00025,archive_mutation_9,5,1870693.0360798491,30.09862759058001,712.4093049173421,3.5537427588276533,1955.1778285561716,91.35400156043698,15.49659357915516,2.5529106659129086,0.46588896226677906,9,3,0,0,0,0,0,0,0,0,True,0,0,0,0,0.0,0.0,0.0,0.0,0.0,0.0,0.0,0.0,0.0,True,-0.16741772217028114,0.5681960360270834,1.0360783837659584,0.32811554841291957,1.0720418700276289,False,False,False,False,True,270
pressure_negative_5s_00026,archive_mutation_10,5,1866398.0747860586,40.40322454448656,704.935219003356,6.3760654043166465,1915.4607991886041,154.81494540367018,96.79052509309258,3.5383520807958004,2.4107147338819424,80,7,4,0,0,5,5,5,10,0,True,0,0,0,0,0.0,0.0,0.0,0.0,0.0,0.0,0.0,0.0,0.0,True,0.06255864151855095,0.7627242125841738,1.0252085947269325,0.5886993907077731,1.050264659886804,False,False,False,False,True,270
pressure_negative_5s_00027,archive_mutation_11,5,1870392.893076123,64.45642854512683,692.5584140598637,16.01353114527094,1849.2732303116327,78.8119598274348,4.023442455218174,0.9692907749321629,0.16453079730441195,7,1,0,0,0,0,0,0,0,0,True,0,0,0,0,0.0,0.0,0.0,0.0,0.0,0.0,0.0,0.0,0.0,True,-0.15134637906332982,1.2167959182054604,1.007208633225127,1.4785224790697238,1.0139734110422682,False,False,False,False,True,270
pressure_negative_5s_00028,archive_mutation_12,5,1950380.5867054486,505.9864410071912,620.1965876734819,1032.4640826135553,1489.4744133912047,32.11033346899285,11.032436646867211,0.6105082150818175,0.4160203921897681,1,3,0,0,0,0,0,0,0,0,True,0,0,0,0,0.0,0.0,0.0,0.0,0.0,0.0,0.0,0.0,0.0,True,-4.434336995841166,9.551913594682192,0.9019706420713561,95.32696699609873,0.8166924318435916,False,False,False,False,True,270
pressure_negative_5s_00029,archive_mutation_13,5,1952369.6838756255,538.8068228199666,613.3557423829022,1141.268136935595,1454.772199710843,35.53414406730903,13.835688785198471,0.9536514846643884,0.5002528656760403,1,3,0,0,0,0,0,0,0,0,True,0,0,0,0,0.0,0.0,0.0,0.0,0.0,0.0,0.0,0.0,0.0,True,-4.5408444362882765,10.17149037740403,0.8920217940098066,105.37279877858892,0.7976648909699997,False,False,False,False,True,270
pressure_negative_5s_00030,archive_mutation_14,5,1952012.0883254518,532.1928024996414,615.3212229752481,1118.9288348434225,1464.4332073000514,44.13435854584915,23.379536364644053,1.0848205545431742,0.5504156665295495,5,5,0,0,0,0,0,0,0,0,True,0,0,0,0,0.0,0.0,0.0,0.0,0.0,0.0,0.0,0.0,0.0,True,-4.521696760983462,10.046632188541377,0.8948802518392946,103.31022057454548,0.8029621097145138,False,False,False,False,True,270
pressure_negative_5s_00031,archive_mutation_15,5,1867350.522281936,49.141533881187854,694.5853985322769,9.359542113797463,1860.2931388131938,112.83276127535248,40.513794657817925,2.252006574479887,1.0514636379141677,94,7,0,0,0,5,0,265,265,0,True,0,0,0,0,0.0,0.0,0.0,0.0,0.0,0.0,0.0,0.0,0.0,True,0.011559250203180695,0.927684316221791,1.01015653800627,0.8641625187793752,1.0200157275748116,False,False,False,False,True,270
pressure_negative_5s_00032,archive_mutation_16,5,1873437.7330517264,77.30053826482363,696.5581559369059,23.02101961291108,1869.9441047901503,63.567458780185916,3.0336168527355767,0.8043670198427463,0.12405381835382061,5,1,0,0,0,0,0,0,0,0,True,0,0,0,0,0.0,0.0,0.0,0.0,0.0,0.0,0.0,0.0,0.0,True,-0.3143842221787137,1.4592645226980023,1.0130255787237934,2.1255208910525485,1.0253074404115665,False,False,False,False,True,270
pressure_negative_5s_00033,archive_mutation_17,5,1868447.4709912203,49.854326601053685,694.4110053086661,9.624463531048733,1859.4371663826832,126.3641105326956,43.57966168608982,2.2918288551859587,1.0664243723601268,85,8,0,0,0,30,0,265,265,0,True,0,0,0,0,0.0,0.0,0.0,0.0,0.0,0.0,0.0,0.0,0.0,True,-0.04717754811887071,0.9411402785150181,1.0099029126703694,0.8886225998845152,1.0195463900691923,False,False,False,False,True,270
pressure_negative_5s_00034,archive_mutation_18,5,1907946.7589903148,199.78859350575118,722.9201117007588,164.92234321752466,2011.7891257322126,29.682975292003306,2.859452774282545,0.49279960032661907,0.11693171955195975,5,1,0,0,0,0,0,0,0,0,True,0,0,0,0,0.0,0.0,0.0,0.0,0.0,0.0,0.0,0.0,0.0,True,-2.1621913982932295,3.7715701997297133,1.0513645677462506,15.227209385356135,1.1030823615895191,False,False,False,False,True,270
pressure_negative_5s_00035,archive_mutation_19,5,1926283.0705138205,246.32173070725554,666.3496710617457,306.2433156978807,1719.9514543095024,104.54601679341445,28.803668713862862,1.5508255241486044,0.7677767372712893,8,4,0,0,0,0,0,0,0,0,True,0,0,0,0,0.0,0.0,0.0,0.0,0.0,0.0,0.0,0.0,0.0,True,-3.1440205602319304,4.650013710890804,0.9690924661585303,28.275314308666914,0.9430650995036717,False,False,False,False,True,270
pressure_negative_5s_00036,archive_mutation_20,5,1858059.9162491788,63.410464213501356,756.6086083119644,19.266334233663173,2202.0237543647872,125.88631427804233,56.49005416516263,3.3184345106665476,1.9271385483006973,11,4,1,0,0,4,5,5,5,0,True,0,0,0,0,0.0,0.0,0.0,0.0,0.0,0.0,0.0,0.0,0.0,True,0.5090305068052029,1.1970504070433066,1.1003587665579755,1.778852396471834,1.2073897468537427,False,False,False,False,True,270
pressure_negative_5s_00037,archive_mutation_21,5,1944347.1089345294,390.1832091710895,642.6959796414242,747.8565060608083,1606.1671789747943,118.64973265474941,38.27288453014239,2.229545409666047,1.0214143794783581,11,8,0,0,0,0,0,0,0,0,True,0,0,0,0,0.0,0.0,0.0,0.0,0.0,0.0,0.0,0.0,0.0,True,-4.111270690177484,7.36580271336774,0.9346921878245621,69.04927122560264,0.8806761415644145,False,False,False,False,True,270
pressure_negative_5s_00038,archive_mutation_22,5,1952371.4329924886,538.7408981130421,613.4077192530169,1140.9777953643516,1455.0082813252895,60.04959960213051,24.378579598275962,1.157990111598431,0.571896701411846,5,7,0,0,0,0,0,0,0,0,True,0,0,0,0,0.0,0.0,0.0,0.0,0.0,0.0,0.0,0.0,0.0,True,-4.540938093834487,10.170245863612232,0.8920973855429463,105.34599166554197,0.7977943366765404,False,False,False,False,True,270
pressure_negative_5s_00039,archive_mutation_23,5,1920271.729273699,202.39788538747632,675.3204479367905,233.6170473780081,1766.3960655382896,246.61205310869082,140.41688921779496,4.255772750979345,2.734882749368463,21,13,2,0,0,5,5,5,10,0,True,0,0,0,0,0.0,0.0,0.0,0.0,0.0,0.0,0.0,0.0,0.0,True,-2.822139568825888,3.8208279042403963,0.9821389380977197,21.569762028675754,0.9685311042563871,False,False,False,False,True,270
pressure_negative_5s_00040,archive_mutation_24,5,1950712.5479943044,520.4139467145125,614.6055183016592,1086.7824822873963,1462.376963552159,104.1816100604986,56.1846359590443,2.2755014063826144,1.614513260205203,11,10,0,0,0,20,0,20,20,0,True,0,0,0,0,0.0,0.0,0.0,0.0,0.0,0.0,0.0,0.0,0.0,True,-4.452112068740404,9.824273240582581,0.8938393809012716,100.34216159723357,0.8018346524773625,False,False,False,False,True,270
pressure_negative_5s_00041,archive_mutation_25,5,1846936.8332043476,97.43547744533149,761.3486818968422,36.514125370276375,2230.731452481632,23.88247404507365,5.515029644630118,0.6557593361079658,0.1303313630782387,2,4,0,0,0,0,0,0,0,0,True,0,0,0,0,0.0,0.0,0.0,0.0,0.0,0.0,0.0,0.0,0.0,True,1.1046228804448706,1.8393679873354247,1.1072523988348892,3.371333572449882,1.2231304400653151,False,False,False,False,True,270
pressure_negative_5s_00042,archive_mutation_26,5,1898169.772884635,191.27870407034686,657.3214989013011,151.42904537980291,1671.5359817575581,22.87117780401823,0.0,0.2696355060990301,0.0,5,0,0,0,0,300,0,300,300,0,True,0,0,0,0,0.0,0.0,0.0,0.0,0.0,0.0,0.0,0.0,0.0,True,-1.6386766193192634,3.610922162550145,0.9559625225210878,13.981378969261675,0.9165184534775215,False,False,False,True,False,270
pressure_negative_5s_00043,archive_mutation_27,5,1867597.4036775958,52.776492944367284,688.3850063985019,10.750922801250686,1827.9516603662573,71.75800132820649,3.2601688802969875,1.0262168808985743,0.13331821970676322,7,1,0,0,0,250,0,300,300,0,True,0,0,0,0,0.0,0.0,0.0,0.0,0.0,0.0,0.0,0.0,0.0,True,-0.0016601670982902181,0.9963043662424662,1.0011391203275073,0.9926281023337307,1.0022825994023652,False,False,False,False,False,270
pressure_negative_5s_00044,archive_mutation_28,5,1846958.7722228225,97.4345497626412,761.417795071643,36.51343005496767,2231.1237406044174,24.19568499591705,13.112402952491692,0.6558219404591885,0.36030177812902,6,6,0,0,0,0,0,0,0,0,True,0,0,0,0,0.0,0.0,0.0,0.0,0.0,0.0,0.0,0.0,0.0,True,1.1034481421069369,1.8393504747220764,1.107352912213856,3.371269374284928,1.2233455352278104,False,False,False,False,True,270
pressure_negative_5s_00045,archive_mutation_29,5,1924648.8799221038,297.44302188542576,660.9944240603879,375.4551103747938,1689.9104013608537,35.60311244094578,18.402084780200312,0.47873261582866444,0.6202630219619494,2,1,0,0,0,0,0,0,0,0,True,0,0,0,0,0.0,0.0,0.0,0.0,0.0,0.0,0.0,0.0,0.0,True,-3.056516812433119,5.6150715002072005,0.9613041685892306,34.665609698125365,0.926593315653478,False,False,False,False,True,270
pressure_negative_5s_00047,archive_mutation_31,5,1950375.724545754,505.904276786176,620.2130165675497,1032.22638440789,1489.5595688742646,32.631520073294695,11.25577852300384,0.6166272995311448,0.4149774204400879,3,5,0,0,0,0,0,0,0,0,True,0,0,0,0,0.0,0.0,0.0,0.0,0.0,0.0,0.0,0.0,0.0,True,-4.4340766484876655,9.550362514502751,0.9019945351085406,95.30502042247156,0.8167391233731135,False,False,False,False,True,270
pressure_negative_5s_00048,archive_mutation_32,5,1934541.4980057261,209.76060325485722,676.5964061078711,347.85421892622253,1778.255626858374,115.85680089419512,32.03344085217188,2.7563651156233133,1.004890091872926,8,4,0,0,0,0,0,0,0,0,True,0,0,0,0,0.0,0.0,0.0,0.0,0.0,0.0,0.0,0.0,0.0,True,-3.5862231773130673,3.959819859738756,0.9839946026300624,32.11723120003706,0.9750338101021665,False,False,False,False,True,270
pressure_negative_5s_00049,archive_mutation_33,5,1863490.6575654787,11.225136879871183,723.285789195288,0.5224885334083191,2014.5807184348523,33.66302453134409,31.301135384273948,0.38006890965503737,1.2108050630324392,10,2,0,0,0,0,0,0,0,0,True,0,0,0,0,0.0,0.0,0.0,0.0,0.0,0.0,0.0,0.0,0.0,True,0.21823809806731093,0.21190595019024658,1.0518963835786608,0.048241142736872716,1.104613017378258,False,False,False,False,True,270
pressure_negative_5s_00050,archive_mutation_34,5,1879786.1047202542,108.3449163265847,694.198936021578,45.39009248751365,1857.3599141320533,58.29908498989926,0.0,0.7005030312632153,0.0,4,0,0,0,0,0,0,0,0,0,True,0,0,0,0,0.0,0.0,0.0,0.0,0.0,0.0,0.0,0.0,0.0,True,-0.6543117167021262,2.0453142521261762,1.0095944938966448,4.190847818699969,1.0184074136780121,False,False,False,True,True,270
pressure_negative_5s_00051,archive_mutation_35,5,1853072.775856086,117.202928100875,730.5580695739956,74.11818009682804,2053.419901275334,96.28100771527548,6.446818830540877,3.144774223016992,0.20108510728542903,5,3,0,34,0,0,38,0,38,0,True,0,0,0,0,0.0,0.0,0.0,0.0,0.0,0.0,0.0,0.0,0.0,True,0.7760700292491771,2.2125340750927287,1.062472680728427,6.843299856025873,1.1259088962464232,False,False,False,False,True,270
pressure_negative_5s_00053,archive_mutation_37,5,1867232.9861473197,48.196387960429384,695.5476856051466,9.018054617456425,1865.3692303136868,123.52971017317691,54.917243691306794,2.505569270666461,1.2888038730963478,94,7,0,0,0,20,0,40,40,0,True,0,0,0,0,0.0,0.0,0.0,0.0,0.0,0.0,0.0,0.0,0.0,True,0.017852795358095953,0.909842035405964,1.0115560211801926,0.8326331243515529,1.0227989949304148,False,False,False,False,True,270
pressure_negative_5s_00054,archive_mutation_38,5,1950765.9482813352,520.01736226195,616.3802256311043,1085.7043719104195,1470.846073427611,121.52384620735833,101.38036137010312,2.436051952220097,2.977952629677165,12,13,0,0,0,15,0,15,15,0,True,0,0,0,0,0.0,0.0,0.0,0.0,0.0,0.0,0.0,0.0,0.0,True,-4.454971420196964,9.816786596441819,0.8964203914086545,100.24262012740921,0.8064783428137313,False,False,False,False,True,270
pressure_negative_5s_00055,archive_mutation_39,5,1950333.4193505687,505.6120307108796,620.1290423368305,1030.822875330678,1489.1883827764786,77.53169082994947,27.87584654528837,1.3143871363706734,0.6387904604286024,5,7,0,0,0,0,0,0,0,0,True,0,0,0,0,0.0,0.0,0.0,0.0,0.0,0.0,0.0,0.0,0.0,True,-4.431811390598627,9.544845549949196,0.901872408846796,95.17543502988005,0.816535598643758,False,False,False,False,True,270
pressure_negative_5s_00056,archive_mutation_40,5,1846868.1238117868,97.24785033742765,760.7605824392335,36.37669069000633,2227.3547998310532,64.71136283240546,31.706942698923825,1.2525996124885381,0.9880021994527475,4,4,0,0,0,0,0,0,0,0,True,0,0,0,0,0.0,0.0,0.0,0.0,0.0,0.0,0.0,0.0,0.0,True,1.1083019674427592,1.8358259992948953,1.1063971080191641,3.3586442872235542,1.221278990560779,False,False,False,False,True,270
pressure_negative_5s_00057,archive_mutation_41,5,1866890.181791188,44.28205278279498,700.3331040438786,7.676118077351904,1890.7365537535766,179.06141887763644,72.74301390789333,3.292724088859127,1.88375797741996,88,7,0,0,0,5,2,10,12,0,True,0,0,0,0,0.0,0.0,0.0,0.0,0.0,0.0,0.0,0.0,0.0,True,0.03620846701312114,0.8359479774486729,1.0185155998485547,0.7087326977666571,1.0367081301819012,False,False,False,False,True,270
