step,safety_mode,QP_infeasible,Omega_exit_before,next_state_observed,state_0,state_1,control_0,control_1,raw_action_0,raw_action_1,disturbance_0,disturbance_1,disturbance_2,disturbance_3,requested_residual_0,requested_residual_1,applied_residual_0,applied_residual_1,interior_chebyshev_radius,final_verification_gap,applied_displacement_from_baseline,omega_exit_event,physical_state_violation,physical_input_violation,Omega_exit_after,W_exceedance,next_state_0,next_state_1,w_actual_0,w_actual_1
0,Z_mode_existing_controller,0,0,True,25.39,50.125,201.58531010297438,213.87557045273337,-0.4002930223941803,0.21976570785045624,10.782976345107347,6.006523143331867,43.258225378873846,24.88385906047313,0.06723867134682006,0.016204506930768643,0.06723867134681996,0.01620450693076874,0.05060201485354432,0.0,,False,0,0,0,1,25.39370941552794,50.126568907741614,-0.00011569273378506686,2.1375644164672264e-05
1,Z_mode_existing_controller,0,0,True,25.39370941552794,50.126568907741614,196.7767189312971,211.94161554310034,-0.01565447635948658,-0.06753358244895935,10.84376819513271,5.4786007225560915,38.17445887769578,24.553145821068007,0.016848240634829006,-0.004100802383843111,0.016848240634828957,-0.004100802383843083,0.05060201485354432,0.0,,False,0,0,0,1,25.38569274891039,50.12681805288324,-0.0006366557378153205,-8.863578881883441e-06
2,Z_mode_existing_controller,0,0,True,25.38569274891039,50.12681805288324,200.94145593881993,211.62078184478946,-0.14890645444393158,-0.18352380394935608,9.805868160356063,4.425882648878217,44.22746184032579,25.46528834478004,0.040448434643736195,-0.011144009031303394,0.04044843464373617,-0.01114400903130354,0.05060201485354432,0.0,,False,0,0,0,1,25.390536741161398,50.128459931832104,-5.881453310100279e-06,2.6958473150861883e-05
3,Z_mode_existing_controller,0,0,True,25.390536741161398,50.128459931832104,199.37090834184647,211.7423902076776,-0.15961095690727234,-0.09907999634742737,10.787298080111395,5.0648602618145935,42.27012872116101,28.41144197542971,0.028818686236488117,-0.009691963151332986,0.028818686236488075,-0.009691963151332882,0.05060201485354432,0.0,,False,0,0,0,1,25.383492480535175,50.131772947920986,-0.0007121979757120331,0.00012338039456184479
4,Z_mode_existing_controller,0,0,True,25.383492480535175,50.131772947920986,204.05889655491728,214.51950621495965,-0.31379762291908264,0.2073826640844345,12.89473797125047,4.719811497163943,38.665007576415285,22.959857581119206,0.05834249633847141,0.01270303370525333,0.05834249633847155,0.012703033705253296,0.05060201485354432,0.0,,False,0,0,0,1,25.342646069319457,50.13280720219487,-0.003219666609759836,-2.397364499062704e-05
5,Omega_safe_one_step_QP,0,0,True,25.342646069319457,50.13280720219487,192.5116475845408,221.53830397301653,-0.2854774296283722,0.1366458237171173,11.253512222163739,3.857381160268085,39.2821778956427,23.71861815583673,-0.14560746823209444,0.06376619070885174,-0.14560746823209444,0.06376619070885181,0.33251953125,0.0,,False,0,0,0,1,25.310398226560743,50.13180100560519,-0.0020321119098896086,-2.4523991914477837e-05
6,Omega_safe_one_step_QP,0,0,True,25.310398226560743,50.13180100560519,184.40463541331863,223.9193079519973,-0.5055980682373047,0.1704772561788559,10.332552434854437,6.118393482356856,41.5064328713653,24.95451658873927,-0.28978855439538376,0.07471972525374798,-0.28978855439538376,0.07471972525374787,0.33251953125,0.0,,False,0,0,0,1,25.30721639289288,50.13011423119411,0.0003357482901326127,8.916645303516494e-06
7,Omega_safe_one_step_QP,0,0,True,25.30721639289288,50.13011423119411,168.96319891892773,225.88985777277523,-0.7773001194000244,0.21584562957286835,11.317303360867472,4.403993299568921,39.03422927254277,28.579549430789754,-0.4501048722871771,0.09417937323340334,-0.45010487228717716,0.09417937323340338,0.33251953125,0.0,,False,0,0,0,1,25.259722270669776,50.12811507420799,-0.0017858684357648811,0.00011917597907655598
8,Omega_safe_one_step_QP,0,0,True,25.259722270669776,50.12811507420799,160.62800389016644,222.46547600837502,-0.932172417640686,0.13642454147338867,8.745229898550571,3.97128011608665,42.03513051893946,24.24551056314041,-0.6267624429898478,0.041201573076555795,-0.6267624429898477,0.04120157307655574,0.33251953125,0.0,,False,0,0,0,1,25.24574023232951,50.12196303406133,0.0008870628677331086,-2.7761022353030784e-05
9,Omega_safe_one_step_QP,0,0,True,25.24574023232951,50.12196303406133,156.461250282849,221.1767562187068,-0.9943758249282837,0.11023001372814178,10.45534453853877,4.5494739643997875,38.705319535435834,27.932594483639072,-0.6961698175366755,0.025972380189703402,-0.6961698175366755,0.025972380189703367,0.33251953125,0.0,,False,0,0,0,1,25.203649499706966,50.11750791892628,-0.0007663741961691454,8.796532059034677e-05
10,Omega_safe_one_step_QP,0,0,True,25.203649499706966,50.11750791892628,157.0152490312897,223.06673664320974,-0.9877848029136658,0.15209993720054626,9.64093215491172,4.655175879429276,36.77541004111309,23.198644511826508,-0.7664013924950268,0.029759958023710682,-0.7664013924950268,0.02975995802371078,0.33251953125,0.0,,False,0,0,0,1,25.175661675953123,50.10995882168949,0.00013341142912564642,-6.940032486393822e-05
11,Omega_safe_one_step_QP,0,0,True,25.175661675953123,50.10995882168949,159.93249673633485,220.03209098627846,-0.9501855373382568,0.07957891374826431,10.199855113722831,5.376348632523107,36.874266667832366,25.06708314127856,-0.7372289154445753,-0.008061240143913462,-0.7372289154445753,-0.00806124014391335,0.33251953125,0.0,,False,0,0,0,1,25.147219353373988,50.10420445538664,-6.231786186848554e-05,-8.101928707913465e-06
12,Omega_safe_one_step_QP,0,0,True,25.147219353373988,50.10420445538664,156.15649343239724,219.36774575861827,-0.9988529682159424,0.06957938522100449,11.969462483820266,6.003259214914803,42.35445310492789,20.97531035436068,-0.7749889484839514,-0.02335940401299451,-0.7749889484839514,-0.023359404012994633,0.33251953125,0.0,,False,0,0,0,1,25.096928197850463,50.09617260379585,-0.001322725352543335,-9.355708151928608e-05
13,Omega_safe_one_step_QP,0,0,True,25.096928197850463,50.09617260379585,156.34859001151867,219.42400949702315,-0.9963771104812622,0.07040967792272568,9.838646145931042,6.1931639095950315,44.255639464817705,24.56136356910073,-0.7730679826927371,-0.03940056387155912,-0.7730679826927371,-0.039400563871559,0.33251953125,0.0,,False,0,0,0,1,25.08110094743105,50.09008757559449,0.0009513857563686369,1.0832639586481549e-06
14,Omega_safe_one_step_QP,0,0,True,25.08110094743105,50.09008757559449,156.8805992167175,221.89639839636573,-0.989520251750946,0.1250036507844925,10.605817135221075,5.48202700018291,39.344788968158724,22.588249742514016,-0.7677478906407487,-0.01784139328718684,-0.7677478906407487,-0.01784139328718682,0.33251953125,0.0,,False,0,0,0,1,25.046314734313516,50.082603812241494,-0.00034615230832572147,-7.013403796706777e-05
15,Omega_safe_one_step_QP,0,0,True,25.046314734313516,50.082603812241494,156.13520178016856,219.25355573407998,-0.9991273880004883,0.0669780746102333,9.768889086876216,5.794720453234114,39.18103116272973,26.80218148881817,-0.7752018650062382,-0.0546499299046153,-0.7752018650062382,-0.05464992990461538,0.33251953125,0.0,,False,0,0,0,1,25.026487416941972,50.077486376815166,0.0006818791784843105,4.941093787818457e-05
16,Omega_safe_one_step_QP,0,0,True,25.026487416941972,50.077486376815166,166.40512598909828,216.58754954598493,-0.9984076619148254,0.0086964201182127,12.6139874394512,4.670506038433046,41.605503678783194,26.146190847867192,-0.6725026229169411,-0.0866943190835887,-0.6725026229169411,-0.08669431908358868,0.33251953125,0.0,,False,1,0,1,1,24.961673941931302,50.07449471911881,-0.0028772034747833915,6.93762521334915e-05
