episode,global_step,disturbance_seed,mode,disturbance_clip_count_F1,disturbance_clip_count_X1,reward_return,steps,J_econ,mean_stage_cost,median_stage_cost,X2_IAE,X2_ISE,P2_IAE,P2_ISE,P100_TV,F200_TV,P100_delta_RMS,F200_delta_RMS,P100_input_sign_changes,F200_input_sign_changes,X2_violation_count,X2_violation_rate,X2_max_violation_magnitude,X2_cumulative_violation_magnitude,P2_physical_violation_count,physical_input_violation_count,physical_state_violation_steps,Omega_exit_count,Omega_exit_events,local_RPI_Z_exit_count,QP_infeasible_count,W_exceedance_count,W_exceedance_rate,W_max_facet_excess,robust_region_violation_count,P100_lower_bound_steps,P100_upper_bound_steps,F200_lower_bound_steps,F200_upper_bound_steps,P100_outer_10pct_steps,F200_outer_10pct_steps,any_outer_10pct_steps,X2_std,X2_peak_deviation,G_X2_emp,P2_std,P2_peak_deviation,G_P2_emp,X2_margin_mean,X2_margin_min,X2_margin_p1,X2_margin_p5,X2_margin_p50,X2_margin_fraction_lt_0p05,X2_margin_fraction_lt_0p10,X2_margin_fraction_lt_0p20,Omega_exit_after_count,Z_mode_fraction,Omega_mode_fraction,outside_Omega_fraction,stochastic_residual_scale,scaled_action_norm_mean,raw_actor_mean_0,raw_actor_std_0,raw_actor_saturation_fraction_0,raw_actor_mean_1,raw_actor_std_1,raw_actor_saturation_fraction_1,residual_requested_norm_mean,residual_applied_norm_mean,residual_applied_ratio,residual_requested_applied_ratio,residual_ratio_defined,zero_applied_residual_rate,nonzero_actor_steps,collapsed_action_steps,action_collapse_fraction,raw_actor_saturation_fraction,applied_displacement_physical_mean,applied_displacement_physical_max,QP_modification_rate,supervisor_active_fraction,supervisor_modification_rate,any_outer_10pct_fraction,interior_radius_normalized_mean,interior_radius_normalized_min,action_collapse_fraction_Z,action_collapse_fraction_Omega
1,1000,42000001,zanon2019_stochastic,0,0,-1459.470422720787,1000,6267529.3483603755,6267.5293483603755,6271.737158031148,66.7411736211971,6.16985868628596,128.79205186497182,19.233823682788607,7542.728835113312,4673.868641256426,9.443773251479902,6.3030396808014775,633,622,0,0.0,0.0,0.0,0,0,0,0,0,584,0,981,0.981,0.004667324078028755,0,0,0,0,0,0,0,0,0.04764402482722187,0.20864356366689307,0.038483956022426866,0.05310598900174738,0.20142487036287093,0.06794772436878586,0.4524723293389246,0.3051370708861363,0.3373357271977535,0.37472096897415935,0.45406347988095597,0.0,0.0,0.0,0,0.416,0.584,0.0,0.3,0.2319294810295105,-0.011484295129776001,0.5881239175796509,0.012,-0.009591572917997837,0.5797455310821533,0.009,0.07233156096558446,0.07233156096558446,1.0,1.0,True,0.0,1000,0,0.0,0.021,7.233156096558445,19.771110199315036,0.0,0.0,0.0,0.0,0.21524184442907437,0.05060201485354432,0.0,0.0
2,2000,42000002,zanon2019_stochastic,0,0,-1152.5624687944962,1000,6220579.988632899,6220.579988632899,6246.714628226362,85.75261837476623,9.687403892206364,91.53124304114166,9.760358050035325,7013.945013002389,4818.339097093786,8.951603620033973,6.551586770165808,630,644,0,0.0,0.0,0.0,0,0,0,0,0,554,0,980,0.98,0.004932757749355762,0,0,0,0,0,0,0,0,0.05819744336805584,0.24755162156502308,0.04867127811227683,0.037451945907417426,0.1667001267703938,0.04885420184171893,0.4694934512474565,0.27638691127885906,0.327756547634439,0.3618185018543944,0.47617310036703664,0.0,0.0,0.0,0,0.446,0.554,0.0,0.3,0.23164454102516174,0.0008175888215191662,0.5778090953826904,0.01,-0.02114495262503624,0.5837864875793457,0.011,0.07290306955008677,0.07290306955008677,1.0,1.0,True,0.0,1000,0,0.0,0.021,7.290306955008677,20.179803466209158,0.0,0.0,0.0,0.0,0.20678431893718072,0.05060201485354432,0.0,0.0
3,3000,42000003,zanon2019_stochastic,0,0,-1307.9954749037297,1000,6238392.909290646,6238.3929092906465,6256.733349280341,76.10976582746791,8.011991943550319,53.91804509901736,4.548811778041486,7255.787618819146,5027.728619920302,9.208967573702088,6.700462643620875,653,678,0,0.0,0.0,0.0,0,0,0,0,0,597,0,983,0.983,0.0059003947275810785,0,0,0,0,0,0,0,0,0.05556152413049991,0.23150184273258745,0.044513421371464086,0.04431191213035326,0.15564163578370938,0.033540513522015515,0.4602077099203037,0.24471530209416414,0.30800654019303697,0.37604129202082925,0.45792957487225117,0.0,0.0,0.0,0,0.403,0.597,0.0,0.3,0.22642871737480164,0.002002209657803178,0.5632232427597046,0.007,-0.0054516964592039585,0.5757985711097717,0.014,0.07143906484195385,0.07143906484195385,1.0,1.0,True,0.0,1000,0,0.0,0.021,7.143906484195387,19.487655184318218,0.0,0.0,0.0,0.0,0.2189067721422283,0.05060201485354432,0.0,0.0
4,4000,42000004,zanon2019_stochastic,0,0,-1118.72884838413,1000,6213673.352949877,6213.673352949877,6230.687763465487,84.25862708902781,9.425898408812008,60.731938259410846,6.248796451573991,6927.033808093254,4621.306473637874,9.053256974535774,6.371049501248298,633,675,0,0.0,0.0,0.0,0,0,0,0,0,561,0,984,0.984,0.004506491529775409,0,0,0,0,0,0,0,0,0.05207160288565808,0.24690361152294216,0.04837484109972485,0.060452208487234496,0.19815858953494825,0.039387313811343645,0.4720899514778391,0.3302612577339161,0.356558972486892,0.38562172129255606,0.47105052109144196,0.0,0.0,0.0,0,0.439,0.561,0.0,0.3,0.22579674422740936,0.02214225009083748,0.5727900266647339,0.014,-0.011618353426456451,0.5664182305335999,0.012,0.06932578487645401,0.06932578487645401,1.0,1.0,True,0.0,1000,0,0.0,0.025,6.932578487645401,21.670602811401828,0.0,0.0,0.0,0.0,0.20875774155195592,0.05060201485354432,0.0,0.0
5,5000,42000005,zanon2019_stochastic,0,0,-1412.6818497707698,1000,6253426.331865396,6253.426331865397,6282.298304647412,71.14594937373428,6.980088328882411,116.67059547454247,20.282947928474833,7404.677285819723,4897.11691324303,9.41270257455987,6.591820196250461,630,651,0,0.0,0.0,0.0,0,0,0,0,0,610,0,980,0.98,0.005733614635311634,0,0,0,0,0,0,0,0,0.05569240147665834,0.22618551789847885,0.04177550884985597,0.09656164181477793,0.26554226299668926,0.07121259752261641,0.452369951267272,0.2843358203601447,0.31148635332073793,0.35459030801665675,0.45474741301844723,0.0,0.0,0.0,0,0.39,0.61,0.0,0.3,0.23030588030815125,0.008594918996095657,0.5812510251998901,0.011,0.01479068212211132,0.5775699019432068,0.009,0.07378746992996843,0.07378746992996842,0.9999999999999998,1.0000000000000002,True,0.0,1000,0,0.0,0.02,7.378746992996841,18.329409329373426,0.0,0.0,0.0,0.0,0.22257169985538222,0.05060201485354432,0.0,0.0
6,6000,42000006,zanon2019_stochastic,0,0,-476.6773559846258,1000,6261156.0122586675,6261.156012258668,6275.941525249617,51.93562909232337,4.2032485505287855,56.75170301163497,5.5305845043805,3733.3756027768795,2249.922834839713,4.906748594994684,3.0927539353248608,516,547,0,0.0,0.0,0.0,0,0,0,0,0,648,0,984,0.984,0.0044502042400872245,0,0,0,0,0,0,0,0,0.06450289092474379,0.2427889889004362,0.032576514615219404,0.05302309925299032,0.1997429283829888,0.03736780580208436,0.38347804876144315,0.14721101109956436,0.2353183011159808,0.27543697123216476,0.3900441404085093,0.0,0.0,0.005,0,0.352,0.648,0.0,0.3,0.20655640959739685,-0.3798041045665741,0.4921933114528656,0.054,0.02398010343313217,0.4243745803833008,0.0,0.08142986631079745,0.08142986631079745,1.0,1.0,True,0.0,1000,0,0.0,0.054,8.142986631079744,24.480770744314494,0.0,0.0,0.0,0.0,0.2332845654784476,0.05060201485354432,0.0,0.0
7,7000,42000007,zanon2019_stochastic,0,0,-347.446984998373,1000,6230108.85570303,6230.10885570303,6232.64761874683,50.4477759049592,3.7193110578301543,36.73777267435368,2.2677146595829285,3686.0403520960954,2594.172448020216,4.887599180833871,3.605860486838837,532,547,0,0.0,0.0,0.0,0,0,0,0,0,657,0,985,0.985,0.0043642542043280915,0,0,0,0,0,0,0,0,0.060356792341859644,0.17963402961435548,0.030519040375821257,0.03581803154108819,0.12286925049635045,0.023830536890427207,0.3810716356779483,0.20055300401205756,0.2549635276301107,0.28218025664418034,0.3816243787015807,0.0,0.0,0.0,0,0.343,0.657,0.0,0.3,0.22924838960170746,-0.5104307532310486,0.44146400690078735,0.05,-0.08788930624723434,0.44816434383392334,0.003,0.09022930826981733,0.09022930826981733,1.0,1.0,True,0.0,1000,0,0.0,0.053,9.022930826981733,23.53848088679026,0.0,0.0,0.0,0.0,0.23582182312601568,0.05060201485354432,0.0,0.0
8,8000,42000008,zanon2019_stochastic,0,0,-424.81075753798757,1000,6251446.359332853,6251.446359332853,6252.834436664305,66.04934617817969,6.598456478637299,77.89431492891887,9.5764359858434,3433.1192660337783,2752.199969400083,4.525907547262021,3.725320389432226,517,579,0,0.0,0.0,0.0,0,0,0,0,0,708,0,987,0.987,0.006771086171677252,0,0,0,0,0,0,0,0,0.07290512992017312,0.23939304925701066,0.0410483747894711,0.062799484604559,0.19105676426072193,0.04945118962105814,0.3541623905205984,0.1506069507429899,0.1963599343396911,0.23333490021623077,0.3546898612728171,0.0,0.0,0.014,0,0.292,0.708,0.0,0.3,0.24366015195846558,-0.5568581819534302,0.46139422059059143,0.072,-0.1545785516500473,0.4317873418331146,0.016,0.10204018967118378,0.10204018967118378,1.0,1.0,True,0.0,1000,0,0.0,0.088,10.204018967118378,25.21133212534879,0.0,0.0,0.0,0.0,0.25019961646223493,0.05060201485354432,0.0,0.0
9,9000,42000009,zanon2019_stochastic,0,0,-230.84914721377268,1000,6203051.750815034,6203.051750815034,6215.297674516544,63.69826266892392,6.072699386505279,42.90437056561891,2.6472348263482406,3797.774039758234,2681.0003164900436,5.059337480609684,3.5985190102319926,532,561,0,0.0,0.0,0.0,0,0,0,0,0,689,0,984,0.984,0.004370133794176238,0,0,0,0,0,0,0,0,0.06808708322238023,0.22335140011750454,0.03895838372929794,0.04832907867622194,0.09862172221696852,0.025722091173474296,0.3520522729851806,0.16664859988249603,0.20045435146874005,0.24855848005924147,0.35222480599882644,0.0,0.0,0.009,0,0.311,0.689,0.0,0.3,0.25367283821105957,-0.6332297921180725,0.43416813015937805,0.109,-0.11106596142053604,0.4122616946697235,0.032,0.10243489914755112,0.10243489914755112,1.0,1.0,True,0.0,1000,0,0.0,0.141,10.243489914755113,24.03109350986622,0.0,0.0,0.0,0.0,0.24484318365070226,0.05060201485354432,0.0,0.0
10,10000,42000010,zanon2019_stochastic,0,0,-251.793746990362,1000,6218189.861099434,6218.189861099434,6231.134165401792,66.83864607654607,6.572010134445939,45.09154732274172,2.8149520096869,3561.5595524329965,2465.142498966495,4.682112521648199,3.344200087898028,527,568,0,0.0,0.0,0.0,0,0,0,0,0,694,0,987,0.987,0.005223255031992333,0,0,0,0,0,0,0,0,0.06504086685852212,0.2171619260194113,0.04059620245837187,0.05256807869325717,0.11130158617429942,0.026568791159536316,0.3415099714816439,0.17283807398058926,0.21456044755799186,0.2394180571047583,0.3381335844463127,0.0,0.0,0.005,0,0.306,0.694,0.0,0.3,0.2506871223449707,-0.6366395354270935,0.45206305384635925,0.102,-0.10074649006128311,0.3668770492076874,0.031,0.10343454142153323,0.10343454142153323,1.0,1.0,True,0.0,1000,0,0.0,0.133,10.343454142153321,21.59400286706661,0.0,0.0,0.0,0.0,0.24625277123268452,0.05060201485354432,0.0,0.0
11,11000,42000011,zanon2019_stochastic,0,0,-373.3207146511981,1000,6239707.090070456,6239.707090070457,6245.574928368331,79.06856331933469,8.832367985374269,47.959879671512695,3.3582768253063864,3629.575267759771,2628.896504856996,4.7217319360203875,3.511773515071019,515,583,0,0.0,0.0,0.0,0,0,0,0,0,731,0,988,0.988,0.006226981432062913,0,0,0,0,0,0,0,0,0.06564553046587311,0.21338338679226254,0.047931472382947156,0.0378149141790099,0.12623747903491989,0.029555644821306633,0.32261901053788894,0.17661661320773803,0.19334625906651393,0.22674545068675284,0.31494243470792505,0.0,0.0,0.015,0,0.269,0.731,0.0,0.3,0.24636146426200867,-0.6412578225135803,0.4544234871864319,0.122,-0.05813534930348396,0.34704166650772095,0.009,0.10615269856304863,0.10615269856304863,1.0,1.0,True,0.0,1000,0,0.0,0.131,10.615269856304861,23.40322410866829,0.0,0.0,0.0,0.0,0.2566837193393534,0.05060201485354432,0.0,0.0
12,12000,42000012,zanon2019_stochastic,0,0,-391.8925804512929,1000,6242586.124052948,6242.586124052948,6236.536559703691,73.49120017191875,7.9249972159907625,81.33124779114391,8.92122746035593,3598.6221716777154,2553.87006801768,4.761157087055073,3.5026676236766474,544,563,0,0.0,0.0,0.0,0,0,0,0,0,741,0,986,0.986,0.004911796852192805,0,0,0,0,0,0,0,0,0.059712022991687576,0.2450416485189848,0.04340238288806814,0.08657222358291623,0.1788734178874094,0.04604964865423082,0.32384200950535524,0.14495835148101577,0.1920983676086662,0.22659639009287993,0.3204548997554628,0.0,0.0,0.015,0,0.259,0.741,0.0,0.3,0.24889810383319855,-0.6387121081352234,0.45178064703941345,0.14,-0.10144493728876114,0.358598917722702,0.017,0.10881886916107103,0.10881886916107102,0.9999999999999999,1.0000000000000002,True,0.0,1000,0,0.0,0.157,10.881886916107101,24.089878432606962,0.0,0.0,0.0,0.0,0.259502894503318,0.05060201485354432,0.0,0.0
13,13000,42000013,zanon2019_stochastic,0,0,-339.1913348437207,1000,6232822.564021407,6232.822564021407,6227.096469036223,72.94802301386898,7.512127780091578,57.6989257751804,4.724375590460937,3444.382538404673,2699.7856746478737,4.666331221137752,3.604489169293787,546,580,0,0.0,0.0,0.0,0,0,0,0,0,733,0,977,0.977,0.005021540147247308,0,0,0,0,0,0,0,0,0.06596802854779998,0.20446394860508832,0.04319679148286396,0.04862414438536493,0.139696454608071,0.034256438976058505,0.3336666437793521,0.18553605139491225,0.20658394983717912,0.22968648650819415,0.32660669316674884,0.0,0.0,0.006,0,0.267,0.733,0.0,0.3,0.24967408180236816,-0.6064596772193909,0.49397778511047363,0.121,-0.15093906223773956,0.35352393984794617,0.013,0.10956269317782315,0.10956269317782315,1.0,1.0,True,0.0,1000,0,0.0,0.134,10.956269317782315,24.10964233858158,0.0,0.0,0.0,0.0,0.25724755437214636,0.05060201485354432,0.0,0.0
14,14000,42000014,zanon2019_stochastic,0,0,-208.7895208220374,1000,6208060.301848876,6208.060301848876,6211.841481957651,64.78505337318279,6.457397790623636,25.98787046180408,1.0220767378621092,3610.6771203476656,2419.4199337309383,4.767500332970674,3.307194724082542,516,567,0,0.0,0.0,0.0,0,0,0,0,0,668,0,982,0.982,0.005326588211667891,0,0,0,0,0,0,0,0,0.06752859094787528,0.24607393004554723,0.04036134960063565,0.03156968341805835,0.08549373979661112,0.016057527014862155,0.34632352417832657,0.14392606995445334,0.18940780569399412,0.23910235993292092,0.3486470439298479,0.0,0.0,0.015,0,0.332,0.668,0.0,0.3,0.2375810295343399,-0.5595757961273193,0.5008102655410767,0.118,-0.1458960920572281,0.3445000946521759,0.013,0.09600070563507622,0.09600070563507622,1.0,1.0,True,0.0,1000,0,0.0,0.131,9.60007056350762,23.915164889971877,0.0,0.0,0.0,0.0,0.2389229158063767,0.05060201485354432,0.0,0.0
15,15000,42000015,zanon2019_stochastic,0,0,-353.7868841694483,1000,6237579.237337507,6237.579237337507,6231.075296238569,75.26313141178484,8.253214036578306,87.96266227948531,9.921373775068432,3576.455730234825,2476.35064588811,4.700279732265456,3.4000976982017646,513,588,0,0.0,0.0,0.0,0,0,0,0,0,705,0,977,0.977,0.005463544780744325,0,0,0,0,0,1,0,1,0.06560186935512742,0.2309223408156953,0.04513545732371578,0.05639856317230337,0.16932313049664316,0.04948712215608407,0.3271846304952495,0.15907765918430528,0.19884889560190605,0.22058517336975464,0.32644362594897913,0.0,0.0,0.012,0,0.295,0.705,0.0,0.3,0.24737444519996643,-0.5858404636383057,0.49777936935424805,0.137,-0.15588682889938354,0.3651852607727051,0.017,0.10450339469565474,0.10450339469565474,1.0,1.0,True,0.0,1000,0,0.0,0.154,10.450339469565476,24.592763518751312,0.0,0.0,0.0,0.001,0.24935386391304556,0.05060201485354432,0.0,0.0
16,16000,42000016,zanon2019_stochastic,0,0,-266.949566170852,1000,6227479.148123458,6227.479148123458,6237.612331208274,67.80240349523311,6.568278417896065,63.40774745977299,6.145105936358872,3329.543716415283,2576.839661373623,4.278971543155146,3.464790589139395,536,576,0,0.0,0.0,0.0,0,0,0,0,0,716,0,978,0.978,0.005195070712306654,0,0,0,0,0,0,0,0,0.063488504034579,0.19217258508727753,0.0412465982271062,0.05120209687977908,0.1930725218165179,0.03989578792997743,0.33957318061696,0.19782741491272304,0.219323490377189,0.24185440963893345,0.33878752980460014,0.0,0.0,0.002,0,0.284,0.716,0.0,0.3,0.23838183283805847,-0.5547335743904114,0.4853491485118866,0.113,-0.1505875587463379,0.37227755784988403,0.015,0.10068064655189417,0.10068064655189415,0.9999999999999999,1.0000000000000002,True,0.0,1000,0,0.0,0.128,10.068064655189417,22.963645575171828,0.0,0.0,0.0,0.0,0.25245495659340655,0.05060201485354432,0.0,0.0
17,17000,42000017,zanon2019_stochastic,0,0,-439.1071233344456,1000,6259989.860569235,6259.989860569235,6264.941838183089,74.60975613992862,8.157223218484814,86.83904683359069,10.075529840675612,3191.3005059269362,2638.6956705126713,4.265647103566851,3.6556264655772432,518,623,0,0.0,0.0,0.0,0,0,0,0,0,716,0,980,0.98,0.004899315181978595,0,0,0,0,0,0,0,0,0.06894648538952805,0.22706482856585097,0.04601565008963994,0.053801376283343694,0.20125759808618682,0.051140896315444745,0.3315370347076707,0.1629351714341496,0.189307618062785,0.2214242356238806,0.3283256634336418,0.0,0.0,0.019,0,0.284,0.716,0.0,0.3,0.24967990815639496,-0.5837427973747253,0.500321626663208,0.123,-0.16747400164604187,0.37580886483192444,0.012,0.10854887653405706,0.10854887653405706,1.0,1.0,True,0.0,1000,0,0.0,0.135,10.854887653405706,24.16941702251713,0.0,0.0,0.0,0.0,0.25245495659340655,0.05060201485354432,0.0,0.0
18,18000,42000018,zanon2019_stochastic,0,0,145.71602220244037,1000,6148760.192379853,6148.760192379853,6156.041833864036,47.887827016978505,3.518464350843006,99.28004486186641,13.445519110261664,3269.9188272735146,2264.688611411286,4.291860144540957,3.086039395346682,516,573,0,0.0,0.0,0.0,0,0,0,0,0,638,0,981,0.981,0.005706250131942626,0,0,0,0,0,0,0,0,0.05802704190891237,0.178349287263611,0.029665417945272804,0.059908194785750775,0.23670385540648908,0.05799127815856429,0.3776984561673869,0.21165071273638958,0.24975890373883375,0.2809724651087553,0.3804808254875045,0.0,0.0,0.0,0,0.362,0.638,0.0,0.3,0.215762659907341,-0.45388880372047424,0.4882003366947174,0.081,-0.16747401654720306,0.3463497459888458,0.006,0.07626554137324819,0.07626554137324819,1.0,1.0,True,0.0,1000,0,0.0,0.087,7.626554137324818,21.246345480195913,0.0,0.0,0.0,0.0,0.23046539031448302,0.05060201485354432,0.0,0.0
19,19000,42000019,zanon2019_stochastic,0,0,-220.95968497922215,1000,6217595.636679058,6217.595636679058,6218.695869550079,57.269459025683986,5.153398007407877,49.009352809809215,3.3787201912623592,3299.3351563931037,2452.0663928410618,4.317092764196839,3.46406180592072,526,574,0,0.0,0.0,0.0,0,0,0,0,0,669,0,982,0.982,0.0053447356201734445,0,0,0,0,0,0,0,0,0.06770298128974833,0.22051559946698163,0.0362348087706387,0.049269786717522565,0.1096094069137834,0.029339671342546777,0.36607048555067284,0.16948440053301894,0.2048177111356971,0.2527487581779816,0.37144518633644985,0.0,0.0,0.008,0,0.331,0.669,0.0,0.3,0.22497771680355072,-0.4562973976135254,0.5256080031394958,0.086,-0.13322477042675018,0.37712177634239197,0.005,0.08893477057736339,0.08893477057736339,1.0,1.0,True,0.0,1000,0,0.0,0.09,8.893477057736341,24.35797994188983,0.0,0.0,0.0,0.0,0.23920483332277315,0.05060201485354432,0.0,0.0
20,20000,42000020,zanon2019_stochastic,0,0,-292.0064902766786,1000,6232731.42515094,6232.731425150941,6228.290180170868,59.63582301642738,5.190178911373556,72.563793694623,6.458549291978666,3277.5077143045182,2441.486762496755,4.343421471797594,3.3538918179229302,501,591,0,0.0,0.0,0.0,0,0,0,0,0,708,0,991,0.991,0.004623485879952693,0,0,0,0,0,0,0,0,0.06780986567990532,0.2024012893198801,0.035565594985525174,0.03499233149731839,0.15649930342095075,0.039674037856705945,0.36569983777413073,0.18759871068012046,0.21864632506390838,0.26131745215048563,0.3632090560108576,0.0,0.0,0.006,0,0.292,0.708,0.0,0.3,0.2347739189863205,-0.4494011104106903,0.527258574962616,0.082,-0.23848417401313782,0.3916875720024109,0.016,0.09674296156156205,0.09674296156156204,0.9999999999999999,1.0000000000000002,True,0.0,1000,0,0.0,0.098,9.674296156156204,23.81062415979532,0.0,0.0,0.0,0.0,0.25019961646223493,0.05060201485354432,0.0,0.0
21,21000,42000021,zanon2019_stochastic,0,0,-149.6119049861608,1000,6205265.400197402,6205.2654001974015,6203.917438646913,51.31056815083693,4.283883908781222,39.899208812050546,2.482662699546574,3316.564848152202,2325.2998511403403,4.350528935022012,3.2447876749339573,504,559,0,0.0,0.0,0.0,0,0,0,0,0,663,0,980,0.98,0.004566948575151745,0,0,0,0,0,0,0,0,0.06433385725110104,0.2228376201498179,0.03288228125435291,0.04589370856876415,0.10499651013573441,0.0250323690396101,0.37796650880169863,0.16716237985018267,0.19499767253773473,0.2726840862525449,0.3810119141522019,0.0,0.0,0.012,0,0.337,0.663,0.0,0.3,0.22253268957138062,-0.3975858688354492,0.5203906297683716,0.056,-0.22971367835998535,0.3874504864215851,0.013,0.08267329884145162,0.08267329884145162,1.0,1.0,True,0.0,1000,0,0.0,0.067,8.267329884145163,23.263730695801417,0.0,0.0,0.0,0.0,0.23751332822439442,0.05060201485354432,0.0,0.0
22,22000,42000022,zanon2019_stochastic,0,0,-240.22686486880232,1000,6223048.060603733,6223.048060603734,6245.5457828796025,50.98924357152325,3.854503799454198,74.62995835094279,8.272698872804927,3137.326379227139,2613.0285632273894,4.108831108390769,3.6628421652039185,523,597,0,0.0,0.0,0.0,0,0,0,0,0,642,0,981,0.981,0.005003780288335292,0,0,0,0,0,0,0,0,0.061557311713077274,0.17122823897290118,0.030876172695793923,0.06843050844085735,0.187273670386368,0.04523377468452527,0.3980969894426699,0.2187717610270994,0.2580479768295529,0.29270026268095284,0.4008312425140783,0.0,0.0,0.0,0,0.358,0.642,0.0,0.3,0.21576932072639465,-0.3145693838596344,0.5007951855659485,0.039,-0.26540637016296387,0.4359574317932129,0.026,0.07871345368474056,0.07871345368474056,1.0,1.0,True,0.0,1000,0,0.0,0.065,7.871345368474057,22.006984012107303,0.0,0.0,0.0,0.0,0.23159306038006885,0.05060201485354432,0.0,0.0
23,23000,42000023,zanon2019_stochastic,0,0,-224.45325153808074,1000,6217439.775345112,6217.439775345112,6236.958212778201,53.71786173487402,4.307603157111034,56.94114898710339,4.467756715497706,3317.043279497249,2534.1297336521484,4.395354780597525,3.4179333370651652,490,590,0,0.0,0.0,0.0,0,0,0,0,0,678,0,982,0.982,0.004698046907837585,0,0,0,0,0,0,0,0,0.06561698520108336,0.21629401563312456,0.0329914727672534,0.06624371487768278,0.16530474571469966,0.0335991753340276,0.3885946617762915,0.173705984366876,0.2366729389454024,0.28898901321130505,0.390560780896152,0.0,0.0,0.001,0,0.322,0.678,0.0,0.3,0.21740926802158356,-0.35967808961868286,0.4768790304660797,0.045,-0.2931404411792755,0.41624149680137634,0.026,0.07967930219828001,0.07967930219828001,1.0,1.0,True,0.0,1000,0,0.0,0.07,7.967930219828002,23.16550724689348,0.0,0.0,0.0,0.0,0.24174209097034124,0.05060201485354432,0.0,0.0
24,24000,42000024,zanon2019_stochastic,0,0,-305.4494254528282,1000,6235490.869068242,6235.490869068241,6239.468031015141,50.734775719699385,4.154428146600942,85.45295789917611,8.743989799761593,3227.6299072718048,2500.5418110756805,4.194633168210243,3.5871016781570035,522,567,0,0.0,0.0,0.0,0,0,0,0,0,590,0,976,0.976,0.005383950909622276,0,0,0,0,0,0,0,0,0.06354406678594378,0.17812015223531574,0.032411792355943804,0.03917011950383719,0.16525388755887604,0.04702212407820541,0.3792955932746297,0.21187984776468483,0.22702255903869775,0.2630914638163837,0.38742592698211453,0.0,0.0,0.0,0,0.41,0.59,0.0,0.3,0.2170860916376114,-0.3255065381526947,0.5157361626625061,0.054,-0.278143972158432,0.40521499514579773,0.019,0.0790625356077082,0.07906253560770823,1.0000000000000002,0.9999999999999998,True,0.0,1000,0,0.0,0.073,7.906253560770822,22.50253094028477,0.0,0.0,0.0,0.0,0.21693334952745313,0.05060201485354432,0.0,0.0
25,25000,42000025,zanon2019_stochastic,0,0,-573.3456314408079,1000,6282007.2147828825,6282.007214782882,6274.376809123269,62.224259204418516,5.947238111087135,170.30173060162969,33.43438222497289,3393.0740933414654,2728.9954739737213,4.395182249659566,3.841856841018472,490,558,0,0.0,0.0,0.0,0,0,0,0,0,704,0,986,0.986,0.005075500645589085,0,0,0,0,0,0,0,0,0.06432378534044127,0.21293676820497964,0.03882921134075616,0.06718961729568539,0.27671742065401617,0.09206563603160532,0.34743527043595956,0.17706323179502093,0.1968678627265288,0.2387273838554121,0.34714911042648033,0.0,0.0,0.011,0,0.296,0.704,0.0,0.3,0.23244577646255493,-0.4093092083930969,0.5122450590133667,0.056,-0.25125035643577576,0.4422758221626282,0.025,0.09471991099383364,0.09471991099383366,1.0000000000000002,0.9999999999999999,True,0.0,1000,0,0.0,0.079,9.471991099383365,23.647703110758705,0.0,0.0,0.0,0.0,0.24907194639664912,0.05060201485354432,0.0,0.0
26,26000,42000026,zanon2019_stochastic,0,0,-516.0617821899364,1000,6281790.448757879,6281.79044875788,6278.221572254362,55.514041702790664,4.5596113663295075,180.23055017869876,37.692001872005,2957.903044485326,2646.266858777798,3.888378456224117,3.6700850339950155,475,554,0,0.0,0.0,0.0,0,0,0,0,0,672,0,984,0.984,0.004534338629696905,0,0,0,0,0,0,0,0,0.059919898916439604,0.17372512392294936,0.03410646608216889,0.07285728054110312,0.26079113320558633,0.09806124680823375,0.3588433569546051,0.2162748760770512,0.23764101855262296,0.2638678947148431,0.35735083035091364,0.0,0.0,0.0,0,0.328,0.672,0.0,0.3,0.22774231433868408,-0.35841861367225647,0.5199078917503357,0.045,-0.2830105721950531,0.42109501361846924,0.019,0.09205259066336434,0.09205259066336434,1.0,1.0,True,0.0,1000,0,0.0,0.064,9.205259066336433,23.45483319763736,0.0,0.0,0.0,0.0,0.24005058587196254,0.05060201485354432,0.0,0.0
27,27000,42000027,zanon2019_stochastic,0,0,-355.49835883843514,1000,6250749.850988154,6250.749850988154,6261.77042714431,56.10120074501579,4.97003326464202,87.97253458573485,11.164442701954059,3017.0615361776586,2400.683945660725,4.027286828707152,3.383835214665096,471,568,0,0.0,0.0,0.0,0,0,0,0,0,691,0,987,0.987,0.005779556466132959,0,0,0,0,0,0,0,0,0.06805628090689848,0.2185773236174562,0.03614253326642774,0.0694995192200866,0.21124305290921797,0.054169829203458045,0.3716966632892104,0.17142267638254438,0.19366300467851122,0.2537427629809411,0.37465405100664917,0.0,0.0,0.012,0,0.309,0.691,0.0,0.3,0.21864557266235352,-0.31251347064971924,0.5065295100212097,0.048,-0.3168994188308716,0.4060819447040558,0.023,0.08535620923856538,0.08535620923856536,0.9999999999999999,1.0000000000000002,True,0.0,1000,0,0.0,0.071,8.535620923856538,22.364924868549718,0.0,0.0,0.0,0.0,0.24540701868349515,0.05060201485354432,0.0,0.0
28,28000,42000028,zanon2019_stochastic,0,0,-132.83256432082356,1000,6208265.601236032,6208.265601236032,6223.261647848692,55.37458134089115,4.47774050399127,46.671967020694744,4.039727535650296,3132.5926898495272,2335.8108180524086,4.0039501402040925,3.233661964672957,498,564,0,0.0,0.0,0.0,0,0,0,0,0,681,0,980,0.98,0.004856956582808207,0,0,0,0,0,0,0,0,0.06598956085714422,0.17320724176424207,0.03369547187312115,0.053266144506739374,0.1579650333290985,0.03200502119570822,0.3787866305304725,0.21768687972340928,0.23749698598011615,0.2718511053904084,0.38066553107207923,0.0,0.0,0.0,0,0.319,0.681,0.0,0.3,0.21756139397621155,-0.38141119480133057,0.48373791575431824,0.041,-0.28279802203178406,0.3948175311088562,0.02,0.08156916357779531,0.0815691635777953,0.9999999999999998,1.0000000000000002,True,0.0,1000,0,0.0,0.061,8.15691635777953,21.716776341529414,0.0,0.0,0.0,0.0,0.2425878435195306,0.05060201485354432,0.0,0.0
29,29000,42000029,zanon2019_stochastic,0,0,-318.49930327731994,1000,6244864.749780721,6244.8647497807215,6239.424154301161,57.5942421555403,5.268709810291176,52.62410544572774,4.990370127757677,3016.3606734667005,2425.9593688353116,3.97983990913066,3.3222182417288546,510,562,0,0.0,0.0,0.0,0,0,0,0,0,677,0,986,0.986,0.00569856723172775,0,0,0,0,0,1,0,1,0.07074264710970413,0.24495073513909205,0.0366263075215248,0.049843183639539504,0.22271431863884317,0.0356457188041191,0.37370195426572983,0.14504926486090852,0.19645441674654468,0.24693628787216698,0.3781637558365034,0.0,0.0,0.013,0,0.323,0.677,0.0,0.3,0.22178609669208527,-0.3403531610965729,0.507739245891571,0.054,-0.3148126006126404,0.39552509784698486,0.027,0.08476126192284834,0.08476126192284834,1.0,1.0,True,0.0,1000,0,0.0,0.081,8.476126192284836,23.402450038979513,0.0,0.0,0.0,0.001,0.24146017345394477,0.05060201485354432,0.0,0.0
30,30000,42000030,zanon2019_stochastic,0,0,-73.75271495509492,1000,6195909.320726485,6195.909320726485,6204.509433308382,53.65613580806905,4.421356542240711,25.93738286802366,1.0269817238028869,3144.550256487657,2266.5352011139785,4.109283732862197,3.1102391305631487,509,546,0,0.0,0.0,0.0,0,0,0,0,0,642,0,984,0.984,0.0041586644858384435,0,0,0,0,0,0,0,0,0.06640042931787571,0.21878670926546206,0.033386995751409465,0.03181342605298236,0.07914023765287936,0.016090922022581108,0.38634778444508006,0.1712132907345385,0.23095310098658942,0.2703134414254805,0.39081479325695057,0.0,0.0,0.003,0,0.358,0.642,0.0,0.3,0.2130870670080185,-0.362709641456604,0.4658360779285431,0.043,-0.30263015627861023,0.3856527805328369,0.025,0.07524643438697566,0.07524643438697569,1.0000000000000004,0.9999999999999997,True,0.0,1000,0,0.0,0.068,7.524643438697568,23.160505376841186,0.0,0.0,0.0,0.0,0.23159306038006883,0.05060201485354432,0.0,0.0
31,31000,42000031,zanon2019_stochastic,0,0,-184.69178639040052,1000,6221113.207039788,6221.113207039788,6226.857696604158,50.3525794684881,3.6404902989354326,49.69572277288257,3.6134619400679493,2968.314703771839,2224.7881579562327,3.9496169978252484,3.0880090004169967,480,565,0,0.0,0.0,0.0,0,0,0,0,0,671,0,979,0.979,0.005492173345664036,0,0,0,0,0,0,0,0,0.05985345773323632,0.1548563935574805,0.03016653989897184,0.0343042400524507,0.14639774837605302,0.030054347445107196,0.3976235350534605,0.23514360644252008,0.26900497236858084,0.2993428438256117,0.39863392916251783,0.0,0.0,0.0,0,0.329,0.671,0.0,0.3,0.2011866420507431,-0.2451217621564865,0.49368607997894287,0.031,-0.31128746271133423,0.3774418830871582,0.031,0.07341244727043254,0.07341244727043253,0.9999999999999998,1.0000000000000002,True,0.0,1000,0,0.0,0.062,7.341244727043253,21.497758279009407,0.0,0.0,0.0,0.0,0.23976866835556604,0.05060201485354432,0.0,0.0
32,32000,42000032,zanon2019_stochastic,0,0,-302.6705969873147,1000,6244632.658854387,6244.632658854387,6240.395262569471,49.47507827940615,3.773687815996221,81.06809794412234,9.192139250999595,2969.0266995574043,2356.056625960805,3.8658789135162457,3.2300871086518717,486,562,0,0.0,0.0,0.0,0,0,0,0,0,644,0,982,0.982,0.005391100774012741,0,0,0,0,0,0,0,0,0.06097290813704468,0.17499931986305484,0.030395750236227783,0.054308499550083794,0.17553689105253056,0.04743928992100258,0.38245979849872397,0.21500068013694573,0.24742496180614068,0.2809311369567684,0.385260173492993,0.0,0.0,0.0,0,0.356,0.644,0.0,0.3,0.21055403351783752,-0.2832862138748169,0.5085883140563965,0.028,-0.30231890082359314,0.3865594267845154,0.017,0.07831641111452918,0.0783164111145292,1.0000000000000002,0.9999999999999998,True,0.0,1000,0,0.0,0.045,7.831641111452917,22.294584226788896,0.0,0.0,0.0,0.0,0.23215689541286175,0.05060201485354432,0.0,0.0
33,33000,42000033,zanon2019_stochastic,0,0,-374.35591324227624,1000,6258868.383896179,6258.868383896179,6270.1496306027675,46.02072475175717,3.249880253979342,104.23508252463536,14.034804717482176,2909.566994532176,2318.9297873938494,3.8566018566375804,3.2507174299424086,511,571,0,0.0,0.0,0.0,0,0,0,0,0,616,0,978,0.978,0.005561838364249453,0,0,0,0,0,0,0,0,0.05664930107207646,0.17176490027910774,0.028917079119204655,0.05640471877264516,0.2280524907661885,0.06009300624018748,0.38358082564195123,0.21823509972089283,0.25118581047275523,0.28556455336932063,0.38547919014886034,0.0,0.0,0.0,0,0.384,0.616,0.0,0.3,0.19930925965309143,-0.2137776017189026,0.5223709940910339,0.022,-0.2574131190776825,0.38610902428627014,0.015,0.0739365309900328,0.07393653099003279,0.9999999999999998,1.0000000000000002,True,0.0,1000,0,0.0,0.037,7.393653099003281,21.7808676422434,0.0,0.0,0.0,0.0,0.22426320495376098,0.05060201485354432,0.0,0.0
34,34000,42000034,zanon2019_stochastic,0,0,-245.2221181923548,1000,6234897.137023564,6234.897137023564,6226.721881677771,46.70058736240411,3.4379691368025087,94.64681367956257,12.17709272793656,2934.752134153032,2268.873891878935,3.7844129183367183,3.1785569992192455,494,546,0,0.0,0.0,0.0,0,0,0,0,0,624,0,980,0.98,0.004656890932755578,0,0,0,0,0,0,0,0,0.058305651605275746,0.17559058730242327,0.029357122417531138,0.09503359624020573,0.2182190218824971,0.05525025713816729,0.38366258998106123,0.2144094126975773,0.2464894595968442,0.2797968793981287,0.387642301856463,0.0,0.0,0.0,0,0.376,0.624,0.0,0.3,0.1899077147245407,-0.23504091799259186,0.47912147641181946,0.035,-0.2406763732433319,0.37445154786109924,0.014,0.06720491200201002,0.06720491200201002,1.0,1.0,True,0.0,1000,0,0.0,0.048,6.720491200201001,21.441145196062603,0.0,0.0,0.0,0.0,0.22651854508493263,0.05060201485354432,0.0,0.0
35,35000,42000035,zanon2019_stochastic,0,0,-260.30730616926206,1000,6234380.670282885,6234.380670282885,6247.489529469656,59.9591537707649,5.360712284542499,54.01000213121594,4.455636143939733,3081.1801867200293,2350.341146993706,3.990520108355701,3.1858992141529936,461,558,0,0.0,0.0,0.0,0,0,0,0,0,715,0,986,0.986,0.005039301737637223,0,0,0,0,0,0,0,0,0.07030581739290084,0.19965563953974907,0.03645319637073002,0.05145903131865504,0.15613576730470413,0.03323374053213574,0.3695297727567161,0.1903443604602515,0.20361806209409536,0.2593742393114805,0.36896189293197246,0.0,0.0,0.007,0,0.285,0.715,0.0,0.3,0.21598565578460693,-0.36527809500694275,0.5159080624580383,0.059,-0.2592816650867462,0.3792330324649811,0.013,0.08721350725350818,0.0872135072535082,1.0000000000000002,0.9999999999999999,True,0.0,1000,0,0.0,0.071,8.721350725350819,23.799991521263216,0.0,0.0,0.0,0.0,0.2521730390770101,0.05060201485354432,0.0,0.0
36,36000,42000036,zanon2019_stochastic,0,0,-50.86333607555488,1000,6196285.299799677,6196.285299799677,6215.193850062242,51.948139757042725,4.163916501700594,37.61098730140017,1.9902522905899716,2969.431525252455,2245.9406833547314,3.843590830256794,3.068566112379916,488,571,0,0.0,0.0,0.0,0,0,0,0,0,618,0,987,0.987,0.004926408731170037,0,0,0,0,0,0,0,0,0.06451964508402844,0.1802587007643517,0.03271186598797584,0.044588481864724326,0.09623551670858888,0.022615613763216465,0.38895312611171845,0.20974129923564888,0.24102150241320544,0.2717321705398678,0.39725963632546524,0.0,0.0,0.0,0,0.382,0.618,0.0,0.3,0.20995715260505676,-0.34158167243003845,0.4974445104598999,0.047,-0.2802501320838928,0.3773849904537201,0.019,0.07621987264353244,0.07621987264353244,1.0,1.0,True,0.0,1000,0,0.0,0.066,7.621987264353244,22.826168518847542,0.0,0.0,0.0,0.0,0.2248270399865539,0.05060201485354432,0.0,0.0
37,37000,42000037,zanon2019_stochastic,0,0,-29.70560325181653,1000,6187804.741880718,6187.804741880717,6196.048298177742,49.09901614849808,3.800177737590086,30.72791324139569,1.2653308769044656,3212.4133184638913,2231.758192174081,4.088140572506863,3.0776895527782333,513,564,0,0.0,0.0,0.0,0,0,0,0,0,627,0,977,0.977,0.005635678128494527,0,0,0,0,0,0,0,0,0.0615381352099247,0.1780433208929324,0.030649525012676943,0.032858948698796506,0.0695134682097347,0.01768576486617588,0.3862940815176307,0.21195667910706817,0.23272632147221906,0.2769810347135824,0.39194846390284077,0.0,0.0,0.0,0,0.373,0.627,0.0,0.3,0.21068154275417328,-0.3423076272010803,0.5078977346420288,0.068,-0.2645062804222107,0.3760046362876892,0.019,0.07632967398628591,0.07632967398628591,1.0,1.0,True,0.0,1000,0,0.0,0.087,7.632967398628591,23.272743825202923,0.0,0.0,0.0,0.0,0.227364297634122,0.05060201485354432,0.0,0.0
38,38000,42000038,zanon2019_stochastic,0,0,-187.07519644227204,1000,6217655.934249323,6217.655934249323,6232.717451180639,56.16715990139417,5.040658958776653,65.339931737982,5.004811702111038,3116.368694851588,2306.1242735412125,4.0921069890455435,3.2280887426910576,497,590,0,0.0,0.0,0.0,0,0,0,0,0,614,0,987,0.987,0.005212046284542649,0,0,0,0,0,1,0,1,0.07036155970803125,0.2653123497177283,0.03611985337083218,0.027145268974364943,0.1402840611655165,0.03599118885347054,0.38055364764697974,0.12468765028227224,0.22325378515043898,0.26003395305892507,0.383529186301109,0.0,0.0,0.007,0,0.386,0.614,0.0,0.3,0.2147115170955658,-0.34897124767303467,0.5301905274391174,0.063,-0.24728986620903015,0.3753803074359894,0.008,0.08124518315562944,0.08124518315562945,1.0000000000000002,0.9999999999999998,True,0.0,1000,0,0.0,0.071,8.124518315562945,24.516394022386265,0.0,0.0,0.0,0.001,0.2236993699209681,0.05060201485354432,0.0,0.0
39,39000,42000039,zanon2019_stochastic,0,0,-114.62826958509298,1000,6207821.880141659,6207.821880141659,6221.578365174373,49.35072401694943,3.6395186727102327,49.60742011890264,3.9564482163516814,2988.412765233424,2227.665295396334,3.9543646149262073,3.0061922411583577,505,568,0,0.0,0.0,0.0,0,0,0,0,0,633,0,983,0.983,0.0057044347143300035,0,0,0,0,0,0,0,0,0.06032748085110351,0.1652725758108069,0.03028077952547221,0.062182196905012165,0.13741641170040708,0.03157168914672555,0.3896287028885054,0.22472742418919367,0.25220264758153216,0.28556271637980135,0.3943731796642478,0.0,0.0,0.0,0,0.367,0.633,0.0,0.3,0.20760773122310638,-0.3840749263763428,0.4874725043773651,0.046,-0.232011616230011,0.3527419865131378,0.015,0.0773735548861175,0.0773735548861175,1.0,1.0,True,0.0,1000,0,0.0,0.061,7.737355488611749,21.19452982088354,0.0,0.0,0.0,0.0,0.22905580273250076,0.05060201485354432,0.0,0.0
40,40000,42000040,zanon2019_stochastic,0,0,-202.17893652954353,1000,6223873.16635269,6223.8731663526905,6233.5071175977355,50.902183183177414,4.010220561881598,72.75707739074105,7.311620044584255,3053.1038642256913,2197.060587104265,4.019473265406094,3.0389126506146615,550,590,0,0.0,0.0,0.0,0,0,0,0,0,640,0,984,0.984,0.004730201464865014,0,0,0,0,0,0,0,0,0.05971833842760156,0.18838319347055688,0.03179733327852332,0.07642559723690731,0.1569963085609345,0.04293518875820834,0.36894828813638436,0.2016168065294437,0.2399231954495789,0.26746818180851867,0.3717917491532905,0.0,0.0,0.0,0,0.36,0.64,0.0,0.3,0.21289965510368347,-0.4249805808067322,0.4824429154396057,0.051,-0.24715448915958405,0.3431538939476013,0.013,0.08303899776803976,0.08303899776803976,1.0,1.0,True,0.0,1000,0,0.0,0.064,8.303899776803977,22.916505474203404,0.0,0.0,0.0,0.0,0.23102922534727593,0.05060201485354432,0.0,0.0
41,41000,42000041,zanon2019_stochastic,0,0,-319.5201769806624,1000,6244645.683619441,6244.645683619441,6249.798690522256,58.73647028082038,5.242216268968402,129.62742743335434,21.054386777731196,3095.6274703612135,2416.3769993288943,4.025131669999447,3.285563850007184,509,550,0,0.0,0.0,0.0,0,0,0,0,0,694,0,980,0.98,0.004803539410439869,0,0,0,0,0,0,0,0,0.06725194204851467,0.22219072983124377,0.0359987797549127,0.06539536368803406,0.25151909211722767,0.07214423145323808,0.3631524694222162,0.1678092701687568,0.2138032119251525,0.24978528902530198,0.36284514936930456,0.0,0.0,0.006,0,0.306,0.694,0.0,0.3,0.22561399638652802,-0.39782556891441345,0.5249698162078857,0.039,-0.24692974984645844,0.38219818472862244,0.007,0.09293092610613501,0.09293092610613501,1.0,1.0,True,0.0,1000,0,0.0,0.046,9.2930926106135,23.303579256822292,0.0,0.0,0.0,0.0,0.24625277123268455,0.05060201485354432,0.0,0.0
42,42000,42000042,zanon2019_stochastic,0,0,-126.16326630374552,1000,6211284.766890483,6211.284766890483,6221.631445220371,51.12723664146148,4.057076882115354,45.14348505961227,3.0230305504741897,2961.4143937615654,2268.2251174938674,3.8570864033013406,3.0555776957876812,503,555,0,0.0,0.0,0.0,0,0,0,0,0,667,0,986,0.986,0.005495510903926342,0,0,0,0,0,0,0,0,0.062352326750816915,0.1991213612215823,0.03214531407517579,0.05495065076842204,0.12344211573242347,0.02774804068452765,0.3769311483013911,0.19087863877841826,0.218546430755981,0.27010359858603417,0.3826985540593455,0.0,0.0,0.003,0,0.333,0.667,0.0,0.3,0.20448149740695953,-0.38115623593330383,0.4783695936203003,0.052,-0.2372540980577469,0.34935086965560913,0.014,0.07787067461448606,0.07787067461448606,1.0,1.0,True,0.0,1000,0,0.0,0.066,7.787067461448607,22.719389088442483,0.0,0.0,0.0,0.0,0.23864099828998026,0.05060201485354432,0.0,0.0
43,43000,42000043,zanon2019_stochastic,0,0,-254.8629236874894,1000,6235431.8017438585,6235.431801743858,6244.30949679767,66.47219268655127,6.690845401192498,92.29922190202073,12.092059265348533,3003.622354045065,2345.9735896184447,3.8718727431911737,3.186091337360984,487,592,0,0.0,0.0,0.0,0,0,0,0,0,708,0,980,0.98,0.005563198786008893,0,0,0,0,0,0,0,0,0.06910486608970724,0.2349068519338644,0.04042699019716457,0.06664231067989816,0.17537226470452794,0.05434768444340673,0.3462220964722625,0.15509314806613617,0.18319132281370898,0.23681235465617068,0.34384657918199935,0.0,0.0,0.016,0,0.292,0.708,0.0,0.3,0.2233458310365677,-0.46779143810272217,0.5075622200965881,0.068,-0.20170298218727112,0.35741591453552246,0.002,0.09609072435678678,0.0960907243567868,1.0000000000000002,0.9999999999999999,True,0.0,1000,0,0.0,0.07,9.609072435678678,24.742178049888462,0.0,0.0,0.0,0.0,0.25019961646223493,0.05060201485354432,0.0,0.0
44,44000,42000044,zanon2019_stochastic,0,0,-17.373432310073817,1000,6189512.847401269,6189.512847401269,6183.264687401534,51.8989285305631,4.548066804100709,31.48970969990554,1.5075211049961807,3053.551632904634,2051.6099147471823,4.013422046024289,2.778710310114816,495,544,0,0.0,0.0,0.0,0,0,0,0,0,619,0,975,0.975,0.003964869974069555,0,0,0,0,0,0,0,0,0.06228152151574627,0.2370103702392541,0.033072690008883174,0.038727816394302415,0.0889922286971867,0.019040914507990732,0.3641786553083734,0.15298962976074648,0.20684193325375178,0.2562057118963873,0.3712077497807176,0.0,0.0,0.009,0,0.381,0.619,0.0,0.3,0.2189914584159851,-0.4132080376148224,0.49385228753089905,0.052,-0.2611697316169739,0.3722227215766907,0.021,0.0801628670694823,0.0801628670694823,1.0,1.0,True,0.0,1000,0,0.0,0.073,8.016286706948229,23.194611369251938,0.0,0.0,0.0,0.0,0.22510895750295037,0.05060201485354432,0.0,0.0
45,45000,42000045,zanon2019_stochastic,0,0,-82.6324964543172,1000,6199987.153567048,6199.987153567048,6196.854186449254,50.970483042931214,4.030289249314546,48.98763480842757,3.4721168738972445,3054.8617687661736,2284.336625830679,4.00696057646846,3.047836778017035,529,539,0,0.0,0.0,0.0,0,0,0,0,0,666,0,983,0.983,0.005201102132534697,0,0,0,0,0,0,0,0,0.06117223258118062,0.2183467302226454,0.03262596790042629,0.058533577558065535,0.11391716590441092,0.03028255148244183,0.37291497588114736,0.17165326977735518,0.22770372927560134,0.2737451659505815,0.37666370146756556,0.0,0.0,0.002,0,0.334,0.666,0.0,0.3,0.21656553447246552,-0.3920169174671173,0.4958512485027313,0.053,-0.2440873086452484,0.381391704082489,0.014,0.0820913179494591,0.08209131794945912,1.0000000000000002,0.9999999999999998,True,0.0,1000,0,0.0,0.067,8.20913179494591,22.498851492811315,0.0,0.0,0.0,0.0,0.2383590807735838,0.05060201485354432,0.0,0.0
46,46000,42000046,zanon2019_stochastic,0,0,-188.93314208992373,1000,6219182.46553703,6219.18246553703,6234.5187693286225,59.24284167710539,5.480474874680916,69.98791321760378,7.80565016735518,3264.857829517796,2178.502323832213,4.164605865446168,2.969038530359256,500,548,0,0.0,0.0,0.0,0,0,0,0,0,624,0,977,0.977,0.004971417248298324,0,0,0,0,0,0,0,0,0.07007196548961579,0.21756667050720324,0.036747254991398595,0.07724975511300004,0.19138728175391861,0.043855124579688314,0.36603482064587856,0.17243332949279733,0.20206179592150605,0.24880167520381774,0.3675432501013596,0.0,0.0,0.009,0,0.376,0.624,0.0,0.3,0.2207328975200653,-0.4149562418460846,0.5035488605499268,0.062,-0.24086089432239532,0.3780507743358612,0.009,0.08465210233052511,0.08465210233052511,1.0,1.0,True,0.0,1000,0,0.0,0.07,8.465210233052511,24.05463116619357,0.0,0.0,0.0,0.0,0.22651854508493263,0.05060201485354432,0.0,0.0
47,47000,42000047,zanon2019_stochastic,0,0,-245.03758064217155,1000,6236679.97601123,6236.67997601123,6235.738481008363,54.3691972352744,4.6856953290313585,101.85087723760432,12.200969616461775,2884.0214584281616,2260.196249627385,3.7289998786904484,3.101594588927032,467,565,0,0.0,0.0,0.0,0,0,0,0,0,671,0,981,0.981,0.005818104120211304,0,0,0,0,0,0,0,0,0.06646060838872936,0.22095550330663727,0.034057008468842694,0.04348849533092801,0.17245327081068496,0.054956193853499834,0.37350204482843913,0.1690444966933633,0.22648705049128856,0.26173976558192696,0.3816765313539481,0.0,0.0,0.004,0,0.329,0.671,0.0,0.3,0.2039920538663864,-0.28914374113082886,0.5287634134292603,0.03,-0.20140472054481506,0.38789066672325134,0.007,0.08118869548596751,0.0811886954859675,0.9999999999999998,1.0000000000000002,True,0.0,1000,0,0.0,0.037,8.11886954859675,23.143406673586732,0.0,0.0,0.0,0.0,0.23976866835556604,0.05060201485354432,0.0,0.0
48,48000,42000048,zanon2019_stochastic,0,0,-364.0724902758695,1000,6260444.850514318,6260.444850514318,6261.724477898851,59.413335625081565,5.4459877482491095,120.38465135638184,19.566012864032547,2940.6822711950426,2112.59760989971,3.8268764535919506,2.9407928744840817,475,586,0,0.0,0.0,0.0,0,0,0,0,0,580,0,984,0.984,0.004863963498519545,0,0,0,0,0,0,0,0,0.06440505169772684,0.1985917181107375,0.03746205097355776,0.07256712658771808,0.24963796190080956,0.07100752703596476,0.3538820953172749,0.19140828188926307,0.21640857725683052,0.2449465410135952,0.35519312181595275,0.0,0.0,0.005,0,0.42,0.58,0.0,0.3,0.21700775623321533,-0.4084897041320801,0.5072445273399353,0.048,-0.1792076677083969,0.3785743713378906,0.003,0.08297760981286748,0.08297760981286748,1.0,1.0,True,0.0,1000,0,0.0,0.051,8.297760981286746,22.760396188154747,0.0,0.0,0.0,0.0,0.2141141743634886,0.05060201485354432,0.0,0.0
49,49000,42000049,zanon2019_stochastic,0,0,-97.39709876818293,1000,6208725.267383462,6208.725267383462,6202.294151851295,62.61129045367507,6.204175113001671,39.809040262844086,2.276383360281833,2878.7396195666065,2035.3184773081562,3.8250718725948034,2.772926353537163,491,553,0,0.0,0.0,0.0,0,0,0,0,0,687,0,981,0.981,0.0052895854195971785,0,0,0,0,0,0,0,0,0.06818518411151547,0.2546514120610972,0.039058227000675204,0.045734113865048984,0.09561298910886507,0.023658826678574444,0.3506081327345471,0.13534858793890336,0.1952103344288475,0.23157878819496708,0.3542661154915887,0.0,0.0,0.012,0,0.313,0.687,0.0,0.3,0.22217901051044464,-0.49605607986450195,0.48900115489959717,0.077,-0.18759693205356598,0.3363569676876068,0.006,0.09158844533078778,0.09158844533078778,1.0,1.0,True,0.0,1000,0,0.0,0.083,9.158844533078776,23.62387482363768,0.0,0.0,0.0,0.0,0.24427934861790937,0.05060201485354432,0.0,0.0
50,50000,42000050,zanon2019_stochastic,0,0,-331.7248641317904,1000,6254790.376197152,6254.790376197152,6257.732366829772,68.55466107266781,7.268977308787248,98.51215540645126,12.201563009728753,2884.2819040403574,2128.9367401245527,3.785241466384944,2.915559449991587,519,572,0,0.0,0.0,0.0,0,0,0,0,0,706,0,980,0.98,0.005234161956717142,0,0,0,0,0,0,0,0,0.06939215979892897,0.24828536641394905,0.04354683445240774,0.06211028588962953,0.1956260504513665,0.05641929659012878,0.3403620932887858,0.14171463358605152,0.1767471065645391,0.22885606492500427,0.33991439940566615,0.0,0.0,0.022,0,0.294,0.706,0.0,0.3,0.2273513674736023,-0.4625573754310608,0.5168639421463013,0.064,-0.19795267283916473,0.36932283639907837,0.002,0.09505338192584588,0.09505338192584588,1.0,1.0,True,0.0,1000,0,0.0,0.066,9.50533819258459,24.264396679430682,0.0,0.0,0.0,0.0,0.24963578142944204,0.05060201485354432,0.0,0.0
51,51000,42000051,zanon2019_stochastic,0,0,-213.32492832109034,1000,6226805.289743987,6226.805289743987,6213.8510919431355,63.29424231832236,6.213022129055716,54.569410234034834,5.4242170960331055,3096.8383009798704,2166.8866520814454,4.0024525184752715,2.979881981128138,486,533,0,0.0,0.0,0.0,0,0,0,0,0,662,0,978,0.978,0.004846443067256469,0,0,0,0,0,0,0,0,0.06800281497110977,0.27285179312807273,0.039548351025215936,0.07099563424088026,0.19820441204086592,0.03695263919565432,0.35022142209253393,0.11714820687192784,0.17838132780006485,0.24041550634714656,0.3485875608754476,0.0,0.0,0.015,0,0.338,0.662,0.0,0.3,0.23137225210666656,-0.48885321617126465,0.5208603143692017,0.066,-0.18094602227210999,0.35613179206848145,0.009,0.0942916863632075,0.0942916863632075,1.0,1.0,True,0.0,1000,0,0.0,0.074,9.42916863632075,25.07691858804366,0.0,0.0,0.0,0.0,0.23723141070799794,0.05060201485354432,0.0,0.0
52,52000,42000052,zanon2019_stochastic,0,0,-182.80298518719604,1000,6228565.01162371,6228.56501162371,6231.700670819312,60.32188830134872,5.806335829284167,35.94879620331555,1.9895854227361904,2855.1255734814363,1965.4408911297814,3.7105841753785396,2.653360644995565,503,572,0,0.0,0.0,0.0,0,0,0,0,0,638,0,987,0.987,0.00505032642254163,0,0,0,0,0,0,0,0,0.06546320151951457,0.23029274958206258,0.03825070519711289,0.030238529444622155,0.08779646594015844,0.022390802842444435,0.3510808694718508,0.15970725041793798,0.21059173197330158,0.2407005571144488,0.35646804667883103,0.0,0.0,0.004,0,0.362,0.638,0.0,0.3,0.21504488587379456,-0.4703206419944763,0.47616085410118103,0.046,-0.17992138862609863,0.34577444195747375,0.008,0.08473820080641818,0.08473820080641818,1.0,1.0,True,0.0,1000,0,0.0,0.054,8.473820080641817,22.806541475329233,0.0,0.0,0.0,0.0,0.23046539031448302,0.05060201485354432,0.0,0.0
53,53000,42000053,zanon2019_stochastic,0,0,-314.0204430503164,1000,6254705.482289189,6254.705482289189,6246.205600399229,61.54492982550177,5.91083334850653,111.3843873177063,17.269387062088516,2787.927138931391,2052.329915037661,3.6254431938412996,2.8324220928948125,499,588,0,0.0,0.0,0.0,0,0,0,0,0,671,0,977,0.977,0.005083997530409446,0,0,0,0,0,0,0,0,0.0623596932185601,0.2534072567004735,0.03841697356443704,0.07420248285967283,0.21338723510461222,0.06566549963559924,0.34497710129177805,0.1365927432995271,0.20711895871876543,0.23142930181896518,0.34605830723321773,0.0,0.0,0.009,0,0.329,0.671,0.0,0.3,0.2150149643421173,-0.45476317405700684,0.49174317717552185,0.029,-0.1866195797920227,0.3321407735347748,0.001,0.08818999936970938,0.08818999936970938,1.0,1.0,True,0.0,1000,0,0.0,0.03,8.818999936970936,25.012938047452614,0.0,0.0,0.0,0.0,0.2397686683555661,0.05060201485354432,0.0,0.0
54,54000,42000054,zanon2019_stochastic,0,0,-114.8613921332975,1000,6209988.576335249,6209.988576335249,6216.317384979029,69.45180841399205,7.281313759033196,51.610602581697776,3.778174658009585,3003.4918480232354,2063.2325120345627,3.946518386985044,2.794004704694209,470,568,0,0.0,0.0,0.0,0,0,0,0,0,685,0,982,0.982,0.004887849171668687,0,0,0,0,0,0,0,0,0.07166848597519737,0.24449273356045964,0.04307975245869265,0.061464075449768014,0.129841151025758,0.03103196963614022,0.3436157261870892,0.14550726643954093,0.19013437266200545,0.22580949862003089,0.34139213444007943,0.0,0.0,0.015,0,0.315,0.685,0.0,0.3,0.22135235369205475,-0.5266596674919128,0.45749980211257935,0.067,-0.18129505217075348,0.3316040337085724,0.001,0.09030809227662825,0.09030809227662824,0.9999999999999999,1.0000000000000002,True,0.0,1000,0,0.0,0.068,9.030809227662825,22.336339096888942,0.0,0.0,0.0,0.0,0.24371551358511642,0.05060201485354432,0.0,0.0
55,55000,42000055,zanon2019_stochastic,0,0,-259.2775264812386,1000,6243058.626288567,6243.058626288566,6240.795577258987,76.56750000016237,9.0127756889175,53.741837043736886,5.1638496097114075,2876.9819985607746,1921.6129938962965,3.7699544700531855,2.6389821752751756,505,574,0,0.0,0.0,0.0,0,0,0,0,0,670,0,985,0.985,0.005077761962539096,0,0,0,0,0,0,0,0,0.0709339170340078,0.2561746346493088,0.04700630049884702,0.060901409037014576,0.21417678132072382,0.035580625951669574,0.3268755039981621,0.13382536535069178,0.16577447718668936,0.20229703908974717,0.32925890151195425,0.0,0.0,0.048,0,0.33,0.67,0.0,0.3,0.22611360251903534,-0.5270740985870361,0.4785088002681732,0.072,-0.18769076466560364,0.32944291830062866,0.004,0.09612256072641567,0.09612256072641566,0.9999999999999999,1.0000000000000002,True,0.0,1000,0,0.0,0.076,9.612256072641568,24.27933916014651,0.0,0.0,0.0,0.0,0.2394867508391696,0.05060201485354432,0.0,0.0
56,56000,42000056,zanon2019_stochastic,0,0,-149.727980750487,1000,6222438.942710191,6222.438942710191,6216.87276751064,65.30527455811603,6.8603024924854425,36.07288824617019,2.1264272310294157,2815.8867440437534,1979.8046183832714,3.699807482152409,2.6340439980366335,519,558,0,0.0,0.0,0.0,0,0,0,0,0,652,0,981,0.981,0.0047052675784703115,0,0,0,0,0,0,0,0,0.06848501928981561,0.3401642016057522,0.04183241261401039,0.043350226571032,0.11283162214655107,0.02328984200416461,0.34339082913100016,0.04983579839424834,0.17454080594735988,0.23388885261090414,0.3464771073527153,0.001,0.005,0.024,0,0.348,0.652,0.0,0.3,0.21819885075092316,-0.49712061882019043,0.4628809690475464,0.077,-0.2066100835800171,0.32482531666755676,0.006,0.08777614376657954,0.08777614376657954,1.0,1.0,True,0.0,1000,0,0.0,0.082,8.777614376657953,24.920921190127764,0.0,0.0,0.0,0.0,0.2344122355440334,0.05060201485354432,0.0,0.0
57,57000,42000057,zanon2019_stochastic,0,0,-149.85916429007796,1000,6216814.15641886,6216.81415641886,6207.404780139024,57.20886393556822,5.402713307917228,37.10052497937839,2.0442768450914817,3002.891168179468,2027.0625330631178,3.973386478621035,2.7462307016139325,536,582,0,0.0,0.0,0.0,0,0,0,0,0,635,0,983,0.983,0.004114350333641855,0,0,0,0,0,0,0,0,0.06170300161103957,0.24907299176344821,0.03647589928148934,0.045136036777445036,0.12188560278195126,0.0224372641758458,0.35004176276881527,0.14092700823655235,0.19525149011443094,0.2389062240143259,0.35586222396781864,0.0,0.0,0.013,0,0.365,0.635,0.0,0.3,0.2189415842294693,-0.487800657749176,0.47217974066734314,0.078,-0.21557548642158508,0.3355126976966858,0.008,0.08422454258030629,0.08422454258030627,0.9999999999999998,1.0000000000000002,True,0.0,1000,0,0.0,0.086,8.422454258030628,24.956205083409248,0.0,0.0,0.0,0.0,0.22961963776529365,0.05060201485354432,0.0,0.0
58,58000,42000058,zanon2019_stochastic,0,0,-112.81601521241899,1000,6210702.735039971,6210.702735039971,6228.073418206988,62.478667344948235,5.7956541875916825,55.47218056464469,4.307969447595248,2972.0707790584693,2049.6639644739193,3.8859757476928674,2.7837518249261612,505,580,0,0.0,0.0,0.0,0,0,0,0,0,712,0,982,0.982,0.004760576425878275,0,0,0,0,0,0,0,0,0.07050041685947125,0.19817583125032812,0.03819203526415252,0.061409024623904636,0.13952920272834746,0.032927433233610914,0.361316990656602,0.19182416874967245,0.21388382014595225,0.24886277920234026,0.3589109738594267,0.0,0.0,0.004,0,0.288,0.712,0.0,0.3,0.22196140885353088,-0.45006170868873596,0.5188499093055725,0.048,-0.20765182375907898,0.341720312833786,0.002,0.09267053918174752,0.0926705391817475,0.9999999999999999,1.0000000000000002,True,0.0,1000,0,0.0,0.05,9.267053918174751,24.160824246210165,0.0,0.0,0.0,0.0,0.25132728652782077,0.05060201485354432,0.0,0.0
59,59000,42000059,zanon2019_stochastic,0,0,-383.19382269980247,1000,6272358.036774161,6272.3580367741615,6265.203925894357,68.1866268338978,7.04755325324297,135.42257068038023,24.344629962496644,2762.711645366221,1938.2786240411936,3.512009587045643,2.5970286182558557,502,583,0,0.0,0.0,0.0,0,0,0,0,0,711,0,982,0.982,0.004526940538424979,0,0,0,0,0,0,0,0,0.06375292296709487,0.2326571496878671,0.04175443667394132,0.0883596447902144,0.2545006884597356,0.07760416574496949,0.3352451767728774,0.15734285031213346,0.1842042769867395,0.23017305356008197,0.3364557726961923,0.0,0.0,0.018,0,0.289,0.711,0.0,0.3,0.22282737493515015,-0.48214808106422424,0.500908374786377,0.043,-0.18757663667201996,0.32801511883735657,0.001,0.09736544748717513,0.09736544748717513,1.0,1.0,True,0.0,1000,0,0.0,0.044,9.736544748717515,24.411292783710635,0.0,0.0,0.0,0.0,0.25104536901142427,0.05060201485354432,0.0,0.0
60,60000,42000060,zanon2019_stochastic,0,0,39.35061616176885,1000,6180555.386164332,6180.555386164332,6172.272888108515,47.53398108114318,3.6604470693281486,24.47787925074401,0.8066122539252635,3011.954443842502,1938.9806217941405,3.9497748050637984,2.6325916815935564,501,570,0,0.0,0.0,0.0,0,0,0,0,0,578,0,982,0.982,0.005033961232772141,0,0,0,0,0,0,0,0,0.05451999422568918,0.19015037716005523,0.030109182790565275,0.019155340808271252,0.06150434036587171,0.014133974724807786,0.3636516036299393,0.19984962283994534,0.23140002363452603,0.2693887628025406,0.36628062856906674,0.0,0.0,0.001,0,0.422,0.578,0.0,0.3,0.21190640330314636,-0.4682236611843109,0.4625571370124817,0.047,-0.20674416422843933,0.32776346802711487,0.004,0.07629488661922401,0.076294886619224,0.9999999999999998,1.0000000000000002,True,0.0,1000,0,0.0,0.051,7.629488661922401,22.027793804069113,0.0,0.0,0.0,0.0,0.2135503393306957,0.05060201485354432,0.0,0.0
61,61000,42000061,zanon2019_stochastic,0,0,-157.59236062874027,1000,6217772.370049909,6217.772370049909,6211.259232425101,64.36184315147294,6.499682688536792,63.050546924098434,5.665594581377498,3111.2239943325385,1989.1159747749869,4.0201641700163195,2.720009991924116,531,579,0,0.0,0.0,0.0,0,0,0,0,0,662,0,986,0.986,0.005202352268062437,0,0,0,0,0,0,0,0,0.06714211751114332,0.2350269196939081,0.03912091282718388,0.0432062030154011,0.16133302355000012,0.03652461521073877,0.34535461862665096,0.15497308030609247,0.18840433241956525,0.23126076452777564,0.34882016374837477,0.0,0.0,0.015,0,0.338,0.662,0.0,0.3,0.22458776831626892,-0.47032788395881653,0.5046025514602661,0.057,-0.21626247465610504,0.3471478521823883,0.009,0.09013292099948253,0.09013292099948253,1.0,1.0,True,0.0,1000,0,0.0,0.066,9.013292099948252,24.778845696253608,0.0,0.0,0.0,0.0,0.23723141070799794,0.05060201485354432,0.0,0.0
62,62000,42000062,zanon2019_stochastic,0,0,-303.1185701791072,1000,6253072.210992297,6253.072210992297,6246.145920810504,64.77481997753186,6.362222037967721,96.85290004305239,12.011584573536542,2861.898972208198,1869.1905337842454,3.735979563880468,2.552308453261216,476,562,0,0.0,0.0,0.0,0,0,0,0,0,708,0,988,0.988,0.004871809002420827,0,0,0,0,0,0,0,0,0.06404945594216219,0.2200294887030836,0.039749999447997716,0.0820846906138576,0.2161350130338846,0.05461763211588041,0.34245049505749564,0.16997051129691698,0.20764977443480828,0.23650587440142612,0.3416575701154123,0.0,0.0,0.006,0,0.292,0.708,0.0,0.3,0.21794210374355316,-0.48008280992507935,0.5016795992851257,0.052,-0.19003106653690338,0.30377987027168274,0.002,0.09476492189217237,0.09476492189217237,1.0,1.0,True,0.0,1000,0,0.0,0.054,9.476492189217238,23.25732031926042,0.0,0.0,0.0,0.0,0.25019961646223493,0.05060201485354432,0.0,0.0
63,63000,42000063,zanon2019_stochastic,0,0,-143.31424192760358,1000,6217179.445771674,6217.179445771673,6213.859789226077,65.39516153885793,6.988253107428177,49.1283138149358,3.708925589993813,2972.1597669548273,1896.69266285794,3.9719110363604675,2.570783874168737,542,583,0,0.0,0.0,0.0,0,0,0,0,0,661,0,985,0.985,0.004842717764192891,0,0,0,0,0,0,0,0,0.07124506522142844,0.25142704795553783,0.0415301129409345,0.05331240413336452,0.12722547269651585,0.03025539722830142,0.34631261014822595,0.13857295204446274,0.17995001768952398,0.2226580087994831,0.35342220515289746,0.0,0.0,0.029,0,0.339,0.661,0.0,0.3,0.21256162226200104,-0.46716341376304626,0.48240700364112854,0.058,-0.1969529688358307,0.32133665680885315,0.003,0.08597435815527683,0.08597435815527683,1.0,1.0,True,0.0,1000,0,0.0,0.061,8.597435815527682,24.695410955786976,0.0,0.0,0.0,0.0,0.2369494931916015,0.05060201485354432,0.0,0.0
64,64000,42000064,zanon2019_stochastic,0,0,-166.27184675515753,1000,6225197.610878084,6225.197610878084,6233.340113664356,74.86483692297185,8.177327334839955,49.41414292030054,3.5836325598505705,2848.6072533733513,1943.6463259677544,3.7284469986340896,2.6493873561671437,503,551,0,0.0,0.0,0.0,0,0,0,0,0,734,0,979,0.979,0.006170504744486636,0,0,0,0,0,0,0,0,0.07020480797712286,0.25991339933115754,0.0452003131384839,0.04570439467899272,0.1448853192935431,0.02992247336498382,0.33304689828819856,0.13008660066884303,0.18570766009768874,0.2243445096199265,0.3319260936867696,0.0,0.0,0.019,0,0.266,0.734,0.0,0.3,0.22658653557300568,-0.5237782597541809,0.4951346218585968,0.086,-0.1546478569507599,0.33343207836151123,0.003,0.09913238305752584,0.09913238305752584,1.0,1.0,True,0.0,1000,0,0.0,0.089,9.913238305752584,23.10687644935198,0.0,0.0,0.0,0.0,0.2575294718885428,0.05060201485354432,0.0,0.0
65,65000,42000065,zanon2019_stochastic,0,0,-222.0123173159219,1000,6240286.462281997,6240.286462281997,6240.4374208795825,85.79942208552632,10.213261618974181,43.32317811281687,3.109616109987873,2747.9451158113197,1858.739102758857,3.557672808527683,2.498358530058494,514,588,0,0.0,0.0,0.0,0,0,0,0,0,719,0,989,0.989,0.005615199957978129,0,0,0,0,0,0,0,0,0.0646233208207609,0.26691659608302487,0.05091077308459796,0.044028239586879424,0.13635798331643656,0.028091883086580248,0.31221961985553015,0.1230834039169757,0.1791678821645827,0.2100007750282499,0.30984843902494674,0.0,0.0,0.03,0,0.281,0.719,0.0,0.3,0.2329205721616745,-0.573965847492218,0.4614861309528351,0.092,-0.1938287913799286,0.3191116750240326,0.001,0.10248715780695465,0.10248715780695465,1.0,1.0,True,0.0,1000,0,0.0,0.093,10.248715780695465,23.78170116441794,0.0,0.0,0.0,0.0,0.25330070914259595,0.05060201485354432,0.0,0.0
66,66000,42000066,zanon2019_stochastic,0,0,-294.99645833009026,1000,6253464.264689907,6253.464264689907,6253.372022253189,77.7023529949773,9.310497858155218,110.64539604640538,13.875016858621688,2815.9140487323666,1846.1611255385021,3.617275365009423,2.5414668309772854,515,553,0,0.0,0.0,0.0,0,0,0,0,0,644,0,982,0.982,0.0052322330555433765,0,0,0,0,0,0,0,0,0.07156387663275986,0.2883024800198406,0.0481674791130791,0.04069591824989723,0.18870583596181945,0.05880093409387892,0.32522231968049836,0.10169751998015997,0.14851318010438838,0.20800779551597176,0.3285924253991812,0.0,0.0,0.04,0,0.356,0.644,0.0,0.3,0.21536439657211304,-0.505262017250061,0.47623416781425476,0.064,-0.16649548709392548,0.29662662744522095,0.001,0.09028898834479686,0.09028898834479684,0.9999999999999999,1.0000000000000002,True,0.0,1000,0,0.0,0.065,9.028898834479685,24.463055101018412,0.0,0.0,0.0,0.0,0.23215689541286172,0.05060201485354432,0.0,0.0
67,67000,42000067,zanon2019_stochastic,0,0,-425.3374640563071,1000,6280807.869843515,6280.807869843515,6276.7483820787675,76.75095004405284,8.724306009006796,123.78629043522015,25.328013558052778,2747.9043833750284,1869.791604742209,3.5424842322387713,2.5171379876603526,492,574,0,0.0,0.0,0.0,0,0,0,0,0,732,0,988,0.988,0.004849810042032948,0,0,1,0,0,2,0,2,0.06327061732012242,0.2630708838273996,0.04750622600186155,0.10512260945907227,0.26661140467641786,0.08094418419951331,0.3211999678422859,0.12692911617260094,0.17454958451520575,0.21553905039045293,0.3230326164734869,0.0,0.0,0.029,0,0.268,0.732,0.0,0.3,0.22093616425991058,-0.5250656008720398,0.4852325916290283,0.054,-0.1643102467060089,0.28987205028533936,0.001,0.09974321249166714,0.09974321249166714,1.0,1.0,True,0.0,1000,0,0.0,0.055,9.974321249166712,24.334357548000437,0.0,0.0,0.0,0.002,0.2569656368557499,0.05060201485354432,0.0,0.0
68,68000,42000068,zanon2019_stochastic,0,0,-77.80362831768454,1000,6207360.189743955,6207.360189743955,6202.665065211367,56.57608754516026,5.427672625055791,22.24628062844102,0.7947882480805385,2906.2151482677186,1850.9527435819696,3.8055996445704228,2.501947204216412,498,566,0,0.0,0.0,0.0,0,0,0,0,0,645,0,980,0.98,0.005730840224022209,0,0,0,0,0,0,0,0,0.06231760890883951,0.23057524672861263,0.03701296159586887,0.026840850975321004,0.0715668832359384,0.01416356997747064,0.3506172263640177,0.15942475327138794,0.1887996574386567,0.23052685299213332,0.35647852454717466,0.0,0.0,0.016,0,0.355,0.645,0.0,0.3,0.21354788541793823,-0.48793506622314453,0.46836522221565247,0.055,-0.18999318778514862,0.3264217674732208,0.002,0.08373763570580227,0.08373763570580227,1.0,1.0,True,0.0,1000,0,0.0,0.057,8.373763570580225,24.652487051312164,0.0,0.0,0.0,0.0,0.2324388129292582,0.05060201485354432,0.0,0.0
69,69000,42000069,zanon2019_stochastic,0,0,-175.65918119212347,1000,6228429.070059311,6228.429070059311,6226.658001951439,75.09389744001989,8.369372241849574,74.15765835421351,7.956170802508501,2897.085126388374,1861.099455684814,3.695722428928629,2.5494030846043354,527,619,0,0.0,0.0,0.0,0,0,0,0,0,698,0,982,0.982,0.004507181950716746,0,0,0,0,0,0,0,0,0.06417335534800983,0.2575363696352575,0.046244398051962,0.05575114851987677,0.17453263463550428,0.04508839100137666,0.32466520910630964,0.13246363036474307,0.18228390960061905,0.22105892452614279,0.3233103109174653,0.0,0.0,0.023,0,0.302,0.698,0.0,0.3,0.22900384664535522,-0.5810319781303406,0.46383798122406006,0.094,-0.14969711005687714,0.2983916103839874,0.0,0.09956648414590155,0.09956648414590154,0.9999999999999999,1.0000000000000002,True,0.0,1000,0,0.0,0.094,9.956648414590154,24.327436498839337,0.0,0.0,0.0,0.0,0.24738044129827036,0.05060201485354432,0.0,0.0
70,70000,42000070,zanon2019_stochastic,0,0,-139.03929726791037,1000,6223217.507272538,6223.217507272538,6218.849096022456,69.10621486933368,7.491262540388288,40.40661292027658,2.9445036510664027,2802.3988026881498,1834.118322136803,3.6245338177629702,2.4301169131635416,512,565,0,0.0,0.0,0.0,0,0,0,0,0,694,0,982,0.982,0.004821695210798386,0,0,0,0,0,0,0,0,0.07133131715540063,0.3010509626846307,0.04241965458056921,0.04985130702322868,0.13996487380013178,0.02659473501805183,0.34100037572423897,0.08894903731536985,0.15159419344326916,0.21870077308780828,0.3402263245860908,0.0,0.003,0.031,0,0.306,0.694,0.0,0.3,0.2188941091299057,-0.5016281604766846,0.49939438700675964,0.049,-0.16398391127586365,0.3032001852989197,0.002,0.09358849569768461,0.09358849569768461,1.0,1.0,True,0.0,1000,0,0.0,0.051,9.35884956976846,24.708149678029105,0.0,0.0,0.0,0.0,0.24625277123268455,0.05060201485354432,0.0,0.0
71,71000,42000071,zanon2019_stochastic,0,0,-147.6000076613566,1000,6223278.646746632,6223.278646746632,6222.680468877819,71.44523581385579,7.620234290806846,71.03886260043804,5.977204456880758,2992.243055519274,1726.4933268672148,3.7822928042757926,2.3145156255394244,521,585,0,0.0,0.0,0.0,0,0,0,0,0,631,0,991,0.991,0.005017656151774694,0,0,0,0,0,1,0,1,0.06414040638508998,0.22282926439959994,0.043445238423912576,0.05884249047182382,0.14875936915657206,0.038477520531323035,0.33075601418445755,0.16717073560040063,0.19013739495456466,0.2165332447881534,0.333802038376005,0.0,0.0,0.022,0,0.369,0.631,0.0,0.3,0.21819134056568146,-0.528678297996521,0.4751341938972473,0.053,-0.1410757154226303,0.3011302649974823,0.002,0.08923982664053487,0.08923982664053486,0.9999999999999999,1.0000000000000002,True,0.0,1000,0,0.0,0.055,8.923982664053487,23.530771695931616,0.0,0.0,0.0,0.001,0.2284919676997078,0.05060201485354432,0.0,0.0
72,72000,42000072,zanon2019_stochastic,0,0,-22.464833679083622,1000,6197486.354292536,6197.486354292536,6201.701386698064,62.79211150698198,6.110352919234026,26.06650162484683,1.0721411047393516,2913.325815007297,1774.5953566685434,3.7804215323347563,2.4087377582899685,513,564,0,0.0,0.0,0.0,0,0,0,0,0,642,0,976,0.976,0.004641233260735485,0,0,0,0,0,0,0,0,0.06399048178569977,0.21474332180999056,0.03987254701802591,0.031209287251482636,0.07577000850840676,0.016701935601297103,0.34504051595626173,0.17525667819001,0.21080087209138332,0.23978225827985986,0.348108272719859,0.0,0.0,0.006,0,0.358,0.642,0.0,0.3,0.21819055080413818,-0.544097900390625,0.4450995624065399,0.046,-0.15913181006908417,0.3115750551223755,0.001,0.08757560173123669,0.08757560173123669,1.0,1.0,True,0.0,1000,0,0.0,0.047,8.757560173123668,23.408986205289974,0.0,0.0,0.0,0.0,0.23159306038006883,0.05060201485354432,0.0,0.0
73,73000,42000073,zanon2019_stochastic,0,0,-121.93725402389695,1000,6221693.167641061,6221.693167641061,6209.616073994384,75.49401400175282,8.36235696659114,46.95189136661799,3.2847354535108844,2694.895931305333,1788.4516456166252,3.5235577855623914,2.3878723588954425,503,554,0,0.0,0.0,0.0,0,0,0,0,0,694,0,984,0.984,0.004372678024371873,0,0,0,0,0,1,0,1,0.06953936421143185,0.23104485635525407,0.04669446710726231,0.043642960595902835,0.11587872791843523,0.029265184823379625,0.3304727798840046,0.1589551436447465,0.17894024984439505,0.2191974893012228,0.3276984886966563,0.0,0.0,0.023,0,0.306,0.694,0.0,0.3,0.21665869653224945,-0.5229702591896057,0.46825745701789856,0.053,-0.15906654298305511,0.2940831184387207,0.003,0.09064143642344992,0.09064143642344992,1.0,1.0,True,0.0,1000,0,0.0,0.056,9.064143642344993,23.035319988589517,0.0,0.0,0.0,0.001,0.24625277123268455,0.05060201485354432,0.0,0.0
74,74000,42000074,zanon2019_stochastic,0,0,-450.53035712516254,1000,6284297.797114134,6284.297797114134,6287.1638470252465,75.51586875372573,8.563332663697732,122.10595927472704,22.425082253543664,2797.408096731696,1856.290259767401,3.6688998584410073,2.484618026858789,478,593,0,0.0,0.0,0.0,0,0,0,0,0,759,0,983,0.983,0.0063302374266376565,0,0,0,0,0,0,0,0,0.07387485976485396,0.2708736967122576,0.04673249139077267,0.09609797039930151,0.32135768297492007,0.0756248539940359,0.3341897705576685,0.11912630328774299,0.15841122985407938,0.21545970237256482,0.3330922987044662,0.0,0.0,0.033,0,0.241,0.759,0.0,0.3,0.22259576618671417,-0.450903981924057,0.5317366123199463,0.049,-0.19289785623550415,0.3234488070011139,0.0,0.1015969209926459,0.10159692099264592,1.0000000000000002,0.9999999999999999,True,0.0,1000,0,0.0,0.049,10.159692099264593,24.162125902805432,0.0,0.0,0.0,0.0,0.2645774097984541,0.05060201485354432,0.0,0.0
75,75000,42000075,zanon2019_stochastic,0,0,-7.635196976460219,1000,6197222.441268833,6197.222441268834,6214.505435744379,57.389952141128205,4.945888725374694,31.18565338791668,1.5036472797331553,2801.484977614312,1749.4770071398045,3.6479122171384923,2.349630291111334,509,597,0,0.0,0.0,0.0,0,0,0,0,0,698,0,978,0.978,0.005764755503714051,0,0,0,0,0,0,0,0,0.06376018745609045,0.1838357496912124,0.03530117361775107,0.038292363924933945,0.11620923773747194,0.01946435245107195,0.36021930506398386,0.20616425030878816,0.22757381793096024,0.2552555788725256,0.3596992384503679,0.0,0.0,0.0,0,0.302,0.698,0.0,0.3,0.20780853927135468,-0.4598209261894226,0.4833800792694092,0.048,-0.18639560043811798,0.3030152916908264,0.002,0.08632805964105845,0.08632805964105847,1.0000000000000002,0.9999999999999999,True,0.0,1000,0,0.0,0.05,8.632805964105847,22.841399190859875,0.0,0.0,0.0,0.0,0.24738044129827036,0.05060201485354432,0.0,0.0
76,76000,42000076,zanon2019_stochastic,0,0,-265.95026466179905,1000,6248478.009189821,6248.478009189821,6245.867181092106,88.59566581857388,11.247555954215564,115.17557080582085,17.25153074483251,2874.870444085331,1686.9290825115288,3.6894357400646856,2.2903615323702065,496,581,0,0.0,0.0,0.0,0,0,0,0,0,692,0,978,0.978,0.00532918667770004,0,0,0,0,0,0,0,0,0.07188098672928131,0.29992692768761486,0.052433454394140475,0.06762372227564253,0.2588301992637909,0.064937147539975,0.3119202169987069,0.0900730723123857,0.14321514115801062,0.1949552916848109,0.30973413622650803,0.0,0.003,0.056,0,0.308,0.692,0.0,0.3,0.22071519494056702,-0.5315077900886536,0.5008582472801208,0.066,-0.11574719101190567,0.28105396032333374,0.001,0.09706505393785389,0.09706505393785389,1.0,1.0,True,0.0,1000,0,0.0,0.067,9.706505393785388,23.71407681733462,0.0,0.0,0.0,0.0,0.24568893619989166,0.05060201485354432,0.0,0.0
77,77000,42000077,zanon2019_stochastic,0,0,-197.40373997127597,1000,6234672.767657446,6234.672767657446,6236.12440652793,86.65110416753103,10.8271459038168,67.7084089393862,5.319683129971529,2837.1190623977436,1714.786521204015,3.6585723826376904,2.373316620132051,547,599,0,0.0,0.0,0.0,0,0,0,0,0,664,0,988,0.988,0.00442205650993856,0,0,0,0,0,0,0,0,0.06946708895479183,0.2747716036383814,0.05128879613677219,0.027273682240176633,0.11909505098389417,0.03595078623349891,0.3123678174034475,0.11522839636161919,0.15503320376499208,0.19364335992844825,0.3116286374224799,0.0,0.0,0.059,0,0.336,0.664,0.0,0.3,0.22013860940933228,-0.5626596808433533,0.4474722146987915,0.064,-0.16434639692306519,0.2817133665084839,0.003,0.09449455250373356,0.09449455250373356,1.0,1.0,True,0.0,1000,0,0.0,0.067,9.449455250373358,23.517767816664563,0.0,0.0,0.0,0.0,0.23779524574079083,0.05060201485354432,0.0,0.0
78,78000,42000078,zanon2019_stochastic,0,0,-568.4726249465248,1000,6308072.417500751,6308.072417500751,6304.805445810032,73.3167277495153,8.008552948575932,163.81574458340117,37.67406713562734,2753.212496727047,1924.4523593253978,3.5678574184679417,2.633298562222,486,570,0,0.0,0.0,0.0,0,0,0,0,0,672,0,980,0.98,0.004190617842829855,0,0,0,0,0,0,0,0,0.06400119870287492,0.29230803581629416,0.04545138904086683,0.10551193473910726,0.3359758290372312,0.09858058437858648,0.3274768648401281,0.0976919641837064,0.17142763984227552,0.2262417970001481,0.32864337928051945,0.0,0.002,0.017,0,0.328,0.672,0.0,0.3,0.21120229363441467,-0.44434353709220886,0.5010741353034973,0.048,-0.17581966519355774,0.31682315468788147,0.001,0.09146888327136274,0.09146888327136274,1.0,1.0,True,0.0,1000,0,0.0,0.049,9.146888327136274,24.048829336207145,0.0,0.0,0.0,0.0,0.24005058587196249,0.05060201485354432,0.0,0.0
79,79000,42000079,zanon2019_stochastic,0,0,-325.0046968310939,1000,6256961.982221521,6256.961982221522,6247.108648550266,67.42521438735189,6.752179268533878,164.1909822518343,31.386384166609183,3008.181767724701,1743.2389396423875,3.8706032179141743,2.3330877021884517,469,593,0,0.0,0.0,0.0,0,0,0,0,0,688,0,990,0.99,0.0050369833180733325,0,0,0,0,0,0,0,0,0.06253869185907147,0.22353202182698695,0.041109169352953966,0.06739362571059096,0.25627339501801316,0.0886313496320585,0.3365504280698942,0.16646797817301362,0.20336219029062058,0.2400286487622097,0.33531021977969644,0.0,0.0,0.008,0,0.312,0.688,0.0,0.3,0.21139873564243317,-0.40875253081321716,0.5515956282615662,0.044,-0.11250931024551392,0.31344228982925415,0.0,0.09019100670643722,0.0901910067064372,0.9999999999999999,1.0000000000000002,True,0.0,1000,0,0.0,0.044,9.019100670643722,23.33138840017003,0.0,0.0,0.0,0.0,0.24456126613430582,0.05060201485354432,0.0,0.0
80,80000,42000080,zanon2019_stochastic,0,0,-207.60958649053592,1000,6237279.036589452,6237.2790365894525,6238.72125169174,71.37566408694883,7.639285850814712,98.29076377031956,13.925846155044619,2772.611807328774,1817.855271748182,3.573401153857973,2.476038924206802,513,593,0,0.0,0.0,0.0,0,0,0,0,0,635,0,985,0.985,0.004390583373839882,0,0,0,0,0,0,0,0,0.061668810039401646,0.2423103855627673,0.04404064448735849,0.10236667557819491,0.21373559280775822,0.059461804102728825,0.3280688590920517,0.14768961443723327,0.17601928282035734,0.21676931379048198,0.33039132707246033,0.0,0.0,0.029,0,0.365,0.635,0.0,0.3,0.21604213118553162,-0.5069198608398438,0.4606526494026184,0.042,-0.18565164506435394,0.30749914050102234,0.0,0.08737368964445678,0.08737368964445678,1.0,1.0,True,0.0,1000,0,0.0,0.042,8.737368964445679,22.90773917503045,0.0,0.0,0.0,0.0,0.22961963776529368,0.05060201485354432,0.0,0.0
81,81000,42000081,zanon2019_stochastic,0,0,-13.413755982504753,1000,6194070.579577866,6194.070579577866,6193.951961966375,65.99665437511814,6.484674462996133,46.4644296817309,2.7617855559651447,2883.22407313276,1910.9903614865605,3.82477507656904,2.5288749000491926,507,575,0,0.0,0.0,0.0,0,0,0,0,0,701,0,976,0.976,0.004840635306065599,0,0,0,0,0,0,0,0,0.0743750566028223,0.20595646909981014,0.04025366881549588,0.05131012735869529,0.0990275805226446,0.026269775214979748,0.3589988888829481,0.18404353090019043,0.2034261197486044,0.23649282695805418,0.35485037561465127,0.0,0.0,0.009,0,0.299,0.701,0.0,0.3,0.21736310422420502,-0.4349971115589142,0.5266399383544922,0.048,-0.211185023188591,0.31491702795028687,0.002,0.08999197614499548,0.08999197614499548,1.0,1.0,True,0.0,1000,0,0.0,0.05,8.999197614499549,22.32258673756205,0.0,0.0,0.0,0.0,0.24822619384745975,0.05060201485354432,0.0,0.0
82,82000,42000082,zanon2019_stochastic,0,0,-89.36439663926981,1000,6215740.96116622,6215.74096116622,6210.032084542043,72.06765243786762,7.837985632553812,45.5788259979168,3.2985218053373027,2641.624685843016,1834.6723377429805,3.4278198095500265,2.4825415623111424,503,583,0,0.0,0.0,0.0,0,0,0,0,0,710,0,984,0.984,0.004675035489419115,0,0,0,0,0,0,0,0,0.06696633379911669,0.24583924029409232,0.04419743405237382,0.04882555787588357,0.14583131288667772,0.02867177003142022,0.33200107922555844,0.14416075970590825,0.18269707925532017,0.2232283073074539,0.3327336183933838,0.0,0.0,0.018,0,0.29,0.71,0.0,0.3,0.22069430351257324,-0.4980989396572113,0.4949420392513275,0.049,-0.18610946834087372,0.3032977283000946,0.0,0.09377974551934423,0.09377974551934423,1.0,1.0,True,0.0,1000,0,0.0,0.049,9.377974551934424,23.559155102708594,0.0,0.0,0.0,0.0,0.2507634514950278,0.05060201485354432,0.0,0.0
83,83000,42000083,zanon2019_stochastic,0,0,35.48007832846627,1000,6188946.759183079,6188.946759183079,6185.105742114432,66.3210584639196,6.689192893172319,62.59002526807477,5.66215406075984,2812.112257270329,1676.5134041886545,3.6550901054612495,2.285432724070733,512,576,0,0.0,0.0,0.0,0,0,0,0,0,614,0,987,0.987,0.005871688678611353,0,0,0,0,0,0,0,0,0.06098764301853373,0.23612422139806455,0.041123295532589865,0.07110837889176586,0.1461852738242868,0.03783483914403344,0.3354186792012321,0.15387577860193602,0.21042376687032202,0.2363836906875564,0.33713282149887647,0.0,0.0,0.007,0,0.386,0.614,0.0,0.3,0.2142428606748581,-0.4881065785884857,0.47228118777275085,0.041,-0.21406406164169312,0.29978910088539124,0.003,0.0821513098288455,0.0821513098288455,1.0,1.0,True,0.0,1000,0,0.0,0.044,8.21513098288455,23.07480810948979,0.0,0.0,0.0,0.0,0.2236993699209681,0.05060201485354432,0.0,0.0
84,84000,42000084,zanon2019_stochastic,0,0,-418.6376854471771,1000,6281045.146265679,6281.045146265679,6280.48175112432,75.8089213658266,8.429318227034234,146.51772927519565,26.264155594893456,2655.1679909198,1817.1183730191958,3.4284625742313497,2.540482692488434,488,546,0,0.0,0.0,0.0,0,0,0,0,0,716,0,982,0.982,0.004809961107159742,0,0,0,0,0,0,0,0,0.06585881369202025,0.2412211187471449,0.046445627252914845,0.07043624449037099,0.24521181393715352,0.08198423127021492,0.3257974422925819,0.14877888125285565,0.1955357490668765,0.21762009543047717,0.32242224169432454,0.0,0.0,0.017,0,0.284,0.716,0.0,0.3,0.22321102023124695,-0.45758044719696045,0.5275083780288696,0.04,-0.21141178905963898,0.3152037560939789,0.002,0.09819480889540122,0.09819480889540122,1.0,1.0,True,0.0,1000,0,0.0,0.042,9.819480889540122,23.990714049510142,0.0,0.0,0.0,0.0,0.25245495659340655,0.05060201485354432,0.0,0.0
85,85000,42000085,zanon2019_stochastic,0,0,-567.821194497789,1000,6305517.576165073,6305.517576165073,6284.10576612398,81.97170545018804,9.49766980516772,192.28788856701405,44.54019824991444,2870.6379449338683,1980.6002766420756,3.6889716290483925,2.689785200166281,487,575,0,0.0,0.0,0.0,0,0,0,0,0,742,0,978,0.978,0.004925569677447923,0,0,0,0,0,2,0,2,0.06464555714591802,0.2690546108395111,0.048297310613758165,0.08698485954810886,0.34105620470143805,0.10459007817868665,0.31710091307289856,0.12094538916048947,0.1672641642832092,0.2132501235417914,0.31413182990387334,0.0,0.0,0.032,0,0.258,0.742,0.0,0.3,0.22408686578273773,-0.48393476009368896,0.5140126943588257,0.045,-0.18947012722492218,0.31129154562950134,0.004,0.10330989685478036,0.10330989685478036,1.0,1.0,True,0.0,1000,0,0.0,0.049,10.330989685478036,24.108812496630133,0.0,0.0,0.0,0.002,0.25978481201971443,0.05060201485354432,0.0,0.0
86,86000,42000086,zanon2019_stochastic,0,0,98.18489019509212,1000,6176300.873979296,6176.300873979296,6172.339492461456,55.533306940408664,5.081539168115286,41.47970932523333,2.6766212887743728,2830.035357764487,1761.9661046341603,3.6125769504243723,2.3890997734867288,542,608,0,0.0,0.0,0.0,0,0,0,0,0,623,0,978,0.978,0.004570441824898962,0,0,0,0,0,0,0,0,0.05761414837060042,0.24719842061481856,0.03560263414424784,0.03133939492106454,0.10769936777042233,0.025839134148497193,0.3480309135008209,0.142801579385182,0.2027140535688148,0.24063742767512383,0.35245989745898676,0.0,0.0,0.009,0,0.377,0.623,0.0,0.3,0.20270736515522003,-0.4887998700141907,0.44770321249961853,0.046,-0.17838791012763977,0.2800293266773224,0.003,0.07780870797065302,0.07780870797065303,1.0000000000000002,0.9999999999999998,True,0.0,1000,0,0.0,0.049,7.780870797065303,23.328312027697148,0.0,0.0,0.0,0.0,0.22623662756853619,0.05060201485354432,0.0,0.0
87,87000,42000087,zanon2019_stochastic,0,0,-238.23187478708334,1000,6246009.330621921,6246.009330621921,6233.456220617398,77.47635420354116,9.59478114395334,79.82121705384228,9.692090338508347,2693.8274325889815,1733.8905388419912,3.4895667538566,2.3088425641714996,526,578,0,0.0,0.0,0.0,0,0,0,0,0,663,0,986,0.986,0.004203446200146847,0,0,0,0,0,0,0,0,0.0745111359669234,0.3378361371902052,0.04837985573028476,0.0697729786475968,0.20848071734012308,0.048624568369616615,0.3262960733684054,0.05216386280979535,0.12535383537300443,0.19903278450179496,0.33087827413819326,0.0,0.008,0.052,0,0.337,0.663,0.0,0.3,0.22325558960437775,-0.5215504765510559,0.47727805376052856,0.052,-0.2146524041891098,0.30263522267341614,0.002,0.09519901329813402,0.09519901329813402,1.0,1.0,True,0.0,1000,0,0.0,0.054,9.519901329813404,24.57051507052713,0.0,0.0,0.0,0.0,0.23751332822439442,0.05060201485354432,0.0,0.0
88,88000,42000088,zanon2019_stochastic,0,0,-210.47984735579718,1000,6236667.536079384,6236.667536079384,6236.0636215443155,57.39114209781075,5.256008026186709,60.01306283912241,5.5558529028195185,2883.053628966965,1767.6423954028946,3.693449497128843,2.3988065128621834,523,569,0,0.0,0.0,0.0,0,0,0,0,0,631,0,988,0.988,0.004722731647929048,0,0,0,0,0,0,0,0,0.05547721099537575,0.226120261323274,0.03682749805264837,0.06699450767936588,0.18282786433285736,0.03786339697108481,0.34333233368678406,0.16387973867672656,0.19494841127605056,0.2476298890786282,0.34692354298746153,0.0,0.0,0.012,0,0.369,0.631,0.0,0.3,0.21741819381713867,-0.4863792657852173,0.48361870646476746,0.044,-0.2256321758031845,0.29779180884361267,0.003,0.08651330858525454,0.08651330858525454,1.0,1.0,True,0.0,1000,0,0.0,0.047,8.651330858525455,23.629389766366756,0.0,0.0,0.0,0.0,0.2284919676997078,0.05060201485354432,0.0,0.0
89,89000,42000089,zanon2019_stochastic,0,0,5.630786382101663,1000,6192112.569997851,6192.112569997851,6191.154178185792,68.69567406029961,7.188845055055494,39.668019655845356,2.377419383528194,2850.3438269644394,1880.8072158076743,3.72490803602412,2.499669165294406,519,561,0,0.0,0.0,0.0,0,0,0,0,0,706,0,981,0.981,0.005617347419327531,0,0,0,0,0,0,0,0,0.06817405764142019,0.24491184144626743,0.04250450303438859,0.037199528766968096,0.1221052755802674,0.024443212355368196,0.3394851727381518,0.14508815855373314,0.1913739730659926,0.22842853924873588,0.3387996073922839,0.0,0.0,0.014,0,0.294,0.706,0.0,0.3,0.21628189086914062,-0.49158787727355957,0.4893481731414795,0.048,-0.1999940425157547,0.30001235008239746,0.003,0.09037226481850442,0.09037226481850442,1.0,1.0,True,0.0,1000,0,0.0,0.051,9.037226481850443,23.43572534845375,0.0,0.0,0.0,0.0,0.24963578142944198,0.05060201485354432,0.0,0.0
90,90000,42000090,zanon2019_stochastic,0,0,-199.53915607787619,1000,6238069.366895953,6238.069366895953,6235.991677917047,73.88381152373742,7.947447722906765,38.19876069899705,2.5245384404162623,2693.152945374958,1707.827693445164,3.521845262543763,2.2646029656293525,539,593,0,0.0,0.0,0.0,0,0,0,0,0,685,0,981,0.981,0.00568174612769917,0,0,0,0,0,0,0,0,0.0617227566329363,0.24843713042773174,0.044691262387525264,0.04589998252198456,0.1128908023107087,0.02518835330583353,0.3255975282912644,0.14156286957226882,0.18338966071458146,0.23115647511009332,0.32308271207519645,0.0,0.0,0.017,0,0.315,0.685,0.0,0.3,0.22317665815353394,-0.5502287745475769,0.4597087502479553,0.054,-0.1990654021501541,0.2947728633880615,0.0,0.09632027851443814,0.09632027851443814,1.0,1.0,True,0.0,1000,0,0.0,0.054,9.632027851443814,23.85477573268199,0.0,0.0,0.0,0.0,0.24371551358511645,0.05060201485354432,0.0,0.0
91,91000,42000091,zanon2019_stochastic,0,0,-187.8863128903415,1000,6232631.668069432,6232.631668069432,6232.0345162189515,78.70574769197917,8.838956944296893,51.34192001245834,4.6675747878569505,2805.996233370695,1821.8933661112055,3.623621790194166,2.472098656741097,511,556,0,0.0,0.0,0.0,0,0,0,0,0,682,0,981,0.981,0.00519276246367424,0,0,0,0,0,0,0,0,0.06446699418033777,0.24370959220732047,0.046351509793030585,0.05819047739172404,0.160398060957057,0.033682864507368515,0.3214244370502638,0.1462904077926801,0.17914921108588502,0.22194450144558608,0.32053933666363577,0.0,0.0,0.021,0,0.318,0.682,0.0,0.3,0.22300204634666443,-0.5480222105979919,0.4552561938762665,0.055,-0.2148856520652771,0.29440343379974365,0.003,0.09482437741929363,0.09482437741929363,1.0,1.0,True,0.0,1000,0,0.0,0.058,9.482437741929362,23.443802639002435,0.0,0.0,0.0,0.0,0.24286976103592706,0.05060201485354432,0.0,0.0
92,92000,42000092,zanon2019_stochastic,0,0,-31.36825893333867,1000,6202085.784580402,6202.085784580402,6176.690834672383,82.66691874371298,9.936580313337018,94.80327957864779,13.062586019782582,2780.824380988555,1714.0632354408317,3.640276979230569,2.321036263866028,523,580,0,0.0,0.0,0.0,0,0,0,0,0,654,0,983,0.983,0.00575077905696231,0,0,0,0,0,0,0,0,0.0641447534961592,0.2819216258893462,0.049870592159003024,0.09112481282587262,0.21860286809869223,0.0571795368332882,0.3136210852753454,0.10807837411065435,0.141248998960578,0.20452195437709922,0.3167646832864417,0.0,0.0,0.041,0,0.346,0.654,0.0,0.3,0.21384112536907196,-0.536131739616394,0.45840343832969666,0.076,-0.1513146162033081,0.2719566524028778,0.001,0.08957310528446875,0.08957310528446874,0.9999999999999999,1.0000000000000002,True,0.0,1000,0,0.0,0.077,8.957310528446875,25.16761785678091,0.0,0.0,0.0,0.0,0.23497607057682632,0.05060201485354432,0.0,0.0
93,93000,42000093,zanon2019_stochastic,0,0,-87.97206553546185,1000,6208791.584101134,6208.791584101134,6228.275982098224,64.83805295530837,6.674095608640738,91.37442219375836,12.666796577506245,2982.9442194346243,1888.959582373432,3.8262406099944495,2.54588390529618,488,603,0,0.0,0.0,0.0,0,0,0,0,0,681,0,984,0.984,0.005258487069247361,0,0,0,0,0,0,0,0,0.06559886601101426,0.23738092327705118,0.040455141573874476,0.09566310833743695,0.22586015471616605,0.05573280629304531,0.3413543184572662,0.1526190767229494,0.1807859939638374,0.23270647289037055,0.34623078121428463,0.0,0.0,0.02,0,0.319,0.681,0.0,0.3,0.2196332961320877,-0.46458855271339417,0.5046280026435852,0.042,-0.23089644312858582,0.3075227439403534,0.006,0.08915833115838787,0.08915833115838788,1.0000000000000002,0.9999999999999999,True,0.0,1000,0,0.0,0.048,8.915833115838788,22.947751304067925,0.0,0.0,0.0,0.0,0.2425878435195306,0.05060201485354432,0.0,0.0
94,94000,42000094,zanon2019_stochastic,0,0,110.93416638755501,1000,6174895.488104945,6174.895488104945,6190.034160987514,69.39293987397326,7.477623955248069,44.2505888211127,2.81592024781822,2729.109487566161,1843.1848658448293,3.481334643914503,2.4864507943012493,505,569,0,0.0,0.0,0.0,0,0,0,0,0,688,0,981,0.981,0.004354961486447349,0,0,0,0,0,0,0,0,0.06841452282782938,0.2676874245381775,0.043967974438902706,0.04911344843191855,0.11884738489977309,0.026981421306761868,0.3370045967381958,0.12231257546182306,0.1797998196173441,0.22276382957404994,0.3370609814648571,0.0,0.0,0.02,0,0.312,0.688,0.0,0.3,0.21400678157806396,-0.53166663646698,0.45737424492836,0.048,-0.1673937439918518,0.2841065227985382,0.0,0.0888048890832054,0.08880488908320541,1.0000000000000002,0.9999999999999999,True,0.0,1000,0,0.0,0.048,8.880488908320538,22.962292835430517,0.0,0.0,0.0,0.0,0.24456126613430582,0.05060201485354432,0.0,0.0
95,95000,42000095,zanon2019_stochastic,0,0,-267.7632534806075,1000,6249342.6490781745,6249.342649078175,6251.066962534309,80.16389795084113,10.080404305146718,59.662059695614076,6.166319852686584,2754.081033261494,1769.9791237521526,3.640934953547751,2.3506099658821684,534,568,0,0.0,0.0,0.0,0,0,0,0,0,713,0,977,0.977,0.00509054868687673,0,0,0,0,0,0,0,0,0.07701725358207605,0.37509848128619794,0.049756398500438136,0.05608159720571884,0.20203307573321183,0.038915533260727934,0.3254251767140008,0.01490151871380263,0.09062124890667306,0.21269051752696946,0.32761320601441923,0.003,0.013,0.033,0,0.287,0.713,0.0,0.3,0.229934424161911,-0.5440748333930969,0.4881688952445984,0.075,-0.23612719774246216,0.2994984984397888,0.001,0.10423071833240068,0.10423071833240069,1.0000000000000002,0.9999999999999999,True,0.0,1000,0,0.0,0.076,10.42307183324007,25.891367430470783,0.0,0.0,0.0,0.0,0.25153921775588706,0.05060201485354432,0.0,0.0
96,96000,42000096,zanon2019_stochastic,0,0,-255.82952871109265,1000,6248580.654827103,6248.580654827103,6246.2854910703845,83.40018568705558,9.658495567870194,106.43402283978733,15.062238318206987,2740.9851094733403,1816.8543826619975,3.4887538668632945,2.4335088344855733,533,564,0,0.0,0.0,0.0,0,0,0,0,0,775,0,976,0.976,0.005190134049760022,0,0,0,0,0,0,0,0,0.06595474749803569,0.2675335106484553,0.0490851363085505,0.0630713236687245,0.21573614986640166,0.061297112428264924,0.31708691309915216,0.12246648935154525,0.1803115738026367,0.21703610903723672,0.31423921728956294,0.0,0.0,0.024,0,0.225,0.775,0.0,0.3,0.2276712954044342,-0.5896406769752502,0.4459834694862366,0.054,-0.17344409227371216,0.2825075089931488,0.002,0.10738477152788985,0.10738477152788985,1.0,1.0,True,0.0,1000,0,0.0,0.056,10.738477152788986,24.150828179602044,0.0,0.0,0.0,0.0,0.2690880900607974,0.05060201485354432,0.0,0.0
97,97000,42000097,zanon2019_stochastic,0,0,105.39830954568846,1000,6170448.906604646,6170.448906604645,6181.126904843318,66.56039460058568,6.930698042004998,51.437105126408056,3.457317088888902,2992.938744308933,1691.1079231948506,3.911330808253701,2.3142437535185056,510,588,0,0.0,0.0,0.0,0,0,0,0,0,616,0,983,0.983,0.005552826356881264,0,0,0,0,0,0,0,0,0.06297295945127025,0.2743064523336223,0.041104725223757785,0.028875854038554086,0.10348152012374356,0.02903172670304513,0.33549335507744826,0.1156935476663783,0.18818510913755965,0.23233109370381994,0.3405738763168493,0.0,0.0,0.018,0,0.384,0.616,0.0,0.3,0.21467922627925873,-0.5443597435951233,0.4451253116130829,0.071,-0.1794634312391281,0.27705803513526917,0.002,0.08376488670584278,0.08376488670584278,1.0,1.0,True,0.0,1000,0,0.0,0.073,8.376488670584278,24.592745458265032,0.0,0.0,0.0,0.0,0.22426320495376104,0.05060201485354432,0.0,0.0
98,98000,42000098,zanon2019_stochastic,0,0,-284.0046992998565,1000,6254597.343477134,6254.597343477134,6252.31506131889,93.22864442847558,12.424613243179442,95.32841943206077,12.575235385824383,2635.7174447089706,1780.3959016547076,3.462086402204563,2.4229076923923443,550,559,0,0.0,0.0,0.0,0,0,0,0,0,714,0,985,0.985,0.005117411708396154,0,0,0,0,0,0,0,0,0.07160919405027795,0.29957398443684014,0.05542398267031174,0.06914146863755365,0.23561120375619282,0.055758919877987215,0.3044721399466179,0.09042601556316043,0.13602534765229118,0.18765861794851285,0.3033558658943054,0.0,0.001,0.08,0,0.286,0.714,0.0,0.3,0.23445729911327362,-0.6338623762130737,0.4311674237251282,0.073,-0.18118219077587128,0.28221094608306885,0.0,0.11072087356541019,0.11072087356541019,1.0,1.0,True,0.0,1000,0,0.0,0.073,11.072087356541017,24.687185089672838,0.0,0.0,0.0,0.0,0.25189112156061366,0.05060201485354432,0.0,0.0
99,99000,42000099,zanon2019_stochastic,0,0,-201.5704104056106,1000,6237686.685656757,6237.686685656757,6248.170020732998,87.84365536507566,10.570387720832159,100.59653621919196,14.090227716682708,2724.3576955595245,1811.8467968823775,3.5142664558740613,2.392288080494361,533,580,0,0.0,0.0,0.0,0,0,0,0,0,757,0,984,0.984,0.005365545999713942,0,0,0,0,0,0,0,0,0.06488361441670083,0.2391261791658188,0.05086984089899796,0.08442628394908572,0.22526076471992695,0.05873188321619615,0.3102060682788549,0.15087382083418177,0.17459253742777378,0.2083561251960086,0.30459282046996705,0.0,0.0,0.035,0,0.243,0.757,0.0,0.3,0.23263019323349,-0.5999780297279358,0.45739245414733887,0.084,-0.20328637957572937,0.2758859395980835,0.0,0.10906723499628058,0.1090672349962806,1.0000000000000002,0.9999999999999999,True,0.0,1000,0,0.0,0.084,10.906723499628061,25.249038568772214,0.0,0.0,0.0,0.0,0.26401357476566123,0.05060201485354432,0.0,0.0
100,100000,42000100,zanon2019_stochastic,0,0,-78.74201360464396,1000,6214047.835833795,6214.047835833795,6233.486655690673,71.38057698876688,7.655733757092028,35.47179488054709,2.1208953095616336,2749.680455499787,1743.4419253026892,3.4933809848418145,2.318392467046624,521,574,0,0.0,0.0,0.0,0,0,0,0,0,701,0,980,0.98,0.005679309504670454,0,0,0,0,0,1,0,1,0.06876356959214205,0.2069628997142594,0.04484947708095462,0.040610656395526176,0.10757859838865613,0.023606064465984747,0.33579468949399804,0.18303710028574116,0.1987235589135667,0.22526202182505592,0.335751329591675,0.0,0.0,0.013,0,0.299,0.701,0.0,0.3,0.2171914428472519,-0.5588279962539673,0.43110960721969604,0.043,-0.1976393163204193,0.2778794467449188,0.0,0.09415524730536626,0.09415524730536626,1.0,1.0,True,0.0,1000,0,0.0,0.043,9.415524730536626,23.413645225069335,0.0,0.0,0.0,0.001,0.24822619384745975,0.05060201485354432,0.0,0.0
